date,nav
2013-01-04 00:00:00,1000000.0
2013-01-07 00:00:00,1000000.0
2013-01-08 00:00:00,1000000.0
2013-01-09 00:00:00,1000000.0
2013-01-10 00:00:00,1000000.0
2013-01-11 00:00:00,1000000.0
2013-01-14 00:00:00,1000000.0
2013-01-15 00:00:00,1000000.0
2013-01-16 00:00:00,1000000.0
2013-01-17 00:00:00,1000000.0
2013-01-18 00:00:00,1000000.0
2013-01-21 00:00:00,1000000.0
2013-01-22 00:00:00,1000000.0
2013-01-23 00:00:00,1000000.0
2013-01-24 00:00:00,1000000.0
2013-01-25 00:00:00,1000000.0
2013-01-28 00:00:00,1000000.0
2013-01-29 00:00:00,1000000.0
2013-01-30 00:00:00,1000000.0
2013-01-31 00:00:00,1000000.0
2013-02-01 00:00:00,1000000.0
2013-02-04 00:00:00,1000000.0
2013-02-05 00:00:00,1000000.0
2013-02-06 00:00:00,1000000.0
2013-02-07 00:00:00,1000000.0
2013-02-08 00:00:00,1000000.0
2013-02-18 00:00:00,1000000.0
2013-02-19 00:00:00,1000000.0
2013-02-20 00:00:00,1000000.0
2013-02-21 00:00:00,1000000.0
2013-02-22 00:00:00,1000000.0
2013-02-25 00:00:00,1000000.0
2013-02-26 00:00:00,1000000.0
2013-02-27 00:00:00,1000000.0
2013-02-28 00:00:00,1000000.0
2013-03-01 00:00:00,1000000.0
2013-03-04 00:00:00,1000000.0
2013-03-05 00:00:00,1000000.0
2013-03-06 00:00:00,1000000.0
2013-03-07 00:00:00,1000000.0
2013-03-08 00:00:00,1000000.0
2013-03-11 00:00:00,1000000.0
2013-03-12 00:00:00,1000000.0
2013-03-13 00:00:00,1000000.0
2013-03-14 00:00:00,1000000.0
2013-03-15 00:00:00,1000000.0
2013-03-18 00:00:00,1000000.0
2013-03-19 00:00:00,1000000.0
2013-03-20 00:00:00,1000000.0
2013-03-21 00:00:00,1000000.0
2013-03-22 00:00:00,1000000.0
2013-03-25 00:00:00,1000000.0
2013-03-26 00:00:00,1000000.0
2013-03-27 00:00:00,1000000.0
2013-03-28 00:00:00,1000000.0
2013-03-29 00:00:00,1000000.0
2013-04-01 00:00:00,1000000.0
2013-04-02 00:00:00,1000000.0
2013-04-03 00:00:00,1000000.0
2013-04-08 00:00:00,1000000.0
2013-04-09 00:00:00,1000000.0
2013-04-10 00:00:00,1000000.0
2013-04-11 00:00:00,1000000.0
2013-04-12 00:00:00,1000000.0
2013-04-15 00:00:00,1000000.0
2013-04-16 00:00:00,1000000.0
2013-04-17 00:00:00,1000000.0
2013-04-18 00:00:00,1000000.0
2013-04-19 00:00:00,1000000.0
2013-04-22 00:00:00,1000000.0
2013-04-23 00:00:00,1000000.0
2013-04-24 00:00:00,1000000.0
2013-04-25 00:00:00,1000000.0
2013-04-26 00:00:00,1000000.0
2013-05-02 00:00:00,1000000.0
2013-05-03 00:00:00,1000000.0
2013-05-06 00:00:00,1000000.0
2013-05-07 00:00:00,1000000.0
2013-05-08 00:00:00,1000000.0
2013-05-09 00:00:00,1000000.0
2013-05-10 00:00:00,1000000.0
2013-05-13 00:00:00,1000000.0
2013-05-14 00:00:00,1000000.0
2013-05-15 00:00:00,1000000.0
2013-05-16 00:00:00,1000000.0
2013-05-17 00:00:00,1000000.0
2013-05-20 00:00:00,1000000.0
2013-05-21 00:00:00,1000000.0
2013-05-22 00:00:00,1000000.0
2013-05-23 00:00:00,1000000.0
2013-05-24 00:00:00,1000000.0
2013-05-27 00:00:00,1000000.0
2013-05-28 00:00:00,1000000.0
2013-05-29 00:00:00,1000000.0
2013-05-30 00:00:00,1000000.0
2013-05-31 00:00:00,1000000.0
2013-06-03 00:00:00,1000000.0
2013-06-04 00:00:00,1000000.0
2013-06-05 00:00:00,1000000.0
2013-06-06 00:00:00,1000000.0
2013-06-07 00:00:00,1000000.0
2013-06-13 00:00:00,1000000.0
2013-06-14 00:00:00,1000000.0
2013-06-17 00:00:00,1000000.0
2013-06-18 00:00:00,1000000.0
2013-06-19 00:00:00,1000000.0
2013-06-20 00:00:00,1000000.0
2013-06-21 00:00:00,1000000.0
2013-06-24 00:00:00,1000000.0
2013-06-25 00:00:00,1000000.0
2013-06-26 00:00:00,1000000.0
2013-06-27 00:00:00,1000000.0
2013-06-28 00:00:00,1000000.0
2013-07-01 00:00:00,1000000.0
2013-07-02 00:00:00,1000000.0
2013-07-03 00:00:00,1000000.0
2013-07-04 00:00:00,1000000.0
2013-07-05 00:00:00,1000000.0
2013-07-08 00:00:00,1000000.0
2013-07-09 00:00:00,1000000.0
2013-07-10 00:00:00,1000000.0
2013-07-11 00:00:00,1000000.0
2013-07-12 00:00:00,1000000.0
2013-07-15 00:00:00,1000000.0
2013-07-16 00:00:00,1000000.0
2013-07-17 00:00:00,1000000.0
2013-07-18 00:00:00,1000000.0
2013-07-19 00:00:00,1000000.0
2013-07-22 00:00:00,1000000.0
2013-07-23 00:00:00,1000000.0
2013-07-24 00:00:00,1000000.0
2013-07-25 00:00:00,1000000.0
2013-07-26 00:00:00,1000000.0
2013-07-29 00:00:00,1000000.0
2013-07-30 00:00:00,1000000.0
2013-07-31 00:00:00,1000000.0
2013-08-01 00:00:00,1000000.0
2013-08-02 00:00:00,1000000.0
2013-08-05 00:00:00,1000000.0
2013-08-06 00:00:00,1000000.0
2013-08-07 00:00:00,1000000.0
2013-08-08 00:00:00,1000000.0
2013-08-09 00:00:00,1000000.0
2013-08-12 00:00:00,1000000.0
2013-08-13 00:00:00,1000000.0
2013-08-14 00:00:00,1000000.0
2013-08-15 00:00:00,1000000.0
2013-08-16 00:00:00,1000000.0
2013-08-19 00:00:00,1000000.0
2013-08-20 00:00:00,1000000.0
2013-08-21 00:00:00,1000000.0
2013-08-22 00:00:00,1000000.0
2013-08-23 00:00:00,1000000.0
2013-08-26 00:00:00,1000000.0
2013-08-27 00:00:00,1000000.0
2013-08-28 00:00:00,1000000.0
2013-08-29 00:00:00,1000000.0
2013-08-30 00:00:00,1000000.0
2013-09-02 00:00:00,1000000.0
2013-09-03 00:00:00,1000000.0
2013-09-04 00:00:00,1000000.0
2013-09-05 00:00:00,1000000.0
2013-09-06 00:00:00,1000000.0
2013-09-09 00:00:00,1000000.0
2013-09-10 00:00:00,1000000.0
2013-09-11 00:00:00,1000000.0
2013-09-12 00:00:00,1000000.0
2013-09-13 00:00:00,1000000.0
2013-09-16 00:00:00,1000000.0
2013-09-17 00:00:00,1000000.0
2013-09-18 00:00:00,1000000.0
2013-09-23 00:00:00,1000000.0
2013-09-24 00:00:00,1000000.0
2013-09-25 00:00:00,1000000.0
2013-09-26 00:00:00,1000000.0
2013-09-27 00:00:00,1000000.0
2013-09-30 00:00:00,1000000.0
2013-10-08 00:00:00,1000000.0
2013-10-09 00:00:00,1000000.0
2013-10-10 00:00:00,1000000.0
2013-10-11 00:00:00,1000000.0
2013-10-14 00:00:00,1000000.0
2013-10-15 00:00:00,1000000.0
2013-10-16 00:00:00,1000000.0
2013-10-17 00:00:00,1000000.0
2013-10-18 00:00:00,1000000.0
2013-10-21 00:00:00,1000000.0
2013-10-22 00:00:00,1000000.0
2013-10-23 00:00:00,1000000.0
2013-10-24 00:00:00,1000000.0
2013-10-25 00:00:00,1000000.0
2013-10-28 00:00:00,1000000.0
2013-10-29 00:00:00,1000000.0
2013-10-30 00:00:00,1000000.0
2013-10-31 00:00:00,1000000.0
2013-11-01 00:00:00,1000000.0
2013-11-04 00:00:00,1000000.0
2013-11-05 00:00:00,1000000.0
2013-11-06 00:00:00,1000000.0
2013-11-07 00:00:00,1000000.0
2013-11-08 00:00:00,1000000.0
2013-11-11 00:00:00,1000000.0
2013-11-12 00:00:00,1000000.0
2013-11-13 00:00:00,1000000.0
2013-11-14 00:00:00,1000000.0
2013-11-15 00:00:00,1000000.0
2013-11-18 00:00:00,1000000.0
2013-11-19 00:00:00,1000000.0
2013-11-20 00:00:00,1000000.0
2013-11-21 00:00:00,1000000.0
2013-11-22 00:00:00,1000000.0
2013-11-25 00:00:00,1000000.0
2013-11-26 00:00:00,1000000.0
2013-11-27 00:00:00,1000000.0
2013-11-28 00:00:00,1000000.0
2013-11-29 00:00:00,1000000.0
2013-12-02 00:00:00,1000000.0
2013-12-03 00:00:00,1000000.0
2013-12-04 00:00:00,1000000.0
2013-12-05 00:00:00,1000000.0
2013-12-06 00:00:00,1000000.0
2013-12-09 00:00:00,1000000.0
2013-12-10 00:00:00,1000000.0
2013-12-11 00:00:00,1000000.0
2013-12-12 00:00:00,1000000.0
2013-12-13 00:00:00,1000000.0
2013-12-16 00:00:00,1000000.0
2013-12-17 00:00:00,1000000.0
2013-12-18 00:00:00,1000000.0
2013-12-19 00:00:00,1000000.0
2013-12-20 00:00:00,1000000.0
2013-12-23 00:00:00,1000000.0
2013-12-24 00:00:00,1000000.0
2013-12-25 00:00:00,1000000.0
2013-12-26 00:00:00,1000000.0
2013-12-27 00:00:00,1000000.0
2013-12-30 00:00:00,1000000.0
2013-12-31 00:00:00,1000000.0
2014-01-02 00:00:00,1000000.0
2014-01-03 00:00:00,1000000.0
2014-01-06 00:00:00,1000000.0
2014-01-07 00:00:00,1000000.0
2014-01-08 00:00:00,1000000.0
2014-01-09 00:00:00,1000000.0
2014-01-10 00:00:00,1000000.0
2014-01-13 00:00:00,1000000.0
2014-01-14 00:00:00,1000000.0
2014-01-15 00:00:00,1000000.0
2014-01-16 00:00:00,1000000.0
2014-01-17 00:00:00,1000000.0
2014-01-20 00:00:00,1000000.0
2014-01-21 00:00:00,1000000.0
2014-01-22 00:00:00,1000000.0
2014-01-23 00:00:00,1000000.0
2014-01-24 00:00:00,1000000.0
2014-01-27 00:00:00,1000000.0
2014-01-28 00:00:00,1000000.0
2014-01-29 00:00:00,1000000.0
2014-01-30 00:00:00,1000000.0
2014-02-07 00:00:00,1000000.0
2014-02-10 00:00:00,1000000.0
2014-02-11 00:00:00,1000000.0
2014-02-12 00:00:00,1000000.0
2014-02-13 00:00:00,1000000.0
2014-02-14 00:00:00,1000000.0
2014-02-17 00:00:00,1000000.0
2014-02-18 00:00:00,1000000.0
2014-02-19 00:00:00,1000000.0
2014-02-20 00:00:00,1000000.0
2014-02-21 00:00:00,1000000.0
2014-02-24 00:00:00,1000000.0
2014-02-25 00:00:00,1000000.0
2014-02-26 00:00:00,1000000.0
2014-02-27 00:00:00,1000000.0
2014-02-28 00:00:00,1000000.0
2014-03-03 00:00:00,1000000.0
2014-03-04 00:00:00,1000000.0
2014-03-05 00:00:00,1000000.0
2014-03-06 00:00:00,1000000.0
2014-03-07 00:00:00,1000000.0
2014-03-10 00:00:00,1000000.0
2014-03-11 00:00:00,1000000.0
2014-03-12 00:00:00,1000000.0
2014-03-13 00:00:00,1000000.0
2014-03-14 00:00:00,1000000.0
2014-03-17 00:00:00,1000000.0
2014-03-18 00:00:00,1000000.0
2014-03-19 00:00:00,1000000.0
2014-03-20 00:00:00,1000000.0
2014-03-21 00:00:00,1000000.0
2014-03-24 00:00:00,1000000.0
2014-03-25 00:00:00,1000000.0
2014-03-26 00:00:00,1000000.0
2014-03-27 00:00:00,1000000.0
2014-03-28 00:00:00,1000000.0
2014-03-31 00:00:00,1000000.0
2014-04-01 00:00:00,1000000.0
2014-04-02 00:00:00,1000000.0
2014-04-03 00:00:00,1000000.0
2014-04-04 00:00:00,1000000.0
2014-04-08 00:00:00,1000000.0
2014-04-09 00:00:00,999940.8254600001
2014-04-10 00:00:00,999536.91546
2014-04-11 00:00:00,998325.27546
2014-04-14 00:00:00,998699.98546
2014-04-15 00:00:00,997866.49546
2014-04-16 00:00:00,998320.71562
2014-04-17 00:00:00,998395.29562
2014-04-18 00:00:00,997921.90562
2014-04-21 00:00:00,996772.40562
2014-04-22 00:00:00,996668.66562
2014-04-23 00:00:00,996947.05562
2014-04-24 00:00:00,995752.57562
2014-04-25 00:00:00,993791.28562
2014-04-28 00:00:00,989930.6677100001
2014-04-29 00:00:00,990715.0577100001
2014-04-30 00:00:00,990939.02771
2014-05-05 00:00:00,991791.4677100001
2014-05-06 00:00:00,991974.88771
2014-05-07 00:00:00,990722.01771
2014-05-08 00:00:00,990692.75771
2014-05-09 00:00:00,990374.4677100001
2014-05-12 00:00:00,992827.5243000002
2014-05-13 00:00:00,992904.9443000001
2014-05-14 00:00:00,992209.5843000002
2014-05-15 00:00:00,990156.4758600001
2014-05-16 00:00:00,989512.7058600001
2014-05-19 00:00:00,988450.2658600002
2014-05-20 00:00:00,989521.6658600001
2014-05-21 00:00:00,991194.5758600002
2014-05-22 00:00:00,990115.6773600001
2014-05-23 00:00:00,995058.4722600002
2014-05-26 00:00:00,999307.9970600002
2014-05-27 00:00:00,996642.73706
2014-05-28 00:00:00,1000451.8670600001
2014-05-29 00:00:00,994396.9470600002
2014-05-30 00:00:00,995478.4870600002
2014-06-03 00:00:00,995639.73706
2014-06-04 00:00:00,992805.48706
2014-06-05 00:00:00,1001736.9570599999
2014-06-06 00:00:00,1000931.1370600003
2014-06-09 00:00:00,1000370.3970600001
2014-06-10 00:00:00,1005484.0687199999
2014-06-11 00:00:00,1007058.3787200002
2014-06-12 00:00:00,1002365.98872
2014-06-13 00:00:00,1010839.2887200001
2014-06-16 00:00:00,1012961.4987200003
2014-06-17 00:00:00,1007157.7087200002
2014-06-18 00:00:00,1006931.17872
2014-06-19 00:00:00,988793.2581399999
2014-06-20 00:00:00,996487.62814
2014-06-23 00:00:00,1000625.79814
2014-06-24 00:00:00,1006298.9881400003
2014-06-25 00:00:00,1006966.8281399998
2014-06-26 00:00:00,1017132.7388
2014-06-27 00:00:00,1024391.7188
2014-06-30 00:00:00,1028124.7287999999
2014-07-01 00:00:00,1033164.1988000001
2014-07-02 00:00:00,1035342.0288000001
2014-07-03 00:00:00,1042185.9048000003
2014-07-04 00:00:00,1040169.69
2014-07-07 00:00:00,1035014.0269600003
2014-07-08 00:00:00,1038749.9369600001
2014-07-09 00:00:00,1022737.3669599999
2014-07-10 00:00:00,1026161.62696
2014-07-11 00:00:00,1036382.7969600002
2014-07-14 00:00:00,1049279.5369600002
2014-07-15 00:00:00,1051916.95696
2014-07-16 00:00:00,1048749.59696
2014-07-17 00:00:00,1041308.98478
2014-07-18 00:00:00,1049473.20478
2014-07-21 00:00:00,1045958.7647799999
2014-07-22 00:00:00,1053806.9547800003
2014-07-23 00:00:00,1050767.7247800003
2014-07-24 00:00:00,1052040.0547800004
2014-07-25 00:00:00,1060034.16478
2014-07-28 00:00:00,1072524.99248
2014-07-29 00:00:00,1082580.94248
2014-07-30 00:00:00,1087053.8047999998
2014-07-31 00:00:00,1097803.3548000003
2014-08-01 00:00:00,1090877.8839600002
2014-08-04 00:00:00,1103380.1801999998
2014-08-05 00:00:00,1106445.61678
2014-08-06 00:00:00,1110685.1894799997
2014-08-07 00:00:00,1098743.1915600002
2014-08-08 00:00:00,1103373.67156
2014-08-11 00:00:00,1114627.3915600001
2014-08-12 00:00:00,1122903.6555599999
2014-08-13 00:00:00,1128336.17156
2014-08-14 00:00:00,1122527.14156
2014-08-15 00:00:00,1133445.2615600002
2014-08-18 00:00:00,1148676.3715599999
2014-08-19 00:00:00,1160902.95156
2014-08-20 00:00:00,1164150.81156
2014-08-21 00:00:00,1167342.2015600002
2014-08-22 00:00:00,1180203.55156
2014-08-25 00:00:00,1175599.97156
2014-08-26 00:00:00,1143183.23156
2014-08-27 00:00:00,1148847.88156
2014-08-28 00:00:00,1148624.57156
2014-08-29 00:00:00,1163621.53156
2014-09-01 00:00:00,1182553.36156
2014-09-02 00:00:00,1199077.8715599999
2014-09-03 00:00:00,1209798.63156
2014-09-04 00:00:00,1214938.58156
2014-09-05 00:00:00,1217855.3815600001
2014-09-09 00:00:00,1223456.5915599999
2014-09-10 00:00:00,1232874.26156
2014-09-11 00:00:00,1237396.1815599997
2014-09-12 00:00:00,1250848.95156
2014-09-15 00:00:00,1264187.75156
2014-09-16 00:00:00,1222422.0115599998
2014-09-17 00:00:00,1232510.94156
2014-09-18 00:00:00,1240665.4815600002
2014-09-19 00:00:00,1263365.6015599996
2014-09-22 00:00:00,1250713.5815599998
2014-09-23 00:00:00,1274076.68156
2014-09-24 00:00:00,1288848.1115599999
2014-09-25 00:00:00,1287197.3015600003
2014-09-26 00:00:00,1297853.3035700005
2014-09-29 00:00:00,1319483.5257600003
2014-09-30 00:00:00,1327127.1257599995
2014-10-08 00:00:00,1341489.2057599998
2014-10-09 00:00:00,1355350.9657599996
2014-10-10 00:00:00,1351268.7640400003
2014-10-13 00:00:00,1357647.2140400005
2014-10-14 00:00:00,1351916.04404
2014-10-15 00:00:00,1352420.29404
2014-10-16 00:00:00,1328920.0740400003
2014-10-17 00:00:00,1316033.69404
2014-10-20 00:00:00,1332472.30404
2014-10-21 00:00:00,1327918.8240400003
2014-10-22 00:00:00,1313142.67404
2014-10-23 00:00:00,1286328.92404
2014-10-24 00:00:00,1289078.0340399996
2014-10-27 00:00:00,1291410.0640400003
2014-10-28 00:00:00,1321350.1840400004
2014-10-29 00:00:00,1341174.3840400001
2014-10-30 00:00:00,1342929.1940400004
2014-10-31 00:00:00,1349123.5240399998
2014-11-03 00:00:00,1362426.7740400003
2014-11-04 00:00:00,1353721.25404
2014-11-05 00:00:00,1345753.4540400002
2014-11-06 00:00:00,1354092.21404
2014-11-07 00:00:00,1339617.31404
2014-11-10 00:00:00,1351741.7140400002
2014-11-11 00:00:00,1310577.7140399995
2014-11-12 00:00:00,1332454.2240399998
2014-11-13 00:00:00,1317312.65404
2014-11-14 00:00:00,1313043.9040400002
2014-11-17 00:00:00,1327584.4240400002
2014-11-18 00:00:00,1329408.25404
2014-11-19 00:00:00,1334677.48404
2014-11-20 00:00:00,1335015.7640400003
2014-11-21 00:00:00,1351706.2440400005
2014-11-24 00:00:00,1365794.0240399998
2014-11-25 00:00:00,1376785.9240400002
2014-11-26 00:00:00,1385031.73404
2014-11-27 00:00:00,1392095.8540400001
2014-11-28 00:00:00,1393790.22404
2014-12-01 00:00:00,1391959.22404
2014-12-02 00:00:00,1406760.6540400002
2014-12-03 00:00:00,1425339.9440400004
2014-12-04 00:00:00,1443798.1140400001
2014-12-05 00:00:00,1401822.59404
2014-12-08 00:00:00,1421342.78404
2014-12-09 00:00:00,1361436.22404
2014-12-10 00:00:00,1404741.34404
2014-12-11 00:00:00,1436426.95404
2014-12-12 00:00:00,1460356.3540399997
2014-12-15 00:00:00,1468281.28404
2014-12-16 00:00:00,1462412.2340399998
2014-12-17 00:00:00,1443466.72404
2014-12-18 00:00:00,1441514.2640400003
2014-12-19 00:00:00,1433377.52404
2014-12-22 00:00:00,1386333.31404
2014-12-23 00:00:00,1363920.6140399997
2014-12-24 00:00:00,1380009.66404
2014-12-25 00:00:00,1409659.2040400002
2014-12-26 00:00:00,1422654.48404
2014-12-29 00:00:00,1413492.0440399998
2014-12-30 00:00:00,1387401.88404
2014-12-31 00:00:00,1408649.9340399997
2015-01-05 00:00:00,1439032.8940400004
2015-01-06 00:00:00,1443322.6640400002
2015-01-07 00:00:00,1441885.4440400002
2015-01-08 00:00:00,1428998.52404
2015-01-09 00:00:00,1411554.82404
2015-01-12 00:00:00,1383583.72404
2015-01-13 00:00:00,1403350.73404
2015-01-14 00:00:00,1398799.8640399997
2015-01-15 00:00:00,1414728.2340400002
2015-01-16 00:00:00,1422546.4040400002
2015-01-19 00:00:00,1355264.7140399998
2015-01-20 00:00:00,1403105.2640400003
2015-01-21 00:00:00,1446711.6540400002
2015-01-22 00:00:00,1462573.4340400002
2015-01-23 00:00:00,1457252.3140400003
2015-01-26 00:00:00,1494479.39404
2015-01-27 00:00:00,1507094.0012699997
2015-01-28 00:00:00,1508707.3812699998
2015-01-29 00:00:00,1492336.12484
2015-01-30 00:00:00,1476702.87484
2015-02-02 00:00:00,1461580.8148399997
2015-02-03 00:00:00,1488777.4048400004
2015-02-04 00:00:00,1486257.0048399998
2015-02-05 00:00:00,1470294.0948400002
2015-02-06 00:00:00,1443992.06484
2015-02-09 00:00:00,1444378.14484
2015-02-10 00:00:00,1451799.17484
2015-02-11 00:00:00,1465160.87484
2015-02-12 00:00:00,1469735.9048399997
2015-02-13 00:00:00,1491674.26484
2015-02-16 00:00:00,1518019.3648400002
2015-02-17 00:00:00,1522545.1448400002
2015-02-25 00:00:00,1526900.8948400002
2015-02-26 00:00:00,1540805.4048399997
2015-02-27 00:00:00,1549236.36484
2015-03-02 00:00:00,1582758.44484
2015-03-03 00:00:00,1583471.6048400002
2015-03-04 00:00:00,1604495.64484
2015-03-05 00:00:00,1610403.9048400004
2015-03-06 00:00:00,1612506.03484
2015-03-09 00:00:00,1629655.5548400003
2015-03-10 00:00:00,1642721.76484
2015-03-11 00:00:00,1647956.2148400003
2015-03-12 00:00:00,1640211.7723400004
2015-03-13 00:00:00,1655376.62234
2015-03-16 00:00:00,1696516.8623399998
2015-03-17 00:00:00,1729254.28234
2015-03-18 00:00:00,1761675.93234
2015-03-19 00:00:00,1774676.30234
2015-03-20 00:00:00,1801774.76234
2015-03-23 00:00:00,1857388.5741199995
2015-03-24 00:00:00,1858221.4341200003
2015-03-25 00:00:00,1854748.7041200004
2015-03-26 00:00:00,1831549.0590599999
2015-03-27 00:00:00,1859857.7890599999
2015-03-30 00:00:00,1871373.4357999996
2015-03-31 00:00:00,1865820.4658
2015-04-01 00:00:00,1897792.6757999999
2015-04-02 00:00:00,1925756.2158
2015-04-03 00:00:00,1962729.6157999998
2015-04-07 00:00:00,1996847.61522
2015-04-08 00:00:00,1999722.2829099998
2015-04-09 00:00:00,1997088.4945200002
2015-04-10 00:00:00,2043875.9545200001
2015-04-13 00:00:00,2068848.60554
2015-04-14 00:00:00,2063227.02318
2015-04-15 00:00:00,2028363.2431800002
2015-04-16 00:00:00,2055580.2431800002
2015-04-17 00:00:00,2060595.5731799998
2015-04-20 00:00:00,2045769.67318
2015-04-21 00:00:00,2075082.10318
2015-04-22 00:00:00,2111253.09318
2015-04-23 00:00:00,2127685.06318
2015-04-24 00:00:00,2120050.04418
2015-04-27 00:00:00,2122458.51418
2015-04-28 00:00:00,2081524.9341799999
2015-04-29 00:00:00,2111032.67418
2015-04-30 00:00:00,2110737.87418
2015-05-04 00:00:00,2131027.1641799994
2015-05-05 00:00:00,2097031.313
2015-05-06 00:00:00,2080442.0029999998
2015-05-07 00:00:00,2047650.4929999998
2015-05-08 00:00:00,2071580.2629999998
2015-05-11 00:00:00,2100706.513
2015-05-12 00:00:00,2114794.533
2015-05-13 00:00:00,2135941.75475
2015-05-14 00:00:00,2138703.00475
2015-05-15 00:00:00,2129865.6747500002
2015-05-18 00:00:00,2137677.90051
2015-05-19 00:00:00,2160809.97051
2015-05-20 00:00:00,2172394.16051
2015-05-21 00:00:00,2188787.37091
2015-05-22 00:00:00,2217032.4909099997
2015-05-25 00:00:00,2242413.90091
2015-05-26 00:00:00,2263706.48681
2015-05-27 00:00:00,2305242.3112
2015-05-28 00:00:00,2295210.5712
2015-05-29 00:00:00,2297132.32168
2015-06-01 00:00:00,2320705.90168
2015-06-02 00:00:00,2335294.08168
2015-06-03 00:00:00,2337581.60688
2015-06-04 00:00:00,2343642.60688
2015-06-05 00:00:00,2351844.89688
2015-06-08 00:00:00,2360902.75688
2015-06-09 00:00:00,2360279.6568799997
2015-06-10 00:00:00,2359253.61688
2015-06-11 00:00:00,2368482.9868799997
2015-06-12 00:00:00,2376109.80688
2015-06-15 00:00:00,2369645.39688
2015-06-16 00:00:00,2350581.63688
2015-06-17 00:00:00,2358453.25688
2015-06-18 00:00:00,2347288.16688
2015-06-19 00:00:00,2321664.99688
2015-06-23 00:00:00,2327696.31688
2015-06-24 00:00:00,2337565.6768799997
2015-06-25 00:00:00,2325239.72688
2015-06-26 00:00:00,2299919.56688
2015-06-29 00:00:00,2293632.6568799997
2015-06-30 00:00:00,2309273.45688
2015-07-01 00:00:00,2295325.51688
2015-07-02 00:00:00,2274723.66688
2015-07-03 00:00:00,2254505.1768799997
2015-07-06 00:00:00,2243236.68688
2015-07-07 00:00:00,2228036.60688
2015-07-08 00:00:00,2216431.38688
2015-07-09 00:00:00,2230940.87488
2015-07-10 00:00:00,2244038.49488
2015-07-13 00:00:00,2258427.06488
2015-07-14 00:00:00,2250205.00488
2015-07-15 00:00:00,2235204.15488
2015-07-16 00:00:00,2239611.92488
2015-07-17 00:00:00,2246925.91488
2015-07-20 00:00:00,2243515.3448799998
2015-07-21 00:00:00,2241283.57488
2015-07-22 00:00:00,2239451.11488
2015-07-23 00:00:00,2246321.5948799998
2015-07-24 00:00:00,2240348.62488
2015-07-27 00:00:00,2222890.45488
2015-07-28 00:00:00,2219849.76488
2015-07-29 00:00:00,2225840.52488
2015-07-30 00:00:00,2222756.41488
2015-07-31 00:00:00,2223143.3448799998
2015-08-03 00:00:00,2231332.21488
2015-08-04 00:00:00,2237083.90488
2015-08-05 00:00:00,2232841.75488
2015-08-06 00:00:00,2233716.79488
2015-08-07 00:00:00,2239495.35488
2015-08-10 00:00:00,2249071.68488
2015-08-11 00:00:00,2247234.78488
2015-08-12 00:00:00,2245939.66488
2015-08-13 00:00:00,2249712.81488
2015-08-14 00:00:00,2251649.40488
2015-08-17 00:00:00,2257481.74488
2015-08-18 00:00:00,2241910.96488
2015-08-19 00:00:00,2238934.17488
2015-08-20 00:00:00,2229922.61488
2015-08-21 00:00:00,2208548.14488
2015-08-24 00:00:00,2186687.57488
2015-08-25 00:00:00,2167151.93488
2015-08-26 00:00:00,2156160.62488
2015-08-27 00:00:00,2165379.8048799997
2015-08-28 00:00:00,2177889.8048799997
2015-08-31 00:00:00,2167491.23488
2015-09-01 00:00:00,2159986.16488
2015-09-02 00:00:00,2154282.79488
2015-09-07 00:00:00,2156422.88488
2015-09-08 00:00:00,2165455.24488
2015-09-09 00:00:00,2173901.19488
2015-09-10 00:00:00,2168257.69488
2015-09-11 00:00:00,2169063.10088
2015-09-14 00:00:00,2149299.25958
2015-09-15 00:00:00,2130637.00958
2015-09-16 00:00:00,2158540.34958
2015-09-17 00:00:00,2150774.10539
2015-09-18 00:00:00,2164224.83379
2015-09-21 00:00:00,2184903.41266
2015-09-22 00:00:00,2190347.6693100003
2015-09-23 00:00:00,2159451.1593100005
2015-09-24 00:00:00,2190770.7430800004
2015-09-25 00:00:00,2133745.8530800003
2015-09-28 00:00:00,2159226.1278100004
2015-09-29 00:00:00,2125091.2978100004
2015-09-30 00:00:00,2141576.25747
2015-10-08 00:00:00,2220010.367470001
2015-10-09 00:00:00,2253947.56406
2015-10-12 00:00:00,2352527.1040600003
2015-10-13 00:00:00,2379130.04406
2015-10-14 00:00:00,2344327.4740599995
2015-10-15 00:00:00,2416175.664060001
2015-10-16 00:00:00,2449038.2140600006
2015-10-19 00:00:00,2447677.3740600003
2015-10-20 00:00:00,2494139.604059999
2015-10-21 00:00:00,2320865.604059999
2015-10-22 00:00:00,2406703.69406
2015-10-23 00:00:00,2490755.1440600003
2015-10-26 00:00:00,2520874.96406
2015-10-27 00:00:00,2535881.7240600004
2015-10-28 00:00:00,2495443.68406
2015-10-29 00:00:00,2524218.994060001
2015-10-30 00:00:00,2524087.374059999
2015-11-02 00:00:00,2485054.314059999
2015-11-03 00:00:00,2498782.8740600003
2015-11-04 00:00:00,2616625.984060001
2015-11-05 00:00:00,2626181.68406
2015-11-06 00:00:00,2702489.72406
2015-11-09 00:00:00,2746513.12406
2015-11-10 00:00:00,2762105.3540599993
2015-11-11 00:00:00,2815357.0951800006
2015-11-12 00:00:00,2825517.93518
2015-11-13 00:00:00,2770548.23518
2015-11-16 00:00:00,2829365.04355
2015-11-17 00:00:00,2824594.9135499997
2015-11-18 00:00:00,2776905.1190500013
2015-11-19 00:00:00,2842892.2190500004
2015-11-20 00:00:00,2877586.391139999
2015-11-23 00:00:00,2861930.6411400004
2015-11-24 00:00:00,2889730.99114
2015-11-25 00:00:00,2925429.3111399994
2015-11-26 00:00:00,2917297.0711400006
2015-11-27 00:00:00,2706364.521140001
2015-11-30 00:00:00,2728891.1511399997
2015-12-01 00:00:00,2765268.44114
2015-12-02 00:00:00,2759539.3411399997
2015-12-03 00:00:00,2830770.7911400003
2015-12-04 00:00:00,2823328.1107000005
2015-12-07 00:00:00,2863512.4406999988
2015-12-08 00:00:00,2791517.3406999996
2015-12-09 00:00:00,2770098.3006999996
2015-12-10 00:00:00,2750180.450700001
2015-12-11 00:00:00,2733228.4510700004
2015-12-14 00:00:00,2799942.09107
2015-12-15 00:00:00,2818693.77107
2015-12-16 00:00:00,2845386.31107
2015-12-17 00:00:00,2919902.5610699994
2015-12-18 00:00:00,2909648.9054099997
2015-12-21 00:00:00,2966634.1202900005
2015-12-22 00:00:00,2999110.4002900003
2015-12-23 00:00:00,2964246.3202899992
2015-12-24 00:00:00,2950309.0602900023
2015-12-25 00:00:00,2987136.2202900006
2015-12-28 00:00:00,2923001.5402899985
2015-12-29 00:00:00,2967477.180289998
2015-12-30 00:00:00,2991173.4802899994
2015-12-31 00:00:00,2958675.9102899996
2016-01-04 00:00:00,2711873.18029
2016-01-05 00:00:00,2662664.39029
2016-01-06 00:00:00,2746848.6702899993
2016-01-07 00:00:00,2508960.1302900007
2016-01-08 00:00:00,2569530.4602899984
2016-01-11 00:00:00,2403052.2302900003
2016-01-12 00:00:00,2394745.56715
2016-01-13 00:00:00,2311270.35715
2016-01-14 00:00:00,2383239.69715
2016-01-15 00:00:00,2281812.0171499997
2016-01-18 00:00:00,2318056.48137
2016-01-19 00:00:00,2401745.47137
2016-01-20 00:00:00,2385472.1113699996
2016-01-21 00:00:00,2299595.1213699994
2016-01-22 00:00:00,2340668.3213700005
2016-01-25 00:00:00,2372374.90137
2016-01-26 00:00:00,2193302.2413700004
2016-01-27 00:00:00,2168798.38209
2016-01-28 00:00:00,2081678.1778900006
2016-01-29 00:00:00,2150156.62713
2016-02-01 00:00:00,2125651.4671300002
2016-02-02 00:00:00,2196571.567130001
2016-02-03 00:00:00,2209513.017130001
2016-02-04 00:00:00,2256845.7671299996
2016-02-05 00:00:00,2231424.2171300007
2016-02-15 00:00:00,2226850.1971299993
2016-02-16 00:00:00,2316985.0071300007
2016-02-17 00:00:00,2337508.5871299994
2016-02-18 00:00:00,2333029.1771299997
2016-02-19 00:00:00,2339439.03713
2016-02-22 00:00:00,2395024.9571299995
2016-02-23 00:00:00,2402104.517129999
2016-02-24 00:00:00,2413878.477129999
2016-02-25 00:00:00,2206912.8571300004
2016-02-26 00:00:00,2220473.4971299996
2016-02-29 00:00:00,2110592.5671299994
2016-03-01 00:00:00,2158828.74153
2016-03-02 00:00:00,2273204.2806800003
2016-03-03 00:00:00,2284934.7206800003
2016-03-04 00:00:00,2226098.270680001
2016-03-07 00:00:00,2283933.800680001
2016-03-08 00:00:00,2305047.33068
2016-03-09 00:00:00,2246338.9006800004
2016-03-10 00:00:00,2204770.63068
2016-03-11 00:00:00,2216879.44068
2016-03-14 00:00:00,2287178.2806800012
2016-03-15 00:00:00,2276944.60068
2016-03-16 00:00:00,2246756.50068
2016-03-17 00:00:00,2311492.450680001
2016-03-18 00:00:00,2380556.14068
2016-03-21 00:00:00,2437504.390680001
2016-03-22 00:00:00,2428037.78068
2016-03-23 00:00:00,2445955.3006800003
2016-03-24 00:00:00,2413744.83531
2016-03-25 00:00:00,2435199.6353099993
2016-03-28 00:00:00,2441843.8153100004
2016-03-29 00:00:00,2392266.7453100006
2016-03-30 00:00:00,2473102.16531
2016-03-31 00:00:00,2478981.63531
2016-04-01 00:00:00,2494922.3553099995
2016-04-05 00:00:00,2557592.955310001
2016-04-06 00:00:00,2571635.62531
2016-04-07 00:00:00,2533508.275309999
2016-04-08 00:00:00,2502449.84531
2016-04-11 00:00:00,2563174.535309999
2016-04-12 00:00:00,2563411.23531
2016-04-13 00:00:00,2611006.235309999
2016-04-14 00:00:00,2638730.165309999
2016-04-15 00:00:00,2637368.1353100003
2016-04-18 00:00:00,2610040.3453100016
2016-04-19 00:00:00,2609193.04531
2016-04-20 00:00:00,2495969.05531
2016-04-21 00:00:00,2480315.48531
2016-04-22 00:00:00,2501802.5853099995
2016-04-25 00:00:00,2498538.5453100004
2016-04-26 00:00:00,2529867.44531
2016-04-27 00:00:00,2525853.0553099997
2016-04-28 00:00:00,2517100.7053099996
2016-04-29 00:00:00,2524086.1553099994
2016-05-03 00:00:00,2598149.9453099994
2016-05-04 00:00:00,2603889.8653100007
2016-05-05 00:00:00,2627277.47531
2016-05-06 00:00:00,2510154.9353099996
2016-05-09 00:00:00,2396973.9353099996
2016-05-10 00:00:00,2402308.6553099994
2016-05-11 00:00:00,2395619.2053099996
2016-05-12 00:00:00,2370997.01531
2016-05-13 00:00:00,2372395.435309999
2016-05-16 00:00:00,2407916.7853100006
2016-05-17 00:00:00,2400384.9153100005
2016-05-18 00:00:00,2319108.80531
2016-05-19 00:00:00,2329860.84531
2016-05-20 00:00:00,2363583.63531
2016-05-23 00:00:00,2393059.85531
2016-05-24 00:00:00,2374431.9653099994
2016-05-25 00:00:00,2372481.945310001
2016-05-26 00:00:00,2374582.58531
2016-05-27 00:00:00,2372397.375309999
2016-05-30 00:00:00,2365699.6753099994
2016-05-31 00:00:00,2446899.2153100003
2016-06-01 00:00:00,2457580.7353099994
2016-06-02 00:00:00,2479695.4353100006
2016-06-03 00:00:00,2487741.8458000007
2016-06-06 00:00:00,2492600.8336800006
2016-06-07 00:00:00,2499330.22368
2016-06-08 00:00:00,2498466.91368
2016-06-13 00:00:00,2390054.8636799995
2016-06-14 00:00:00,2409494.7136800005
2016-06-15 00:00:00,2471922.8136799997
2016-06-16 00:00:00,2471556.20368
2016-06-17 00:00:00,2496553.653680001
2016-06-20 00:00:00,2508832.1736800005
2016-06-21 00:00:00,2503534.5536800004
2016-06-22 00:00:00,2557840.553680001
2016-06-23 00:00:00,2535813.79368
2016-06-24 00:00:00,2506378.9287800007
2016-06-27 00:00:00,2555762.74878
2016-06-28 00:00:00,2571921.98878
2016-06-29 00:00:00,2586885.7087799995
2016-06-30 00:00:00,2594950.3619000004
2016-07-01 00:00:00,2581970.3405000004
2016-07-04 00:00:00,2631692.650499999
2016-07-05 00:00:00,2653897.7905
2016-07-06 00:00:00,2685643.5504999994
2016-07-07 00:00:00,2693052.5204999996
2016-07-08 00:00:00,2677051.5505000013
2016-07-11 00:00:00,2689827.2504999996
2016-07-12 00:00:00,2729393.170500001
2016-07-13 00:00:00,2726082.3205000004
2016-07-14 00:00:00,2732112.9905000003
2016-07-15 00:00:00,2727953.3904999997
2016-07-18 00:00:00,2723663.1704999995
2016-07-19 00:00:00,2730419.3004999994
2016-07-20 00:00:00,2729024.8649300006
2016-07-21 00:00:00,2734558.54171
2016-07-22 00:00:00,2725129.3817100013
2016-07-25 00:00:00,2729556.07171
2016-07-26 00:00:00,2768245.3217099993
2016-07-27 00:00:00,2662715.2517099995
2016-07-28 00:00:00,2678297.94993
2016-07-29 00:00:00,2668888.0699299998
2016-08-01 00:00:00,2629763.6299300008
2016-08-02 00:00:00,2653492.259929999
2016-08-03 00:00:00,2667181.0499299997
2016-08-04 00:00:00,2672660.3899299996
2016-08-05 00:00:00,2665519.00993
2016-08-08 00:00:00,2703532.3699299986
2016-08-09 00:00:00,2723550.24993
2016-08-10 00:00:00,2712906.38993
2016-08-11 00:00:00,2675042.53993
2016-08-12 00:00:00,2707548.6899300003
2016-08-15 00:00:00,2760373.37993
2016-08-16 00:00:00,2776416.9399299994
2016-08-17 00:00:00,2783137.19993
2016-08-18 00:00:00,2774933.4699299997
2016-08-19 00:00:00,2775071.9499299997
2016-08-22 00:00:00,2754516.49622
2016-08-23 00:00:00,2751283.0762200006
2016-08-24 00:00:00,2755614.54622
2016-08-25 00:00:00,2753417.6662199995
2016-08-26 00:00:00,2765708.85622
2016-08-29 00:00:00,2777983.656219999
2016-08-30 00:00:00,2775384.4462200003
2016-08-31 00:00:00,2781909.5662199995
2016-09-01 00:00:00,2759070.18622
2016-09-02 00:00:00,2757862.6562200016
2016-09-05 00:00:00,2785971.20622
2016-09-06 00:00:00,2818726.36622
2016-09-07 00:00:00,2826748.85622
2016-09-08 00:00:00,2842132.246220001
2016-09-09 00:00:00,2823776.8462200006
2016-09-12 00:00:00,2752257.2762200003
2016-09-13 00:00:00,2761141.20622
2016-09-14 00:00:00,2752972.6962200003
2016-09-19 00:00:00,2782587.34622
2016-09-20 00:00:00,2787016.5762200006
2016-09-21 00:00:00,2798904.6462199995
2016-09-22 00:00:00,2820543.2662199996
2016-09-23 00:00:00,2821186.8062200006
2016-09-26 00:00:00,2762405.39622
2016-09-27 00:00:00,2784833.336220001
2016-09-28 00:00:00,2778334.526220001
2016-09-29 00:00:00,2798092.6762200007
2016-09-30 00:00:00,2809966.6862200005
2016-10-10 00:00:00,2857672.4662200008
2016-10-11 00:00:00,2876212.2962200013
2016-10-12 00:00:00,2878935.5562199997
2016-10-13 00:00:00,2888284.6162200016
2016-10-14 00:00:00,2880677.4462200003
2016-10-17 00:00:00,2856512.45106
2016-10-18 00:00:00,2908188.701059999
2016-10-19 00:00:00,2918742.46106
2016-10-20 00:00:00,2929073.9810599997
2016-10-21 00:00:00,2926330.0310600004
2016-10-24 00:00:00,2956092.4710599994
2016-10-25 00:00:00,2978964.69106
2016-10-26 00:00:00,2976361.60106
2016-10-27 00:00:00,2972705.78906
2016-10-28 00:00:00,2947419.1767599992
2016-10-31 00:00:00,2955259.27676
2016-11-01 00:00:00,2982820.99676
2016-11-02 00:00:00,2958135.2867599996
2016-11-03 00:00:00,2977688.116759999
2016-11-04 00:00:00,2980366.7567599993
2016-11-07 00:00:00,3012873.7567599993
2016-11-08 00:00:00,3038558.9067600006
2016-11-09 00:00:00,3031747.0667600003
2016-11-10 00:00:00,3085666.976759998
2016-11-11 00:00:00,3122691.491859999
2016-11-14 00:00:00,3148809.917189998
2016-11-15 00:00:00,3146189.9471899993
2016-11-16 00:00:00,3138475.2871900005
2016-11-17 00:00:00,3137176.8871899997
2016-11-18 00:00:00,3117345.6771899997
2016-11-21 00:00:00,3132517.267189999
2016-11-22 00:00:00,3174347.2071899995
2016-11-23 00:00:00,3154141.85263
2016-11-24 00:00:00,3157939.0826299996
2016-11-25 00:00:00,3173542.772630001
2016-11-28 00:00:00,3188119.36263
2016-11-29 00:00:00,3170932.1053900006
2016-11-30 00:00:00,3128479.37951
2016-12-01 00:00:00,3145803.598539999
2016-12-02 00:00:00,3086485.6285400004
2016-12-05 00:00:00,3067025.6185399992
2016-12-06 00:00:00,3073483.078539999
2016-12-07 00:00:00,3121947.3485399997
2016-12-08 00:00:00,3108372.7885399996
2016-12-09 00:00:00,3104368.45854
2016-12-12 00:00:00,2992637.6085399995
2016-12-13 00:00:00,3022347.0305399993
2016-12-14 00:00:00,3020433.62054
2016-12-15 00:00:00,3038502.4445399996
2016-12-16 00:00:00,3056244.16454
2016-12-19 00:00:00,3069198.69454
2016-12-20 00:00:00,3059743.654539999
2016-12-21 00:00:00,3079762.974540001
2016-12-22 00:00:00,3069370.04454
2016-12-23 00:00:00,3030315.0845399997
2016-12-26 00:00:00,3027822.1245399984
2016-12-27 00:00:00,3034814.5045400006
2016-12-28 00:00:00,3038566.07454
2016-12-29 00:00:00,3027046.5198200005
2016-12-30 00:00:00,3036061.9598200014
2017-01-03 00:00:00,3076703.4898200007
2017-01-04 00:00:00,3109552.7298200005
2017-01-05 00:00:00,3116870.499820001
2017-01-06 00:00:00,3100478.1498199995
2017-01-09 00:00:00,3139597.5898200003
2017-01-10 00:00:00,3128809.1098199994
2017-01-11 00:00:00,3097810.2698200005
2017-01-12 00:00:00,3063810.1398200006
2017-01-13 00:00:00,3018650.4698199998
2017-01-16 00:00:00,2945384.14982
2017-01-17 00:00:00,2958226.729820001
2017-01-18 00:00:00,2960311.0498200003
2017-01-19 00:00:00,2948194.399820001
2017-01-20 00:00:00,2983768.1198199997
2017-01-23 00:00:00,3020395.8798199994
2017-01-24 00:00:00,3023316.76982
2017-01-25 00:00:00,3031082.354380001
2017-01-26 00:00:00,3059798.17438
2017-02-03 00:00:00,3041772.96438
2017-02-06 00:00:00,3069115.0043800008
2017-02-07 00:00:00,3068005.1443800004
2017-02-08 00:00:00,3083755.2552300002
2017-02-09 00:00:00,3106405.2452300005
2017-02-10 00:00:00,3124189.72125
2017-02-13 00:00:00,3146023.1512500006
2017-02-14 00:00:00,3155808.5812500007
2017-02-15 00:00:00,3119779.3412499996
2017-02-16 00:00:00,3145548.2712500007
2017-02-17 00:00:00,3122748.4212500006
2017-02-20 00:00:00,3169974.22125
2017-02-21 00:00:00,3177755.9434700003
2017-02-22 00:00:00,3191062.476189999
2017-02-23 00:00:00,3181518.5361899994
2017-02-24 00:00:00,3175480.32619
2017-02-27 00:00:00,3146592.486190001
2017-02-28 00:00:00,3161587.35619
2017-03-01 00:00:00,3173736.12619
2017-03-02 00:00:00,3159354.40619
2017-03-03 00:00:00,3158264.836189999
2017-03-06 00:00:00,3184250.8661899995
2017-03-07 00:00:00,3186704.2461900003
2017-03-08 00:00:00,3166975.74619
2017-03-09 00:00:00,3136055.4561900008
2017-03-10 00:00:00,3131747.016190001
2017-03-13 00:00:00,3152056.4461900014
2017-03-14 00:00:00,3149663.81619
2017-03-15 00:00:00,3153258.526189999
2017-03-16 00:00:00,3183875.7561899996
2017-03-17 00:00:00,3154472.99619
2017-03-20 00:00:00,3168919.3261900004
2017-03-21 00:00:00,3171254.33619
2017-03-22 00:00:00,3156890.9961900013
2017-03-23 00:00:00,3154043.3861900014
2017-03-24 00:00:00,3162037.026189999
2017-03-27 00:00:00,3144792.3261900004
2017-03-28 00:00:00,3129268.416189999
2017-03-29 00:00:00,3116429.3361900006
2017-03-30 00:00:00,3078152.00619
2017-03-31 00:00:00,3084814.8228200004
2017-04-05 00:00:00,3153799.16282
2017-04-06 00:00:00,3163296.0728200004
2017-04-07 00:00:00,3152281.01282
2017-04-10 00:00:00,3154732.2886200002
2017-04-11 00:00:00,3201099.87286
2017-04-12 00:00:00,3157285.563470001
2017-04-13 00:00:00,3175252.31347
2017-04-14 00:00:00,3138848.5540300007
2017-04-17 00:00:00,3103611.8584200004
2017-04-18 00:00:00,3090265.1784200002
2017-04-19 00:00:00,3038701.848420001
2017-04-20 00:00:00,3029891.408419999
2017-04-21 00:00:00,3019222.4984199996
2017-04-24 00:00:00,2937814.0884200004
2017-04-25 00:00:00,2945122.0884199995
2017-04-26 00:00:00,2950342.20912
2017-04-27 00:00:00,2953099.92912
2017-04-28 00:00:00,2960761.4191199997
2017-05-02 00:00:00,2962061.8291200004
2017-05-03 00:00:00,2960264.809120001
2017-05-04 00:00:00,2957081.9291200005
2017-05-05 00:00:00,2917719.4891199996
2017-05-08 00:00:00,2866715.89912
2017-05-09 00:00:00,2885501.0291200005
2017-05-10 00:00:00,2833088.9991200007
2017-05-11 00:00:00,2816268.74912
2017-05-12 00:00:00,2817361.76912
2017-05-15 00:00:00,2817623.0691199997
2017-05-16 00:00:00,2859989.82912
2017-05-17 00:00:00,2872670.6491199997
2017-05-18 00:00:00,2857104.509120001
2017-05-19 00:00:00,2854986.7891200003
2017-05-22 00:00:00,2802895.91912
2017-05-23 00:00:00,2742998.56912
2017-05-24 00:00:00,2743273.4978599995
2017-05-25 00:00:00,2764965.6278599994
2017-05-26 00:00:00,2775338.92786
2017-05-31 00:00:00,2798816.627860001
2017-06-01 00:00:00,2756863.02786
2017-06-02 00:00:00,2777621.3278599996
2017-06-05 00:00:00,2793882.21786
2017-06-06 00:00:00,2810674.7678599996
2017-06-07 00:00:00,2855578.8078600005
2017-06-08 00:00:00,2852552.93786
2017-06-09 00:00:00,2859813.6578599997
2017-06-12 00:00:00,2849897.85786
2017-06-13 00:00:00,2878503.70786
2017-06-14 00:00:00,2871886.517860001
2017-06-15 00:00:00,2886576.1278600004
2017-06-16 00:00:00,2875233.3678599996
2017-06-19 00:00:00,2887628.67786
2017-06-20 00:00:00,2886620.08786
2017-06-21 00:00:00,2898311.9878599993
2017-06-22 00:00:00,2862921.35786
2017-06-23 00:00:00,2869766.19786
2017-06-26 00:00:00,2907246.89786
2017-06-27 00:00:00,2927556.18786
2017-06-28 00:00:00,2912843.70786
2017-06-29 00:00:00,2924891.3978600004
2017-06-30 00:00:00,2933889.07786
2017-07-03 00:00:00,2951818.55786
2017-07-04 00:00:00,2942218.5278600003
2017-07-05 00:00:00,2957091.91786
2017-07-06 00:00:00,2962590.4178599995
2017-07-07 00:00:00,2984341.2878600005
2017-07-10 00:00:00,2984355.68786
2017-07-11 00:00:00,2956118.2578600002
2017-07-12 00:00:00,2952403.74786
2017-07-13 00:00:00,2970049.11786
2017-07-14 00:00:00,2972327.187859999
2017-07-17 00:00:00,2893748.5978599996
2017-07-18 00:00:00,2929744.68786
2017-07-19 00:00:00,2982695.357860001
2017-07-20 00:00:00,3000470.337860001
2017-07-21 00:00:00,3011939.9153400003
2017-07-24 00:00:00,3028012.295339999
2017-07-25 00:00:00,3020184.9953400004
2017-07-26 00:00:00,3030152.76534
2017-07-27 00:00:00,3030205.65534
2017-07-28 00:00:00,3046142.2453400004
2017-07-31 00:00:00,3088183.89534
2017-08-01 00:00:00,3074795.415029999
2017-08-02 00:00:00,3073503.22143
2017-08-03 00:00:00,3076224.7914300007
2017-08-04 00:00:00,3069302.3014299995
2017-08-07 00:00:00,3093596.1414299994
2017-08-08 00:00:00,3098884.2614300014
2017-08-09 00:00:00,3125662.29143
2017-08-10 00:00:00,3104206.71143
2017-08-11 00:00:00,3044034.28143
2017-08-14 00:00:00,3076808.0414299998
2017-08-15 00:00:00,3085177.7414300004
2017-08-16 00:00:00,3078804.5814300007
2017-08-17 00:00:00,3098412.3814300005
2017-08-18 00:00:00,3096370.6214300003
2017-08-21 00:00:00,3109919.44143
2017-08-22 00:00:00,3091786.7314300006
2017-08-23 00:00:00,3067797.7410500012
2017-08-24 00:00:00,3058884.4310499993
2017-08-25 00:00:00,3082560.4110499993
2017-08-28 00:00:00,3103504.701049999
2017-08-29 00:00:00,3102946.0210500006
2017-08-30 00:00:00,3120174.9410499996
2017-08-31 00:00:00,3124630.1710499995
2017-09-01 00:00:00,3152248.791049999
2017-09-04 00:00:00,3158429.08105
2017-09-05 00:00:00,3148967.0410499987
2017-09-06 00:00:00,3155901.1865499998
2017-09-07 00:00:00,3139866.2565499996
2017-09-08 00:00:00,3145548.5165500003
2017-09-11 00:00:00,3165009.7365500005
2017-09-12 00:00:00,3181198.65655
2017-09-13 00:00:00,3199944.6465499997
2017-09-14 00:00:00,3187068.5265499996
2017-09-15 00:00:00,3163285.7269699997
2017-09-18 00:00:00,3192927.87697
2017-09-19 00:00:00,3178594.94697
2017-09-20 00:00:00,3204812.4210699997
2017-09-21 00:00:00,3176328.8510699994
2017-09-22 00:00:00,3160083.15107
2017-09-25 00:00:00,3129561.4010699997
2017-09-26 00:00:00,3145048.51035
2017-09-27 00:00:00,3161032.9103500014
2017-09-28 00:00:00,3155745.5403500004
2017-09-29 00:00:00,3166033.40035
2017-10-09 00:00:00,3187830.40035
2017-10-10 00:00:00,3192306.63035
2017-10-11 00:00:00,3202242.180349998
2017-10-12 00:00:00,3183671.56035
2017-10-13 00:00:00,3190987.14035
2017-10-16 00:00:00,3163651.55035
2017-10-17 00:00:00,3164360.300350001
2017-10-18 00:00:00,3137764.63035
2017-10-19 00:00:00,3106080.9903499996
2017-10-20 00:00:00,3125153.7503499994
2017-10-23 00:00:00,3136911.81035
2017-10-24 00:00:00,3136241.44035
2017-10-25 00:00:00,3151610.050349999
2017-10-26 00:00:00,3157928.14035
2017-10-27 00:00:00,3146559.9603499994
2017-10-30 00:00:00,3091999.55035
2017-10-31 00:00:00,3098574.0403499994
2017-11-01 00:00:00,3097315.3403499993
2017-11-02 00:00:00,3070515.0803500004
2017-11-03 00:00:00,3057545.15035
2017-11-06 00:00:00,3072530.5303499997
2017-11-07 00:00:00,3083319.0403500004
2017-11-08 00:00:00,3087492.0903499993
2017-11-09 00:00:00,3095578.2103499994
2017-11-10 00:00:00,3095963.8403499993
2017-11-13 00:00:00,3090357.13035
2017-11-14 00:00:00,3082620.56035
2017-11-15 00:00:00,3064359.3803499993
2017-11-16 00:00:00,3067420.7903499994
2017-11-17 00:00:00,3009362.0803500004
2017-11-20 00:00:00,3022054.720349999
2017-11-21 00:00:00,3017491.4503500005
2017-11-22 00:00:00,3017355.43175
2017-11-23 00:00:00,2965055.84583
2017-11-24 00:00:00,2964039.51583
2017-11-27 00:00:00,2945308.14583
2017-11-28 00:00:00,2978537.0554799996
2017-11-29 00:00:00,3001063.964959999
2017-11-30 00:00:00,2991155.014779999
2017-12-01 00:00:00,3000921.1547800004
2017-12-04 00:00:00,2985364.8947799997
2017-12-05 00:00:00,2936403.6675299993
2017-12-06 00:00:00,2952121.65946
2017-12-07 00:00:00,2941441.99946
2017-12-08 00:00:00,2968851.8094600006
2017-12-11 00:00:00,2993683.9094600007
2017-12-12 00:00:00,2950785.9879300008
2017-12-13 00:00:00,2968710.3279299997
2017-12-14 00:00:00,2968626.50793
2017-12-15 00:00:00,2955759.7179300003
2017-12-18 00:00:00,2956830.82793
2017-12-19 00:00:00,2974780.747929999
2017-12-20 00:00:00,2939898.2379300003
2017-12-21 00:00:00,2937908.1579300007
2017-12-22 00:00:00,2940009.7773800003
2017-12-25 00:00:00,2904477.922380001
2017-12-26 00:00:00,2936650.933650001
2017-12-27 00:00:00,2920845.6236499995
2017-12-28 00:00:00,2935615.5036500017
2017-12-29 00:00:00,2960919.8978200015
2018-01-02 00:00:00,3001072.20782
2018-01-03 00:00:00,3022742.45782
2018-01-04 00:00:00,3029723.86782
2018-01-05 00:00:00,3028513.0618200004
2018-01-08 00:00:00,3038702.8418200007
2018-01-09 00:00:00,3038013.8043800006
2018-01-10 00:00:00,3026822.3711800007
2018-01-11 00:00:00,3038407.3880600003
2018-01-12 00:00:00,3014839.6780600003
2018-01-15 00:00:00,2950829.5980600007
2018-01-16 00:00:00,2968739.0780600007
2018-01-17 00:00:00,2965215.3980600005
2018-01-18 00:00:00,2979908.1711399993
2018-01-19 00:00:00,2977865.811140001
2018-01-22 00:00:00,2995561.5411400013
2018-01-23 00:00:00,3002085.7211399996
2018-01-24 00:00:00,3003670.8011399987
2018-01-25 00:00:00,3003172.2611400005
2018-01-26 00:00:00,3000712.383140001
2018-01-29 00:00:00,2967450.496730001
2018-01-30 00:00:00,2966289.60673
2018-01-31 00:00:00,2906978.0167300003
2018-02-01 00:00:00,2794177.1126499996
2018-02-02 00:00:00,2784852.5226500016
2018-02-05 00:00:00,2797302.0868699993
2018-02-06 00:00:00,2675247.9316200004
2018-02-07 00:00:00,2675629.57728
2018-02-08 00:00:00,2685874.447280001
2018-02-09 00:00:00,2608362.60728
2018-02-12 00:00:00,2652535.2101200004
2018-02-13 00:00:00,2659134.647880001
2018-02-14 00:00:00,2672647.03788
2018-02-22 00:00:00,2722614.81788
2018-02-23 00:00:00,2737288.1678800005
2018-02-26 00:00:00,2793682.5880299998
2018-02-27 00:00:00,2790096.7480299994
2018-02-28 00:00:00,2788462.1480300003
2018-03-01 00:00:00,2825956.9580299994
2018-03-02 00:00:00,2815411.469410001
2018-03-05 00:00:00,2823041.8894100003
2018-03-06 00:00:00,2865051.5494099995
2018-03-07 00:00:00,2847266.6712500006
2018-03-08 00:00:00,2861248.4212500006
2018-03-09 00:00:00,2890415.571249999
2018-03-12 00:00:00,2930208.7512500007
2018-03-13 00:00:00,2914924.8012500014
2018-03-14 00:00:00,2899033.3392500007
2018-03-15 00:00:00,2876832.83855
2018-03-16 00:00:00,2875646.3185500004
2018-03-19 00:00:00,2876835.43855
2018-03-20 00:00:00,2874810.548550001
2018-03-21 00:00:00,2859110.6885500005
2018-03-22 00:00:00,2864474.9885500004
2018-03-23 00:00:00,2715420.808550001
2018-03-26 00:00:00,2732575.6332000005
2018-03-27 00:00:00,2790748.7632000004
2018-03-28 00:00:00,2767642.493200001
2018-03-29 00:00:00,2801738.923200001
2018-03-30 00:00:00,2835203.6032000002
2018-04-02 00:00:00,2843386.5732
2018-04-03 00:00:00,2823276.043200001
2018-04-04 00:00:00,2824886.2531999997
2018-04-09 00:00:00,2823991.015890001
2018-04-10 00:00:00,2833264.871289999
2018-04-11 00:00:00,2858665.4412900005
2018-04-12 00:00:00,2842479.54129
2018-04-13 00:00:00,2839890.601290001
2018-04-16 00:00:00,2798488.6457400015
2018-04-17 00:00:00,2745023.7457400016
2018-04-18 00:00:00,2768141.3857400003
2018-04-19 00:00:00,2779777.6505400008
2018-04-20 00:00:00,2716605.756149999
2018-04-23 00:00:00,2706211.8348699994
2018-04-24 00:00:00,2763766.4302000017
2018-04-25 00:00:00,2772661.9902000003
2018-04-26 00:00:00,2730929.5101999994
2018-04-27 00:00:00,2739142.689040002
2018-05-02 00:00:00,2734080.72904
2018-05-03 00:00:00,2762013.01904
2018-05-04 00:00:00,2766046.8890399993
2018-05-07 00:00:00,2817183.499040002
2018-05-08 00:00:00,2840632.19412
2018-05-09 00:00:00,2847426.75412
2018-05-10 00:00:00,2863107.3941200012
2018-05-11 00:00:00,2833100.42412
2018-05-14 00:00:00,2808608.7941199993
2018-05-15 00:00:00,2848551.8941200003
2018-05-16 00:00:00,2844194.344120001
2018-05-17 00:00:00,2831889.9441200006
2018-05-18 00:00:00,2858771.2741199997
2018-05-21 00:00:00,2896081.9241199996
2018-05-22 00:00:00,2901186.1741199987
2018-05-23 00:00:00,2869033.5241200007
2018-05-24 00:00:00,2859649.8841200005
2018-05-25 00:00:00,2846968.654120001
2018-05-28 00:00:00,2825422.944119999
2018-05-29 00:00:00,2803135.0441199993
2018-05-30 00:00:00,2695250.61412
2018-05-31 00:00:00,2740289.3951600012
2018-06-01 00:00:00,2711826.9551600013
2018-06-04 00:00:00,2717481.06516
2018-06-05 00:00:00,2752560.99516
2018-06-06 00:00:00,2754298.8951599994
2018-06-07 00:00:00,2731211.48516
2018-06-08 00:00:00,2709890.42516
2018-06-11 00:00:00,2698635.7151600006
2018-06-12 00:00:00,2726274.51516
2018-06-13 00:00:00,2680467.37516
2018-06-14 00:00:00,2660221.42444
2018-06-15 00:00:00,2605634.8715399997
2018-06-19 00:00:00,2443403.1765799993
2018-06-20 00:00:00,2475327.2326900004
2018-06-21 00:00:00,2436426.9538800004
2018-06-22 00:00:00,2461434.3718
2018-06-25 00:00:00,2456790.2217999995
2018-06-26 00:00:00,2475361.4318000004
2018-06-27 00:00:00,2459039.5408200016
2018-06-28 00:00:00,2423797.49592
2018-06-29 00:00:00,2486444.4445700007
2018-07-02 00:00:00,2466640.3004500014
2018-07-03 00:00:00,2494166.5804500007
2018-07-04 00:00:00,2451352.4804500006
2018-07-05 00:00:00,2397577.885450001
2018-07-06 00:00:00,2393074.87707
2018-07-09 00:00:00,2434357.528500001
2018-07-10 00:00:00,2448290.5584999993
2018-07-11 00:00:00,2383308.6585
2018-07-12 00:00:00,2429184.80284
2018-07-13 00:00:00,2445559.03284
2018-07-16 00:00:00,2441347.2628400004
2018-07-17 00:00:00,2445570.193840001
2018-07-18 00:00:00,2445381.11443
2018-07-19 00:00:00,2419904.66443
2018-07-20 00:00:00,2441803.7144299992
2018-07-23 00:00:00,2461913.184430001
2018-07-24 00:00:00,2501308.585570001
2018-07-25 00:00:00,2511974.333750001
2018-07-26 00:00:00,2509570.1637500017
2018-07-27 00:00:00,2498324.18375
2018-07-30 00:00:00,2467862.183750001
2018-07-31 00:00:00,2466176.243750001
2018-08-01 00:00:00,2430483.3137499993
2018-08-02 00:00:00,2374780.253750001
2018-08-03 00:00:00,2351529.7637499995
2018-08-06 00:00:00,2321472.6587
2018-08-07 00:00:00,2382540.341700001
2018-08-08 00:00:00,2352746.001700001
2018-08-09 00:00:00,2392669.5417000004
2018-08-10 00:00:00,2393294.3116999995
2018-08-13 00:00:00,2393042.7216999996
2018-08-14 00:00:00,2398462.0417000004
2018-08-15 00:00:00,2360426.811700001
2018-08-16 00:00:00,2328256.097349999
2018-08-17 00:00:00,2292694.32735
2018-08-20 00:00:00,2303312.74735
2018-08-21 00:00:00,2326146.8673500004
2018-08-22 00:00:00,2304576.7673500003
2018-08-23 00:00:00,2315519.9973499994
2018-08-24 00:00:00,2307246.2973499997
2018-08-27 00:00:00,2351562.85735
2018-08-28 00:00:00,2349219.36735
2018-08-29 00:00:00,2339488.47735
2018-08-30 00:00:00,2298948.677350001
2018-08-31 00:00:00,2277332.39691
2018-09-03 00:00:00,2268259.26691
2018-09-04 00:00:00,2285829.2859100006
2018-09-05 00:00:00,2252859.4259099993
2018-09-06 00:00:00,2245355.8559100004
2018-09-07 00:00:00,2252763.54591
2018-09-10 00:00:00,2223425.555910001
2018-09-11 00:00:00,2225210.5659099994
2018-09-12 00:00:00,2225509.4459100007
2018-09-13 00:00:00,2244350.34591
2018-09-14 00:00:00,2230722.1859099995
2018-09-17 00:00:00,2199706.905910001
2018-09-18 00:00:00,2232017.60209
2018-09-19 00:00:00,2255203.7705300003
2018-09-20 00:00:00,2253973.990529999
2018-09-21 00:00:00,2279579.7176
2018-09-25 00:00:00,2266787.1276
2018-09-26 00:00:00,2271246.4776000003
2018-09-27 00:00:00,2230962.7776
2018-09-28 00:00:00,2253637.9735299996
2018-10-08 00:00:00,2196038.2335299994
2018-10-09 00:00:00,2215192.1674300004
2018-10-10 00:00:00,2220481.27998
2018-10-11 00:00:00,2074463.8999800002
2018-10-12 00:00:00,2061517.1355600003
2018-10-15 00:00:00,2031607.22887
2018-10-16 00:00:00,2000466.1540599999
2018-10-17 00:00:00,2011653.3966400004
2018-10-18 00:00:00,1949239.2887400002
2018-10-19 00:00:00,1970648.2531700002
2018-10-22 00:00:00,2040879.1731700008
2018-10-23 00:00:00,2016422.1731700003
2018-10-24 00:00:00,2015954.52317
2018-10-25 00:00:00,2002041.7231700001
2018-10-26 00:00:00,2013949.3240200006
2018-10-29 00:00:00,1996309.6140200004
2018-10-30 00:00:00,2015064.87402
2018-10-31 00:00:00,2040134.23402
2018-11-01 00:00:00,2042021.6140200002
2018-11-02 00:00:00,2083504.4650200002
2018-11-05 00:00:00,2097563.89502
2018-11-06 00:00:00,2093360.82586
2018-11-07 00:00:00,2094503.1668000002
2018-11-08 00:00:00,2097041.2968000006
2018-11-09 00:00:00,2106009.0968
2018-11-12 00:00:00,2155848.3968
2018-11-13 00:00:00,2199964.4568
2018-11-14 00:00:00,2191257.2968000006
2018-11-15 00:00:00,2219131.3227999997
2018-11-16 00:00:00,2239128.8883200004
2018-11-19 00:00:00,2235240.40458
2018-11-20 00:00:00,2186244.7245799997
2018-11-21 00:00:00,2209801.97458
2018-11-22 00:00:00,2217268.9725800003
2018-11-23 00:00:00,2125853.46858
2018-11-26 00:00:00,2113305.1808399996
2018-11-27 00:00:00,2126941.07084
2018-11-28 00:00:00,2146140.0608400004
2018-11-29 00:00:00,2099905.1848400002
2018-11-30 00:00:00,2105871.3948400007
2018-12-03 00:00:00,2170762.6748399995
2018-12-04 00:00:00,2190787.65484
2018-12-05 00:00:00,2178467.7648400003
2018-12-06 00:00:00,2148811.2648400003
2018-12-07 00:00:00,2152149.11484
2018-12-10 00:00:00,2128678.784840001
2018-12-11 00:00:00,2144626.7748400006
2018-12-12 00:00:00,2138896.2848400003
2018-12-13 00:00:00,2150935.86484
2018-12-14 00:00:00,2103938.574840001
2018-12-17 00:00:00,2118979.5148400012
2018-12-18 00:00:00,2110423.634840001
2018-12-19 00:00:00,2087709.3548400009
2018-12-20 00:00:00,2097353.6848400007
2018-12-21 00:00:00,2089302.7248400003
2018-12-24 00:00:00,2104683.5148400003
2018-12-25 00:00:00,2072818.8348400004
2018-12-26 00:00:00,2077593.9386100012
2018-12-27 00:00:00,2045393.9786100008
2018-12-28 00:00:00,2050027.17281
2019-01-02 00:00:00,2048671.332110001
2019-01-03 00:00:00,2041959.4021100001
2019-01-04 00:00:00,2093765.57703
2019-01-07 00:00:00,2141965.78111
2019-01-08 00:00:00,2136217.36523
2019-01-09 00:00:00,2135951.5152300005
2019-01-10 00:00:00,2133768.375230001
2019-01-11 00:00:00,2161905.075230001
2019-01-14 00:00:00,2150551.105230001
2019-01-15 00:00:00,2171875.4852299998
2019-01-16 00:00:00,2162980.96523
2019-01-17 00:00:00,2143981.3163700006
2019-01-18 00:00:00,2151005.1163699995
2019-01-21 00:00:00,2166382.3563699992
2019-01-22 00:00:00,2139472.0463699996
2019-01-23 00:00:00,2154056.6363699995
2019-01-24 00:00:00,2159744.74637
2019-01-25 00:00:00,2142389.7163699996
2019-01-28 00:00:00,2134338.036370001
2019-01-29 00:00:00,2093215.7263700005
2019-01-30 00:00:00,2068197.7488400005
2019-01-31 00:00:00,2042171.2972400005
2019-02-01 00:00:00,2095398.4054399997
2019-02-11 00:00:00,2143140.25802
2019-02-12 00:00:00,2172596.55802
2019-02-13 00:00:00,2207208.62802
2019-02-14 00:00:00,2210055.4280200005
2019-02-15 00:00:00,2208916.15802
2019-02-18 00:00:00,2272803.63802
2019-02-19 00:00:00,2272874.2280200003
2019-02-20 00:00:00,2277165.60802
2019-02-21 00:00:00,2278620.12793
2019-02-22 00:00:00,2316620.30822
2019-02-25 00:00:00,2420371.2391800005
2019-02-26 00:00:00,2404587.94918
2019-02-27 00:00:00,2400381.7291800007
2019-02-28 00:00:00,2417668.8591799997
2019-03-01 00:00:00,2441754.2291800007
2019-03-04 00:00:00,2481888.4891800005
2019-03-05 00:00:00,2543970.1491800006
2019-03-06 00:00:00,2601980.5491800006
2019-03-07 00:00:00,2658306.7891800003
2019-03-08 00:00:00,2560294.0891799997
2019-03-11 00:00:00,2669985.86918
2019-03-12 00:00:00,2718464.59085
2019-03-13 00:00:00,2667616.983660001
2019-03-14 00:00:00,2598445.92452
2019-03-15 00:00:00,2656500.5445199995
2019-03-18 00:00:00,2722689.70452
2019-03-19 00:00:00,2747835.3645200003
2019-03-20 00:00:00,2766959.3445200003
2019-03-21 00:00:00,2813647.9744900013
2019-03-22 00:00:00,2823797.66759
2019-03-25 00:00:00,2786633.4995399993
2019-03-26 00:00:00,2701218.95954
2019-03-27 00:00:00,2724238.0795400008
2019-03-28 00:00:00,2683889.9095400004
2019-03-29 00:00:00,2735832.0795399994
2019-04-01 00:00:00,2829017.29954
2019-04-02 00:00:00,2849043.11954
2019-04-03 00:00:00,2874062.609539999
2019-04-04 00:00:00,2892575.919540001
2019-04-08 00:00:00,2895644.7995400005
2019-04-09 00:00:00,2916842.7895400007
2019-04-10 00:00:00,2910604.20954
2019-04-11 00:00:00,2826388.3115900005
2019-04-12 00:00:00,2838486.5915899994
2019-04-15 00:00:00,2822064.71159
2019-04-16 00:00:00,2873995.6415900006
2019-04-17 00:00:00,2912240.9315899997
2019-04-18 00:00:00,2895132.8815899994
2019-04-19 00:00:00,2929111.5315900003
2019-04-22 00:00:00,2893739.18159
2019-04-23 00:00:00,2836712.2015899993
2019-04-24 00:00:00,2861798.641590001
2019-04-25 00:00:00,2736254.6515900004
2019-04-26 00:00:00,2684525.61159
2019-04-29 00:00:00,2585482.221590001
2019-04-30 00:00:00,2610549.0315900003
2019-05-06 00:00:00,2422542.7415899998
2019-05-07 00:00:00,2461017.901590001
2019-05-08 00:00:00,2462609.7115899995
2019-05-09 00:00:00,2445871.7615900002
2019-05-10 00:00:00,2515468.9615900004
2019-05-13 00:00:00,2492556.4015900004
2019-05-14 00:00:00,2475087.1815899997
2019-05-15 00:00:00,2527055.5415900005
2019-05-16 00:00:00,2544710.27159
2019-05-17 00:00:00,2449979.10159
2019-05-20 00:00:00,2445323.1215899996
2019-05-21 00:00:00,2475984.2715900014
2019-05-22 00:00:00,2466762.131590001
2019-05-23 00:00:00,2419264.511590001
2019-05-24 00:00:00,2396169.0315900007
2019-05-27 00:00:00,2456963.7826799997
2019-05-28 00:00:00,2460116.0512400004
2019-05-29 00:00:00,2465803.2812400004
2019-05-30 00:00:00,2450179.8412400004
2019-05-31 00:00:00,2449669.1712400005
2019-06-03 00:00:00,2413625.0512400004
2019-06-04 00:00:00,2376024.0912399995
2019-06-05 00:00:00,2382885.129760001
2019-06-06 00:00:00,2328549.8697600006
2019-06-10 00:00:00,2354498.6297600004
2019-06-11 00:00:00,2431026.1397599997
2019-06-12 00:00:00,2422121.8839600007
2019-06-13 00:00:00,2441596.6639600005
2019-06-14 00:00:00,2381873.453960001
2019-06-17 00:00:00,2392065.49396
2019-06-18 00:00:00,2391607.21396
2019-06-19 00:00:00,2425681.6039600004
2019-06-20 00:00:00,2453636.29396
2019-06-21 00:00:00,2495671.3239599997
2019-06-24 00:00:00,2499598.10396
2019-06-25 00:00:00,2476642.57396
2019-06-26 00:00:00,2470165.6139599998
2019-06-27 00:00:00,2488118.71396
2019-06-28 00:00:00,2463460.473960001
2019-07-01 00:00:00,2531297.0439600004
2019-07-02 00:00:00,2533798.99396
2019-07-03 00:00:00,2505351.1539600003
2019-07-04 00:00:00,2492483.18396
2019-07-05 00:00:00,2509987.043960001
2019-07-08 00:00:00,2435781.88396
2019-07-09 00:00:00,2439501.80896
2019-07-10 00:00:00,2425303.1089600003
2019-07-11 00:00:00,2426140.0289600003
2019-07-12 00:00:00,2441269.33896
2019-07-15 00:00:00,2463637.688960001
2019-07-16 00:00:00,2485077.7189600007
2019-07-17 00:00:00,2483946.3489600006
2019-07-18 00:00:00,2440834.6489600004
2019-07-19 00:00:00,2450479.2489599995
2019-07-22 00:00:00,2401309.7989600003
2019-07-23 00:00:00,2437780.8389600003
2019-07-24 00:00:00,2466927.86896
2019-07-25 00:00:00,2464166.2589600002
2019-07-26 00:00:00,2468011.2989600007
2019-07-29 00:00:00,2473132.3389599994
2019-07-30 00:00:00,2487908.4589600014
2019-07-31 00:00:00,2469662.9189600004
2019-08-01 00:00:00,2472416.3389600003
2019-08-02 00:00:00,2437731.47896
2019-08-05 00:00:00,2410441.1489600004
2019-08-06 00:00:00,2340056.338960001
2019-08-07 00:00:00,2323036.7789600007
2019-08-08 00:00:00,2338147.7989600003
2019-08-09 00:00:00,2310797.0089600002
2019-08-12 00:00:00,2344283.8049600003
2019-08-13 00:00:00,2329519.770460001
2019-08-14 00:00:00,2347597.97072
2019-08-15 00:00:00,2344567.4507199996
2019-08-16 00:00:00,2354136.39072
2019-08-19 00:00:00,2412082.36072
2019-08-20 00:00:00,2421286.12072
2019-08-21 00:00:00,2430037.5923000006
2019-08-22 00:00:00,2445665.6922999998
2019-08-23 00:00:00,2444490.6522999997
2019-08-26 00:00:00,2432837.4923
2019-08-27 00:00:00,2477928.782300001
2019-08-28 00:00:00,2470384.4223000016
2019-08-29 00:00:00,2466744.27325
2019-08-30 00:00:00,2444684.2532500005
2019-09-02 00:00:00,2495174.456570001
2019-09-03 00:00:00,2505658.58657
2019-09-04 00:00:00,2534640.7065699995
2019-09-05 00:00:00,2569919.6765699997
2019-09-06 00:00:00,2587413.48657
2019-09-09 00:00:00,2649689.6365700006
2019-09-10 00:00:00,2654452.28729
2019-09-11 00:00:00,2642082.5072899996
2019-09-12 00:00:00,2649842.7982900008
2019-09-16 00:00:00,2667482.888289999
2019-09-17 00:00:00,2614823.96659
2019-09-18 00:00:00,2612600.89659
2019-09-19 00:00:00,2641693.1165900007
2019-09-20 00:00:00,2643857.8065899997
2019-09-23 00:00:00,2628945.03659
2019-09-24 00:00:00,2633674.5065900004
2019-09-25 00:00:00,2583163.8165900004
2019-09-26 00:00:00,2523215.67659
2019-09-27 00:00:00,2539390.7665900006
2019-09-30 00:00:00,2513295.39659
2019-10-08 00:00:00,2509165.736590001
2019-10-09 00:00:00,2529934.7565900004
2019-10-10 00:00:00,2572620.0065900004
2019-10-11 00:00:00,2569719.62659
2019-10-14 00:00:00,2607603.256590001
2019-10-15 00:00:00,2580490.6394900004
2019-10-16 00:00:00,2564492.9694899996
2019-10-17 00:00:00,2560035.539490001
2019-10-18 00:00:00,2528382.12949
2019-10-21 00:00:00,2528705.0626200004
2019-10-22 00:00:00,2554680.178600001
2019-10-23 00:00:00,2543430.438600001
2019-10-24 00:00:00,2540186.7786
2019-10-25 00:00:00,2552533.1286000004
2019-10-28 00:00:00,2583060.5486000003
2019-10-29 00:00:00,2562963.3986000004
2019-10-30 00:00:00,2545992.6319200005
2019-10-31 00:00:00,2511872.851920001
2019-11-01 00:00:00,2535419.1319200005
2019-11-04 00:00:00,2536444.64192
2019-11-05 00:00:00,2540257.0719200014
2019-11-06 00:00:00,2511915.9719199995
2019-11-07 00:00:00,2524586.41192
2019-11-08 00:00:00,2518425.84192
2019-11-11 00:00:00,2451789.9643200003
2019-11-12 00:00:00,2460995.28432
2019-11-13 00:00:00,2446699.9943199996
2019-11-14 00:00:00,2453752.0743200006
2019-11-15 00:00:00,2427459.0943200006
2019-11-18 00:00:00,2451058.8543200013
2019-11-19 00:00:00,2490031.2543200003
2019-11-20 00:00:00,2485128.4243200007
2019-11-21 00:00:00,2477163.0243200003
2019-11-22 00:00:00,2450423.5843200004
2019-11-25 00:00:00,2454851.4043199997
2019-11-26 00:00:00,2452394.32432
2019-11-27 00:00:00,2445219.57432
2019-11-28 00:00:00,2437997.6243200004
2019-11-29 00:00:00,2444733.76432
2019-12-02 00:00:00,2442191.46672
2019-12-03 00:00:00,2463841.25672
2019-12-04 00:00:00,2464049.5267200004
2019-12-05 00:00:00,2486774.9067199994
2019-12-06 00:00:00,2510897.706719999
2019-12-09 00:00:00,2521088.32672
2019-12-10 00:00:00,2529532.33672
2019-12-11 00:00:00,2529380.65672
2019-12-12 00:00:00,2537892.5367199997
2019-12-13 00:00:00,2568440.7967200004
2019-12-16 00:00:00,2606307.81672
2019-12-17 00:00:00,2632702.1531500006
2019-12-18 00:00:00,2629115.7931499993
2019-12-19 00:00:00,2658627.813150001
2019-12-20 00:00:00,2644134.8331500003
2019-12-23 00:00:00,2599606.94315
2019-12-24 00:00:00,2647378.83315
2019-12-25 00:00:00,2645763.1831500004
2019-12-26 00:00:00,2663593.1231499994
2019-12-27 00:00:00,2649202.71315
2019-12-30 00:00:00,2654927.173150001
2019-12-31 00:00:00,2658777.74315
2020-01-02 00:00:00,2709882.933150001
2020-01-03 00:00:00,2725601.0631499994
2020-01-06 00:00:00,2746899.7746700007
2020-01-07 00:00:00,2787642.3668800006
2020-01-08 00:00:00,2754303.51688
2020-01-09 00:00:00,2799056.2768800007
2020-01-10 00:00:00,2797106.036879999
2020-01-13 00:00:00,2823463.4168800004
2020-01-14 00:00:00,2819644.5768800005
2020-01-15 00:00:00,2809953.15688
2020-01-16 00:00:00,2793324.9568799995
2020-01-17 00:00:00,2795740.7268800004
2020-01-20 00:00:00,2814708.6168800006
2020-01-21 00:00:00,2778394.4268799997
2020-01-22 00:00:00,2774902.7813099995
2020-01-23 00:00:00,2679529.5348300007
2020-02-03 00:00:00,2447376.0322199995
2020-02-04 00:00:00,2423153.9548900006
2020-02-05 00:00:00,2476495.3980699996
2020-02-06 00:00:00,2521153.5080700004
2020-02-07 00:00:00,2562672.5080700004
2020-02-10 00:00:00,2596120.7880700007
2020-02-11 00:00:00,2586209.3088300005
2020-02-12 00:00:00,2627866.7088300013
2020-02-13 00:00:00,2596681.96258
2020-02-14 00:00:00,2600276.7425800003
2020-02-17 00:00:00,2675997.1625800007
2020-02-18 00:00:00,2710167.08258
2020-02-19 00:00:00,2730253.6125800004
2020-02-20 00:00:00,2771550.2283299994
2020-02-21 00:00:00,2791496.2683299994
2020-02-24 00:00:00,2838975.52305
2020-02-25 00:00:00,2844192.9366700007
2020-02-26 00:00:00,2836209.256670001
2020-02-27 00:00:00,2833095.81267
2020-02-28 00:00:00,2693381.3466700003
2020-03-02 00:00:00,2780446.1666699997
2020-03-03 00:00:00,2798554.75667
2020-03-04 00:00:00,2819240.7966699996
2020-03-05 00:00:00,2875190.75667
2020-03-06 00:00:00,2866584.57667
2020-03-09 00:00:00,2805527.6666700006
2020-03-10 00:00:00,2858647.56667
2020-03-11 00:00:00,2845145.2766700005
2020-03-12 00:00:00,2814368.8166700006
2020-03-13 00:00:00,2795297.056670001
2020-03-16 00:00:00,2696424.8266700003
2020-03-17 00:00:00,2662725.8766699997
2020-03-18 00:00:00,2617907.8266700003
2020-03-19 00:00:00,2626020.7466699993
2020-03-20 00:00:00,2656095.2266700002
2020-03-23 00:00:00,2575448.8666699994
2020-03-24 00:00:00,2618547.154669999
2020-03-25 00:00:00,2664258.0546700004
2020-03-26 00:00:00,2641483.29467
2020-03-27 00:00:00,2631787.54467
2020-03-30 00:00:00,2596376.694670001
2020-03-31 00:00:00,2601333.2146699997
2020-04-01 00:00:00,2589032.7846700004
2020-04-02 00:00:00,2623995.99467
2020-04-03 00:00:00,2618665.1046700003
2020-04-07 00:00:00,2672837.6104600006
2020-04-08 00:00:00,2693593.9204599992
2020-04-09 00:00:00,2709654.16046
2020-04-10 00:00:00,2655237.430459999
2020-04-13 00:00:00,2639726.07046
2020-04-14 00:00:00,2672370.7304599998
2020-04-15 00:00:00,2647584.7404600014
2020-04-16 00:00:00,2648221.9704600004
2020-04-17 00:00:00,2652186.94046
2020-04-20 00:00:00,2682706.716460001
2020-04-21 00:00:00,2670085.6564600007
2020-04-22 00:00:00,2683372.4464600007
2020-04-23 00:00:00,2676707.8264600006
2020-04-24 00:00:00,2633044.286460001
2020-04-27 00:00:00,2624521.186460001
2020-04-28 00:00:00,2562279.02846
2020-04-29 00:00:00,2569988.8993399995
2020-04-30 00:00:00,2618206.38934
2020-05-06 00:00:00,2662736.21934
2020-05-07 00:00:00,2656901.881240001
2020-05-08 00:00:00,2682518.79124
2020-05-11 00:00:00,2684498.1412400007
2020-05-12 00:00:00,2677700.33324
2020-05-13 00:00:00,2684087.4732399993
2020-05-14 00:00:00,2663659.5232400005
2020-05-15 00:00:00,2657186.2444
2020-05-18 00:00:00,2637320.5244000005
2020-05-19 00:00:00,2654295.204400001
2020-05-20 00:00:00,2625492.584400001
2020-05-21 00:00:00,2611168.444399999
2020-05-22 00:00:00,2590501.424400001
2020-05-25 00:00:00,2572122.2944000005
2020-05-26 00:00:00,2625333.2744
2020-05-27 00:00:00,2630003.900520002
2020-05-28 00:00:00,2631258.32179
2020-05-29 00:00:00,2646670.90179
2020-06-01 00:00:00,2713999.6617900007
2020-06-02 00:00:00,2740041.99179
2020-06-03 00:00:00,2752848.3580400003
2020-06-04 00:00:00,2751190.32944
2020-06-05 00:00:00,2745376.61944
2020-06-08 00:00:00,2750039.8394400002
2020-06-09 00:00:00,2758816.1494399994
2020-06-10 00:00:00,2746906.25644
2020-06-11 00:00:00,2738962.6864399994
2020-06-12 00:00:00,2745235.8464400005
2020-06-15 00:00:00,2730803.3868900007
2020-06-16 00:00:00,2756056.2468900005
2020-06-17 00:00:00,2758588.8908899995
2020-06-18 00:00:00,2772139.160890001
2020-06-19 00:00:00,2777455.50089
2020-06-22 00:00:00,2766377.49089
2020-06-23 00:00:00,2762641.000889999
2020-06-24 00:00:00,2756978.6497100005
2020-06-29 00:00:00,2750449.1697099996
2020-06-30 00:00:00,2778195.9497100003
2020-07-01 00:00:00,2781526.5097099994
2020-07-02 00:00:00,2812865.66971
2020-07-03 00:00:00,2839616.42871
2020-07-06 00:00:00,2943718.02871
2020-07-07 00:00:00,2950217.97399
2020-07-08 00:00:00,3021747.1639900003
2020-07-09 00:00:00,3080536.8954299996
2020-07-10 00:00:00,3044574.3491700008
2020-07-13 00:00:00,3150099.099170001
2020-07-14 00:00:00,3154992.2519499995
2020-07-15 00:00:00,3060760.0489500007
2020-07-16 00:00:00,2930414.9289700007
2020-07-17 00:00:00,2934650.9989700005
2020-07-20 00:00:00,3044657.4389700005
2020-07-21 00:00:00,3048404.4589699996
2020-07-22 00:00:00,3064819.0389699996
2020-07-23 00:00:00,3056745.08797
2020-07-24 00:00:00,2947945.9649900002
2020-07-27 00:00:00,2960483.664990001
2020-07-28 00:00:00,2985221.0558700003
2020-07-29 00:00:00,3061276.2558700005
2020-07-30 00:00:00,3073114.1458700006
2020-07-31 00:00:00,3096844.70587
2020-08-03 00:00:00,3211801.8258699994
2020-08-04 00:00:00,3217314.0308700004
2020-08-05 00:00:00,3255880.8012699997
2020-08-06 00:00:00,3264429.6112699998
2020-08-07 00:00:00,3231234.5412699995
2020-08-10 00:00:00,3249672.9512700005
2020-08-11 00:00:00,3187313.68486
2020-08-12 00:00:00,3165206.9048599997
2020-08-13 00:00:00,3200632.8748600003
2020-08-14 00:00:00,3219998.5848600003
2020-08-17 00:00:00,3285637.6448600013
2020-08-18 00:00:00,3313407.83366
2020-08-19 00:00:00,3275830.81366
2020-08-20 00:00:00,3227372.103659999
2020-08-21 00:00:00,3261820.24366
2020-08-24 00:00:00,3254357.5936599993
2020-08-25 00:00:00,3248153.6436600005
2020-08-26 00:00:00,3190356.55366
2020-08-27 00:00:00,3204295.81366
2020-08-28 00:00:00,3227481.4036600003
2020-08-31 00:00:00,3234028.293659999
2020-09-01 00:00:00,3251096.43366
2020-09-02 00:00:00,3268724.8636600003
2020-09-03 00:00:00,3241338.523659999
2020-09-04 00:00:00,3246622.0836600005
2020-09-07 00:00:00,3226638.593659999
2020-09-08 00:00:00,3248886.873660001
2020-09-09 00:00:00,3183365.4136600005
2020-09-10 00:00:00,3070768.2836599997
2020-09-11 00:00:00,3106249.40883
2020-09-14 00:00:00,3150311.678829999
2020-09-15 00:00:00,3144393.3588299993
2020-09-16 00:00:00,3141502.0888300007
2020-09-17 00:00:00,3139426.2188300006
2020-09-18 00:00:00,3172224.66883
2020-09-21 00:00:00,3166372.0888300007
2020-09-22 00:00:00,3100477.96883
2020-09-23 00:00:00,3120816.28883
2020-09-24 00:00:00,3046840.4388300003
2020-09-25 00:00:00,3021115.99222
2020-09-28 00:00:00,2974343.1362200007
2020-09-29 00:00:00,2989675.14622
2020-09-30 00:00:00,2995793.56622
2020-10-09 00:00:00,3066121.0537599996
2020-10-12 00:00:00,3138952.7337600007
2020-10-13 00:00:00,3144179.40376
2020-10-14 00:00:00,3119178.92376
2020-10-15 00:00:00,3104925.87376
2020-10-16 00:00:00,3105834.0637599993
2020-10-19 00:00:00,3112513.6237600003
2020-10-20 00:00:00,3133753.2837600005
2020-10-21 00:00:00,3096216.0437600003
2020-10-22 00:00:00,3075518.18376
2020-10-23 00:00:00,3042774.1437600004
2020-10-26 00:00:00,3042481.5237600007
2020-10-27 00:00:00,3037564.61376
2020-10-28 00:00:00,3053608.3437600005
2020-10-29 00:00:00,3038581.443760001
2020-10-30 00:00:00,2968468.36376
2020-11-02 00:00:00,2964146.0837600008
2020-11-03 00:00:00,3021546.59376
2020-11-04 00:00:00,3024611.0937600005
2020-11-05 00:00:00,3068994.188050001
2020-11-06 00:00:00,3044888.81805
2020-11-09 00:00:00,3099851.668050001
2020-11-10 00:00:00,3070763.16805
2020-11-11 00:00:00,3041562.4380499995
2020-11-12 00:00:00,3033444.10805
2020-11-13 00:00:00,3049504.78805
2020-11-16 00:00:00,3094610.5480499994
2020-11-17 00:00:00,3072434.285279999
2020-11-18 00:00:00,3106153.1252800007
2020-11-19 00:00:00,3113659.6340400004
2020-11-20 00:00:00,3131431.404040001
2020-11-23 00:00:00,3134200.3540400006
2020-11-24 00:00:00,3126747.8140399996
2020-11-25 00:00:00,3092036.784040001
2020-11-26 00:00:00,3068027.9840399995
2020-11-27 00:00:00,3087600.9540399997
2020-11-30 00:00:00,3091519.694040001
2020-12-01 00:00:00,3104667.2640400003
2020-12-02 00:00:00,3096832.004040001
2020-12-03 00:00:00,3086203.408140001
2020-12-04 00:00:00,3098386.738140001
2020-12-07 00:00:00,3091204.7081400002
2020-12-08 00:00:00,3084664.318140001
2020-12-09 00:00:00,3041822.838140001
2020-12-10 00:00:00,3036207.2481400003
2020-12-11 00:00:00,2998057.878140001
2020-12-14 00:00:00,3016334.044140001
2020-12-15 00:00:00,3017305.2041400005
2020-12-16 00:00:00,2987142.7641400006
2020-12-17 00:00:00,3011869.664139999
2020-12-18 00:00:00,3025133.59414
2020-12-21 00:00:00,3055306.064139999
2020-12-22 00:00:00,3008856.9441400003
2020-12-23 00:00:00,3039711.9408400003
2020-12-24 00:00:00,3016574.66084
2020-12-25 00:00:00,3040816.5208400004
2020-12-28 00:00:00,3024698.790840001
2020-12-29 00:00:00,2990628.5908400007
2020-12-30 00:00:00,3011654.45084
2020-12-31 00:00:00,3047173.5208400004
2021-01-04 00:00:00,3092372.3808399998
2021-01-05 00:00:00,3081709.040840001
2021-01-06 00:00:00,3044653.8808399998
2021-01-07 00:00:00,2987884.6109700003
2021-01-08 00:00:00,2986121.4655000004
2021-01-11 00:00:00,2938407.8455
2021-01-12 00:00:00,2962056.4355
2021-01-13 00:00:00,2929827.0055000004
2021-01-14 00:00:00,2947928.04925
2021-01-15 00:00:00,2949947.34925
2021-01-18 00:00:00,2983828.4892499996
2021-01-19 00:00:00,2999148.8992500002
2021-01-20 00:00:00,3005252.49925
2021-01-21 00:00:00,2999351.9692499996
2021-01-22 00:00:00,2975251.84925
2021-01-25 00:00:00,2952506.0392500004
2021-01-26 00:00:00,2928903.3792499998
2021-01-27 00:00:00,2935667.4846900003
2021-01-28 00:00:00,2911750.96469
2021-01-29 00:00:00,2878828.1246899995
2021-02-01 00:00:00,2915713.80672
2021-02-02 00:00:00,2907210.3567199996
2021-02-03 00:00:00,2886172.4967200006
2021-02-04 00:00:00,2834287.2867200007
2021-02-05 00:00:00,2809415.2167200004
2021-02-08 00:00:00,2832999.1217199992
2021-02-09 00:00:00,2865155.0362999993
2021-02-10 00:00:00,2884696.4162999997
2021-02-18 00:00:00,2944439.3803900005
2021-02-19 00:00:00,3019044.8303900007
2021-02-22 00:00:00,3059775.7603899995
2021-02-23 00:00:00,3064721.070390001
2021-02-24 00:00:00,3054482.6403900003
2021-02-25 00:00:00,3047420.49039
2021-02-26 00:00:00,3037256.02039
2021-03-01 00:00:00,3089203.5903899996
2021-03-02 00:00:00,3058992.5903899996
2021-03-03 00:00:00,3127891.5403900007
2021-03-04 00:00:00,3121342.8603900005
2021-03-05 00:00:00,3137417.8403900005
2021-03-08 00:00:00,3113486.9603900015
2021-03-09 00:00:00,3043248.09759
2021-03-10 00:00:00,3003952.6475900006
2021-03-11 00:00:00,3059748.807589999
2021-03-12 00:00:00,3078186.59855
2021-03-15 00:00:00,3084604.5502500003
2021-03-16 00:00:00,3120467.7102499995
2021-03-17 00:00:00,3119709.50025
2021-03-18 00:00:00,3117891.1902500005
2021-03-19 00:00:00,3111634.54025
2021-03-22 00:00:00,3161323.2602500003
2021-03-23 00:00:00,3122532.3702499997
2021-03-24 00:00:00,3093609.630249999
2021-03-25 00:00:00,3083133.4902500003
2021-03-26 00:00:00,3123413.040250001
2021-03-29 00:00:00,3142453.19025
2021-03-30 00:00:00,3127348.6602499997
2021-03-31 00:00:00,3118697.4649300002
2021-04-01 00:00:00,3107335.2330300002
2021-04-02 00:00:00,3099528.243030001
2021-04-06 00:00:00,3128515.403030001
2021-04-07 00:00:00,3159994.063030001
2021-04-08 00:00:00,3140815.1930299993
2021-04-09 00:00:00,3138045.5130300005
2021-04-12 00:00:00,3106910.77303
2021-04-13 00:00:00,3080740.5330300005
2021-04-14 00:00:00,3110756.7530300007
2021-04-15 00:00:00,3118765.0430300008
2021-04-16 00:00:00,3168173.6571700005
2021-04-19 00:00:00,3188437.1903500007
2021-04-20 00:00:00,3180478.95291
2021-04-21 00:00:00,3169259.0229100003
2021-04-22 00:00:00,3173549.212910001
2021-04-23 00:00:00,3146286.9129099995
2021-04-26 00:00:00,3122457.36291
2021-04-27 00:00:00,3103281.74291
2021-04-28 00:00:00,3101254.79291
2021-04-29 00:00:00,3096010.742909999
2021-04-30 00:00:00,3077687.4829100007
2021-05-06 00:00:00,3107986.57291
2021-05-07 00:00:00,3113990.653910001
2021-05-10 00:00:00,3127434.4739099997
2021-05-11 00:00:00,3147456.19391
2021-05-12 00:00:00,3182236.5139099983
2021-05-13 00:00:00,3174459.5021699998
2021-05-14 00:00:00,3200101.4421700006
2021-05-17 00:00:00,3157664.79217
2021-05-18 00:00:00,3168037.3822199996
2021-05-19 00:00:00,3159943.05222
2021-05-20 00:00:00,3161302.852220001
2021-05-21 00:00:00,3180856.6022200002
2021-05-24 00:00:00,3198161.2622200004
2021-05-25 00:00:00,3220210.3122200007
2021-05-26 00:00:00,3237512.442220001
2021-05-27 00:00:00,3268948.4122200003
2021-05-28 00:00:00,3269998.6022200007
2021-05-31 00:00:00,3310976.61222
2021-06-01 00:00:00,3339539.09429
2021-06-02 00:00:00,3323443.94429
2021-06-03 00:00:00,3331175.93429
2021-06-04 00:00:00,3326563.84367
2021-06-07 00:00:00,3344576.26367
2021-06-08 00:00:00,3352049.8020700007
2021-06-09 00:00:00,3373056.75416
2021-06-10 00:00:00,3396251.5651599998
2021-06-11 00:00:00,3378944.8451600005
2021-06-15 00:00:00,3352120.145160001
2021-06-16 00:00:00,3340117.4251599987
2021-06-17 00:00:00,3352410.5097400006
2021-06-18 00:00:00,3376399.55474
2021-06-21 00:00:00,3403013.5247399993
2021-06-22 00:00:00,3413209.3547400003
2021-06-23 00:00:00,3416611.1547399997
2021-06-24 00:00:00,3417310.974739999
2021-06-25 00:00:00,3434555.394740001
2021-06-28 00:00:00,3464306.754740001
2021-06-29 00:00:00,3458580.7347399998
2021-06-30 00:00:00,3487888.854740001
2021-07-01 00:00:00,3455384.1473799995
2021-07-02 00:00:00,3452131.85738
2021-07-05 00:00:00,3481236.437379999
2021-07-06 00:00:00,3488564.6173799997
2021-07-07 00:00:00,3509450.56738
2021-07-08 00:00:00,3498544.7073799996
2021-07-09 00:00:00,3524741.9773800005
2021-07-12 00:00:00,3565740.5633000005
2021-07-13 00:00:00,3582491.5133000007
2021-07-14 00:00:00,3553051.5232999995
2021-07-15 00:00:00,3537898.4233
2021-07-16 00:00:00,3544440.9433000004
2021-07-19 00:00:00,3534797.123299999
2021-07-20 00:00:00,3540546.5233000005
2021-07-21 00:00:00,3571742.5533000007
2021-07-22 00:00:00,3580773.053299999
2021-07-23 00:00:00,3582906.0299800006
2021-07-26 00:00:00,3557804.5299799996
2021-07-27 00:00:00,3499548.9501799997
2021-07-28 00:00:00,3443634.3601800003
2021-07-29 00:00:00,3502460.1158599993
2021-07-30 00:00:00,3527396.8058599993
2021-08-02 00:00:00,3574697.8152600005
2021-08-03 00:00:00,3570192.5452600014
2021-08-04 00:00:00,3609682.8395
2021-08-05 00:00:00,3602846.1495000003
2021-08-06 00:00:00,3635548.8595000003
2021-08-09 00:00:00,3664725.7795
2021-08-10 00:00:00,3711940.371499999
2021-08-11 00:00:00,3748068.7315000007
2021-08-12 00:00:00,3762431.8434800003
2021-08-13 00:00:00,3784803.65348
2021-08-16 00:00:00,3790305.8246000004
2021-08-17 00:00:00,3713911.2095999997
2021-08-18 00:00:00,3736338.8296
2021-08-19 00:00:00,3715139.114
2021-08-20 00:00:00,3699231.744000001
2021-08-23 00:00:00,3757564.654
2021-08-24 00:00:00,3771249.8040000005
2021-08-25 00:00:00,3810261.984
2021-08-26 00:00:00,3802459.6840000004
2021-08-27 00:00:00,3807336.5739999996
2021-08-30 00:00:00,3829057.9340000013
2021-08-31 00:00:00,3845485.164000001
2021-09-01 00:00:00,3838401.7840000014
2021-09-02 00:00:00,3860082.4240000006
2021-09-03 00:00:00,3859290.7739999997
2021-09-06 00:00:00,3901424.4540000004
2021-09-07 00:00:00,3928278.55656
2021-09-08 00:00:00,3945217.2765600006
2021-09-09 00:00:00,3958323.506559999
2021-09-10 00:00:00,3932345.9065599996
2021-09-13 00:00:00,3936773.0165599994
2021-09-14 00:00:00,3894855.0065600006
2021-09-15 00:00:00,3940253.13656
2021-09-16 00:00:00,3913853.0005499995
2021-09-17 00:00:00,3908251.6905500004
2021-09-22 00:00:00,3918358.940550001
2021-09-23 00:00:00,3933587.5805499996
2021-09-24 00:00:00,3860069.1405500006
2021-09-27 00:00:00,3762574.4705499993
2021-09-28 00:00:00,3779728.070549999
2021-09-29 00:00:00,3699741.2205499997
2021-09-30 00:00:00,3746419.020549999
2021-10-08 00:00:00,3802234.5405499996
2021-10-11 00:00:00,3801268.24055
2021-10-12 00:00:00,3754981.42055
2021-10-13 00:00:00,3743458.0405500005
2021-10-14 00:00:00,3761323.3530699997
2021-10-15 00:00:00,3745052.48307
2021-10-18 00:00:00,3781296.90307
2021-10-19 00:00:00,3789703.4430700005
2021-10-20 00:00:00,3778121.4730700003
2021-10-21 00:00:00,3754423.82307
2021-10-22 00:00:00,3711415.1064400007
2021-10-25 00:00:00,3726634.6464400007
2021-10-26 00:00:00,3701018.1664400003
2021-10-27 00:00:00,3625502.69644
2021-10-28 00:00:00,3543189.803889999
2021-10-29 00:00:00,3601712.74223
2021-11-01 00:00:00,3652667.1022300012
2021-11-02 00:00:00,3600587.8870300017
2021-11-03 00:00:00,3613856.547030001
2021-11-04 00:00:00,3655378.2970300005
2021-11-05 00:00:00,3651894.574729999
2021-11-08 00:00:00,3672917.91473
2021-11-09 00:00:00,3723954.6047299993
2021-11-10 00:00:00,3753960.914730001
2021-11-11 00:00:00,3788755.4974499997
2021-11-12 00:00:00,3818867.184649999
2021-11-15 00:00:00,3851050.3031299994
2021-11-16 00:00:00,3810233.323130001
2021-11-17 00:00:00,3856767.4931299984
2021-11-18 00:00:00,3826320.6531300023
2021-11-19 00:00:00,3863757.6631300007
2021-11-22 00:00:00,3872238.8931300016
2021-11-23 00:00:00,3907303.5431300006
2021-11-24 00:00:00,3936660.32625
2021-11-25 00:00:00,3930397.25713
2021-11-26 00:00:00,3919815.5171300005
2021-11-29 00:00:00,3926694.7083900003
2021-11-30 00:00:00,3952577.03839
2021-12-01 00:00:00,4021277.2897900003
2021-12-02 00:00:00,3988607.85041
2021-12-03 00:00:00,3987599.2104100008
2021-12-06 00:00:00,3933956.2804100006
2021-12-07 00:00:00,3932740.69409
2021-12-08 00:00:00,3967184.6581399995
2021-12-09 00:00:00,3969421.9021400004
2021-12-10 00:00:00,3991430.8021400007
2021-12-13 00:00:00,4015478.332140002
2021-12-14 00:00:00,4048064.6721399995
2021-12-15 00:00:00,4054941.2221399997
2021-12-16 00:00:00,4086826.00614
2021-12-17 00:00:00,4077701.9320199993
2021-12-20 00:00:00,4056851.1820200006
2021-12-21 00:00:00,4115089.3720199987
2021-12-22 00:00:00,4154381.4320199993
2021-12-23 00:00:00,4136815.3920199997
2021-12-24 00:00:00,4080339.2156099994
2021-12-27 00:00:00,4098938.8656100007
2021-12-28 00:00:00,4099264.34561
2021-12-29 00:00:00,4114796.0156100006
2021-12-30 00:00:00,4157711.218349999
2021-12-31 00:00:00,4174402.6083500003
2022-01-04 00:00:00,4225296.76835
2022-01-05 00:00:00,4176174.7883499996
2022-01-06 00:00:00,4206343.69835
2022-01-07 00:00:00,4157553.878349999
2022-01-10 00:00:00,4181813.0683500003
2022-01-11 00:00:00,4165379.2083499995
2022-01-12 00:00:00,4201962.529670001
2022-01-13 00:00:00,4181323.878989999
2022-01-14 00:00:00,4132349.4889900014
2022-01-17 00:00:00,4181433.128989999
2022-01-18 00:00:00,4109451.5689900005
2022-01-19 00:00:00,4142137.439970001
2022-01-20 00:00:00,4050188.60311
2022-01-21 00:00:00,4021692.7531100013
2022-01-24 00:00:00,4004127.3031099997
2022-01-25 00:00:00,3879456.313109999
2022-01-26 00:00:00,3905039.5931100002
2022-01-27 00:00:00,3797923.0931099984
2022-01-28 00:00:00,3845562.8763099997
2022-02-07 00:00:00,3893551.0463099987
2022-02-08 00:00:00,3953488.186310001
2022-02-09 00:00:00,3981163.4092699997
2022-02-10 00:00:00,3975008.0292700008
2022-02-11 00:00:00,3910830.559270001
2022-02-14 00:00:00,3920689.4192699986
2022-02-15 00:00:00,3917082.757510001
2022-02-16 00:00:00,3963578.1804500017
2022-02-17 00:00:00,3945930.810450002
2022-02-18 00:00:00,3977735.130450001
2022-02-21 00:00:00,4019592.0804500007
2022-02-22 00:00:00,3971263.0324499994
2022-02-23 00:00:00,4027813.45245
2022-02-24 00:00:00,3943771.652449997
2022-02-25 00:00:00,3977918.0924500003
2022-02-28 00:00:00,3955677.9824500014
2022-03-01 00:00:00,3993596.082450001
2022-03-02 00:00:00,4011752.9424499995
2022-03-03 00:00:00,4028065.62245
2022-03-04 00:00:00,3978420.2824600004
2022-03-07 00:00:00,3935119.811259999
2022-03-08 00:00:00,3811747.5915000006
2022-03-09 00:00:00,3751747.4415000007
2022-03-10 00:00:00,3804658.8236000016
2022-03-11 00:00:00,3829279.133600001
2022-03-14 00:00:00,3720648.0236
2022-03-15 00:00:00,3523420.2736
2022-03-16 00:00:00,3632824.469629999
2022-03-17 00:00:00,3685221.0596299996
2022-03-18 00:00:00,3756860.3596300003
2022-03-21 00:00:00,3806299.309629999
2022-03-22 00:00:00,3813489.157329999
2022-03-23 00:00:00,3808055.2773299995
2022-03-24 00:00:00,3768461.897329999
2022-03-25 00:00:00,3762837.727330001
2022-03-28 00:00:00,3762304.8073300007
2022-03-29 00:00:00,3730187.1773300017
2022-03-30 00:00:00,3771340.0123300003
2022-03-31 00:00:00,3792844.681720001
2022-04-01 00:00:00,3776898.66172
2022-04-06 00:00:00,3828168.1728799986
2022-04-07 00:00:00,3760017.96504
2022-04-08 00:00:00,3746047.8050400005
2022-04-11 00:00:00,3641927.7849000003
2022-04-12 00:00:00,3703288.9849900026
2022-04-13 00:00:00,3638069.1349899992
2022-04-14 00:00:00,3664692.6765699997
2022-04-15 00:00:00,3611483.2865699995
2022-04-18 00:00:00,3626473.2423700006
2022-04-19 00:00:00,3672228.8723700005
2022-04-20 00:00:00,3653814.8566499986
2022-04-21 00:00:00,3536052.7566500003
2022-04-22 00:00:00,3510035.3777300017
2022-04-25 00:00:00,3260370.733389999
2022-04-26 00:00:00,3129773.234760001
2022-04-27 00:00:00,3178835.8150099996
2022-04-28 00:00:00,3116713.57223
2022-04-29 00:00:00,3252173.83884
2022-05-05 00:00:00,3304041.59884
2022-05-06 00:00:00,3271142.7488400005
2022-05-09 00:00:00,3323968.003679999
2022-05-10 00:00:00,3377329.6136799986
2022-05-11 00:00:00,3380699.25523
2022-05-12 00:00:00,3404763.5201499998
2022-05-13 00:00:00,3429007.34075
2022-05-16 00:00:00,3435208.62075
2022-05-17 00:00:00,3437123.3019399997
2022-05-18 00:00:00,3469460.0303400015
2022-05-19 00:00:00,3509852.6003399985
2022-05-20 00:00:00,3538438.5674899993
2022-05-23 00:00:00,3583333.690290002
2022-05-24 00:00:00,3439916.3902899995
2022-05-25 00:00:00,3512352.8402899997
2022-05-26 00:00:00,3530820.28029
2022-05-27 00:00:00,3568309.6902899994
2022-05-30 00:00:00,3614990.33092
2022-05-31 00:00:00,3645737.1682999986
2022-06-01 00:00:00,3678082.9983
2022-06-02 00:00:00,3753153.3483000007
2022-06-06 00:00:00,3806662.278300001
2022-06-07 00:00:00,3763955.846210001
2022-06-08 00:00:00,3754568.6262100004
2022-06-09 00:00:00,3678852.29621
2022-06-10 00:00:00,3750988.44375
2022-06-13 00:00:00,3754909.682189998
2022-06-14 00:00:00,3742153.2421899987
2022-06-15 00:00:00,3729891.7221900006
2022-06-16 00:00:00,3759463.98219
2022-06-17 00:00:00,3775264.7121899994
2022-06-20 00:00:00,3816708.4621900013
2022-06-21 00:00:00,3799400.562190001
2022-06-22 00:00:00,3750979.092190001
2022-06-23 00:00:00,3828730.2321900004
2022-06-24 00:00:00,3863133.6721900003
2022-06-27 00:00:00,3867845.49219
2022-06-28 00:00:00,3952423.1521899994
2022-06-29 00:00:00,3862695.392190002
2022-06-30 00:00:00,3897965.7121900013
2022-07-01 00:00:00,3868013.592190001
2022-07-04 00:00:00,3881189.17342
2022-07-05 00:00:00,3829118.155579999
2022-07-06 00:00:00,3790006.565580001
2022-07-07 00:00:00,3837106.835580002
2022-07-08 00:00:00,3845534.8855799986
2022-07-11 00:00:00,3827098.23558
2022-07-12 00:00:00,3772340.405579999
2022-07-13 00:00:00,3822047.2455799975
2022-07-14 00:00:00,3869166.3255800013
2022-07-15 00:00:00,3800552.28597
2022-07-18 00:00:00,3910002.00475
2022-07-19 00:00:00,3953227.954750001
2022-07-20 00:00:00,3990181.76475
2022-07-21 00:00:00,3968265.3071699995
2022-07-22 00:00:00,3962384.377170001
2022-07-25 00:00:00,3915241.6571700005
2022-07-26 00:00:00,3951911.20717
2022-07-27 00:00:00,4002516.12652
2022-07-28 00:00:00,4035747.3365200018
2022-07-29 00:00:00,4028873.2165199984
2022-08-01 00:00:00,4081130.1965199974
2022-08-02 00:00:00,3928140.85104
2022-08-03 00:00:00,3922195.5710400017
2022-08-04 00:00:00,3972564.0290399995
2022-08-05 00:00:00,4027839.279710002
2022-08-08 00:00:00,4104266.8926100004
2022-08-09 00:00:00,4138606.8125099996
2022-08-10 00:00:00,4160495.1025100006
2022-08-11 00:00:00,4198098.432990001
2022-08-12 00:00:00,4184045.252990001
2022-08-15 00:00:00,4201136.582990001
2022-08-16 00:00:00,4240056.862989999
2022-08-17 00:00:00,4252999.3929900015
2022-08-18 00:00:00,4269951.992989998
2022-08-19 00:00:00,4184815.2019900004
2022-08-22 00:00:00,4195665.871989998
2022-08-23 00:00:00,4235973.821989999
2022-08-24 00:00:00,4110735.528630001
2022-08-25 00:00:00,4092880.8786299997
2022-08-26 00:00:00,4081652.778629999
2022-08-29 00:00:00,4131171.0486299987
2022-08-30 00:00:00,4098415.788629999
2022-08-31 00:00:00,3960036.643830001
2022-09-01 00:00:00,3951621.78383
2022-09-02 00:00:00,4004010.0638300017
2022-09-05 00:00:00,4024016.034789999
2022-09-06 00:00:00,4059933.9747899985
2022-09-07 00:00:00,4075953.664790001
2022-09-08 00:00:00,4042772.8847899986
2022-09-09 00:00:00,4021040.484789999
2022-09-13 00:00:00,4034920.964789999
2022-09-14 00:00:00,4020241.26479
2022-09-15 00:00:00,3936926.2247900004
2022-09-16 00:00:00,3858371.424790001
2022-09-19 00:00:00,3807187.9347900013
2022-09-20 00:00:00,3863464.4147899994
2022-09-21 00:00:00,3899245.4347899994
2022-09-22 00:00:00,3875650.9647899996
2022-09-23 00:00:00,3814676.73473
2022-09-26 00:00:00,3731837.2691099984
2022-09-27 00:00:00,3829711.4505100003
2022-09-28 00:00:00,3740146.280510001
2022-09-29 00:00:00,3724753.5633500004
2022-09-30 00:00:00,3678084.86335
2022-10-10 00:00:00,3605674.41876
2022-10-11 00:00:00,3618882.069760001
2022-10-12 00:00:00,3727647.7274100003
2022-10-13 00:00:00,3770700.227409999
2022-10-14 00:00:00,3852018.5074099996
2022-10-17 00:00:00,3914452.893609999
2022-10-18 00:00:00,3924275.6636099988
2022-10-19 00:00:00,3898045.94361
2022-10-20 00:00:00,3885774.05361
2022-10-21 00:00:00,3898021.74361
2022-10-24 00:00:00,3867097.9197399993
2022-10-25 00:00:00,3848602.8997400003
2022-10-26 00:00:00,3925459.5497400006
2022-10-27 00:00:00,3914116.8497400014
2022-10-28 00:00:00,3779295.1197400014
2022-10-31 00:00:00,3853745.0697399992
2022-11-01 00:00:00,3947477.139739998
2022-11-02 00:00:00,3974265.809739999
2022-11-03 00:00:00,4000229.609739999
2022-11-04 00:00:00,4054929.209740001
2022-11-07 00:00:00,4092064.29062
2022-11-08 00:00:00,4090827.7106200014
2022-11-09 00:00:00,4107040.4469199996
2022-11-10 00:00:00,4126841.3869199995
2022-11-11 00:00:00,4129492.28692
2022-11-14 00:00:00,4124626.8769200006
2022-11-15 00:00:00,4202437.039920001
2022-11-16 00:00:00,4198392.68992
2022-11-17 00:00:00,4226785.998559997
2022-11-18 00:00:00,4191114.5543899992
2022-11-21 00:00:00,4211727.09439
2022-11-22 00:00:00,4156643.3790899995
2022-11-23 00:00:00,4118681.7590899994
2022-11-24 00:00:00,4131834.91909
2022-11-25 00:00:00,4102543.279090003
2022-11-28 00:00:00,4082796.14909
2022-11-29 00:00:00,4152146.7490899977
2022-11-30 00:00:00,4156390.7062799996
2022-12-01 00:00:00,4175069.8762800004
2022-12-02 00:00:00,4231116.966280001
2022-12-05 00:00:00,4258784.44628
2022-12-06 00:00:00,4228667.53298
2022-12-07 00:00:00,4226188.592979999
2022-12-08 00:00:00,4215606.512979997
2022-12-09 00:00:00,4196806.822980001
2022-12-12 00:00:00,4186499.7702600006
2022-12-13 00:00:00,4157422.70026
2022-12-14 00:00:00,4130884.40026
2022-12-15 00:00:00,4152738.630260001
2022-12-16 00:00:00,4097966.9346600007
2022-12-19 00:00:00,3983258.9188300003
2022-12-20 00:00:00,3965729.898830001
2022-12-21 00:00:00,3929558.618829999
2022-12-22 00:00:00,3862094.588829999
2022-12-23 00:00:00,3859096.5760299996
2022-12-26 00:00:00,3917882.892590001
2022-12-27 00:00:00,3936875.2325900015
2022-12-28 00:00:00,3874096.2225899994
2022-12-29 00:00:00,3877413.1725900006
2022-12-30 00:00:00,3912372.7825899995
2023-01-03 00:00:00,4009068.6725900006
2023-01-04 00:00:00,4041474.10259
2023-01-05 00:00:00,4052976.93259
2023-01-06 00:00:00,4042342.5425899993
2023-01-09 00:00:00,4073504.6925900006
2023-01-10 00:00:00,4075994.8225900014
2023-01-11 00:00:00,4035183.542589998
2023-01-12 00:00:00,4032288.7325899983
2023-01-13 00:00:00,4042586.9225900015
2023-01-16 00:00:00,4091500.3525900003
2023-01-17 00:00:00,4088610.0725900005
2023-01-18 00:00:00,4117513.18259
2023-01-19 00:00:00,4162077.3725900017
2023-01-20 00:00:00,4173125.902590002
2023-01-30 00:00:00,4244345.262590001
2023-01-31 00:00:00,4269336.39259
2023-02-01 00:00:00,4346878.812590002
2023-02-02 00:00:00,4369071.121029999
2023-02-03 00:00:00,4394624.346660002
2023-02-06 00:00:00,4399218.426360002
2023-02-07 00:00:00,4422969.487640001
2023-02-08 00:00:00,4402953.540999999
2023-02-09 00:00:00,4463337.421
2023-02-10 00:00:00,4461535.750319998
2023-02-13 00:00:00,4510880.100319998
2023-02-14 00:00:00,4506115.450319999
2023-02-15 00:00:00,4521510.561120001
2023-02-16 00:00:00,4418657.221120003
2023-02-17 00:00:00,4385897.531119999
2023-02-20 00:00:00,4450859.731120001
2023-02-21 00:00:00,4463001.811119999
2023-02-22 00:00:00,4487433.59112
2023-02-23 00:00:00,4489097.31002
2023-02-24 00:00:00,4489928.840019999
2023-02-27 00:00:00,4439372.788970002
2023-02-28 00:00:00,4486402.68897
2023-03-01 00:00:00,4544655.00897
2023-03-02 00:00:00,4530186.5689699985
2023-03-03 00:00:00,4533388.283969997
2023-03-06 00:00:00,4534143.00397
2023-03-07 00:00:00,4428858.053969999
2023-03-08 00:00:00,4477343.573970002
2023-03-09 00:00:00,4505254.209969998
2023-03-10 00:00:00,4455933.40997
2023-03-13 00:00:00,4464759.939970001
2023-03-14 00:00:00,4399275.499969999
2023-03-15 00:00:00,4447780.211469999
2023-03-16 00:00:00,4384061.929769998
2023-03-17 00:00:00,4413700.229769999
2023-03-20 00:00:00,4390514.639769999
2023-03-21 00:00:00,4467171.379769999
2023-03-22 00:00:00,4505977.459769998
2023-03-23 00:00:00,4507065.829769999
2023-03-24 00:00:00,4513883.41977
2023-03-27 00:00:00,4529152.459080001
2023-03-28 00:00:00,4497863.509079998
2023-03-29 00:00:00,4469345.120460002
2023-03-30 00:00:00,4440922.063530001
2023-03-31 00:00:00,4483587.973530001
2023-04-03 00:00:00,4530680.84553
2023-04-04 00:00:00,4496832.74553
2023-04-06 00:00:00,4483833.55353
2023-04-07 00:00:00,4514998.113530001
2023-04-10 00:00:00,4438895.05353
2023-04-11 00:00:00,4456900.616589999
2023-04-12 00:00:00,4520213.0865899995
2023-04-13 00:00:00,4520943.606589999
2023-04-14 00:00:00,4545468.4120700015
2023-04-17 00:00:00,4542351.852069999
2023-04-18 00:00:00,4522313.38207
2023-04-19 00:00:00,4507960.430070001
2023-04-20 00:00:00,4501340.150070001
2023-04-21 00:00:00,4386773.748069999
2023-04-24 00:00:00,4367296.52807
2023-04-25 00:00:00,4321142.858069999
2023-04-26 00:00:00,4364250.598069999
2023-04-27 00:00:00,4371877.78807
2023-04-28 00:00:00,4454760.84709
2023-05-04 00:00:00,4451598.37709
2023-05-05 00:00:00,4429406.78709
2023-05-08 00:00:00,4442230.37709
2023-05-09 00:00:00,4376894.64806
2023-05-10 00:00:00,4408069.94806
2023-05-11 00:00:00,4455907.748059998
2023-05-12 00:00:00,4430264.5680599995
2023-05-15 00:00:00,4469894.478059999
2023-05-16 00:00:00,4455608.37806
2023-05-17 00:00:00,4494025.0680599995
2023-05-18 00:00:00,4524868.628059999
2023-05-19 00:00:00,4532816.08806
2023-05-22 00:00:00,4550883.48806
2023-05-23 00:00:00,4517231.479360001
2023-05-24 00:00:00,4525134.159359999
2023-05-25 00:00:00,4515145.109360002
2023-05-26 00:00:00,4532359.929359999
2023-05-29 00:00:00,4509404.389359999
2023-05-30 00:00:00,4527474.169360001
2023-05-31 00:00:00,4514744.2593600005
2023-06-01 00:00:00,4560137.169360001
2023-06-02 00:00:00,4576732.22936
2023-06-05 00:00:00,4601922.9293599995
2023-06-06 00:00:00,4526687.649360001
2023-06-07 00:00:00,4560510.999360001
2023-06-08 00:00:00,4551246.399360001
2023-06-09 00:00:00,4564697.369360001
2023-06-12 00:00:00,4602067.30936
2023-06-13 00:00:00,4622350.915359999
2023-06-14 00:00:00,4615394.732080001
2023-06-15 00:00:00,4601608.012079999
2023-06-16 00:00:00,4634194.802080003
2023-06-19 00:00:00,4646913.70208
2023-06-20 00:00:00,4633705.41068
2023-06-21 00:00:00,4605665.61978
2023-06-26 00:00:00,4551703.969780001
2023-06-27 00:00:00,4628713.989780001
2023-06-28 00:00:00,4621782.299779999
2023-06-29 00:00:00,4664869.70978
2023-06-30 00:00:00,4707214.759779999
2023-07-03 00:00:00,4713123.82978
2023-07-04 00:00:00,4755087.6592999995
2023-07-05 00:00:00,4737008.5093
2023-07-06 00:00:00,4741354.7393000005
2023-07-07 00:00:00,4712466.5393
2023-07-10 00:00:00,4710656.921300001
2023-07-11 00:00:00,4742278.371300001
2023-07-12 00:00:00,4698400.711300001
2023-07-13 00:00:00,4734830.0513
2023-07-14 00:00:00,4732053.521300001
2023-07-17 00:00:00,4709689.029200001
2023-07-18 00:00:00,4708916.7592
2023-07-19 00:00:00,4702620.533999999
2023-07-20 00:00:00,4663233.564
2023-07-21 00:00:00,4624328.823999999
2023-07-24 00:00:00,4635222.499600003
2023-07-25 00:00:00,4694757.419600001
2023-07-26 00:00:00,4669272.0596
2023-07-27 00:00:00,4654203.399600001
2023-07-28 00:00:00,4669113.0496
2023-07-31 00:00:00,4680149.0596
2023-08-01 00:00:00,4668687.8566
2023-08-02 00:00:00,4666367.9466
2023-08-03 00:00:00,4646782.276600001
2023-08-04 00:00:00,4642097.2382000005
2023-08-07 00:00:00,4616747.118200001
2023-08-08 00:00:00,4621301.768200001
2023-08-09 00:00:00,4580688.8282
2023-08-10 00:00:00,4602732.848200002
2023-08-11 00:00:00,4553863.8382
2023-08-14 00:00:00,4563949.4682
2023-08-15 00:00:00,4540275.168199999
2023-08-16 00:00:00,4506434.248200001
2023-08-17 00:00:00,4563276.438200002
2023-08-18 00:00:00,4522721.018199999
2023-08-21 00:00:00,4490850.068200001
2023-08-22 00:00:00,4487816.448200001
2023-08-23 00:00:00,4433062.75975
2023-08-24 00:00:00,4429365.83994
2023-08-25 00:00:00,4367403.449940001
2023-08-28 00:00:00,4391479.985819999
2023-08-29 00:00:00,4518581.67582
2023-08-30 00:00:00,4550308.415820002
2023-08-31 00:00:00,4514543.73582
2023-09-01 00:00:00,4514317.345819999
2023-09-04 00:00:00,4549906.535819999
2023-09-05 00:00:00,4536530.19582
2023-09-06 00:00:00,4568142.50582
2023-09-07 00:00:00,4520598.72582
2023-09-08 00:00:00,4529490.895820001
2023-09-11 00:00:00,4548712.895820001
2023-09-12 00:00:00,4543483.28582
2023-09-13 00:00:00,4509408.975820001
2023-09-14 00:00:00,4484279.90582
2023-09-15 00:00:00,4485975.125820001
2023-09-18 00:00:00,4514717.03582
2023-09-19 00:00:00,4482023.08582
2023-09-20 00:00:00,4461654.0558199985
2023-09-21 00:00:00,4441551.16832
2023-09-22 00:00:00,4509366.458320001
2023-09-25 00:00:00,4507287.688319999
2023-09-26 00:00:00,4486027.14832
2023-09-27 00:00:00,4491609.037460001
2023-09-28 00:00:00,4530749.237460001
2023-10-09 00:00:00,4517485.867460001
2023-10-10 00:00:00,4519697.967460001
2023-10-11 00:00:00,4517556.137460001
2023-10-12 00:00:00,4535229.397459999
2023-10-13 00:00:00,4517245.51746
2023-10-16 00:00:00,4507853.747459999
2023-10-17 00:00:00,4508380.5674600005
2023-10-18 00:00:00,4462133.395900001
2023-10-19 00:00:00,4450083.96596
2023-10-20 00:00:00,4426587.375960002
2023-10-23 00:00:00,4349390.325960001
2023-10-24 00:00:00,4428567.034530001
2023-10-25 00:00:00,4487981.42453
2023-10-26 00:00:00,4477880.91453
2023-10-27 00:00:00,4506297.594530002
2023-10-30 00:00:00,4538399.534530001
2023-10-31 00:00:00,4526978.244530001
2023-11-01 00:00:00,4545181.624530001
2023-11-02 00:00:00,4516822.46934
2023-11-03 00:00:00,4558623.169349999
2023-11-06 00:00:00,4597564.719350001
2023-11-07 00:00:00,4612451.39935
2023-11-08 00:00:00,4613611.119350001
2023-11-09 00:00:00,4612661.76935
2023-11-10 00:00:00,4624547.407350001
2023-11-13 00:00:00,4649350.657350002
2023-11-14 00:00:00,4655330.05735
2023-11-15 00:00:00,4670524.307349999
2023-11-16 00:00:00,4663941.9561600005
2023-11-17 00:00:00,4692767.94616
2023-11-20 00:00:00,4722497.60616
2023-11-21 00:00:00,4719592.876160001
2023-11-22 00:00:00,4715584.436159999
2023-11-23 00:00:00,4757428.71616
2023-11-24 00:00:00,4725289.526159999
2023-11-27 00:00:00,4728062.80616
2023-11-28 00:00:00,4755550.66616
2023-11-29 00:00:00,4725313.260599999
2023-11-30 00:00:00,4701870.34592
2023-12-01 00:00:00,4712360.81592
2023-12-04 00:00:00,4722118.985920001
2023-12-05 00:00:00,4682127.06592
2023-12-06 00:00:00,4712463.51592
2023-12-07 00:00:00,4709201.1659200005
2023-12-08 00:00:00,4657603.56463
2023-12-11 00:00:00,4686450.19239
2023-12-12 00:00:00,4708713.042390001
2023-12-13 00:00:00,4703992.792390001
2023-12-14 00:00:00,4704763.83239
2023-12-15 00:00:00,4699168.94839
2023-12-18 00:00:00,4663276.708389999
2023-12-19 00:00:00,4673709.20839
2023-12-20 00:00:00,4652883.63839
2023-12-21 00:00:00,4676162.57839
2023-12-22 00:00:00,4648048.14839
2023-12-25 00:00:00,4643871.98204
2023-12-26 00:00:00,4599349.002040001
2023-12-27 00:00:00,4633441.488840001
2023-12-28 00:00:00,4671588.17884
2023-12-29 00:00:00,4714314.62884
2024-01-02 00:00:00,4728275.438839999
2024-01-03 00:00:00,4719720.628840001
2024-01-04 00:00:00,4719885.08684
2024-01-05 00:00:00,4692324.77684
2024-01-08 00:00:00,4659953.82644
2024-01-09 00:00:00,4674545.906440001
2024-01-10 00:00:00,4656755.82175
2024-01-11 00:00:00,4683040.091750001
2024-01-12 00:00:00,4668850.961750001
2024-01-15 00:00:00,4660285.40175
2024-01-16 00:00:00,4643775.37615
2024-01-17 00:00:00,4592066.58615
2024-01-18 00:00:00,4558573.64615
2024-01-19 00:00:00,4529683.00615
2024-01-22 00:00:00,4406632.801030001
2024-01-23 00:00:00,4390845.71065
2024-01-24 00:00:00,4429600.268449999
2024-01-25 00:00:00,4513413.00845
2024-01-26 00:00:00,4519789.188449999
2024-01-29 00:00:00,4452218.21845
2024-01-30 00:00:00,4390308.11845
2024-01-31 00:00:00,4285111.77345
2024-02-01 00:00:00,4256704.3706
2024-02-02 00:00:00,4179605.3646
2024-02-05 00:00:00,4040000.64057
2024-02-06 00:00:00,4048277.40834
2024-02-07 00:00:00,4030101.2409900003
2024-02-08 00:00:00,4099144.3979800004
2024-02-19 00:00:00,4126547.3447600002
2024-02-20 00:00:00,4140271.2447600006
2024-02-21 00:00:00,4156002.49877
2024-02-22 00:00:00,4175479.4987699995
2024-02-23 00:00:00,4203472.37772
2024-02-26 00:00:00,4216728.78772
2024-02-27 00:00:00,4241578.19586
2024-02-28 00:00:00,4161014.72716
2024-02-29 00:00:00,4213128.36616
2024-03-01 00:00:00,4220136.94616
2024-03-04 00:00:00,4221196.30616
2024-03-05 00:00:00,4202924.77616
2024-03-06 00:00:00,4219257.35061
2024-03-07 00:00:00,4208868.95324
2024-03-08 00:00:00,4222878.673239999
2024-03-11 00:00:00,4245024.553239999
2024-03-12 00:00:00,4262918.27324
2024-03-13 00:00:00,4262102.393239999
2024-03-14 00:00:00,4258400.06324
2024-03-15 00:00:00,4274652.10729
2024-03-18 00:00:00,4301234.46143
2024-03-19 00:00:00,4303839.14931
2024-03-20 00:00:00,4310504.71931
2024-03-21 00:00:00,4309260.43931
2024-03-22 00:00:00,4286061.68176
2024-03-25 00:00:00,4261056.727159999
2024-03-26 00:00:00,4261900.147159999
2024-03-27 00:00:00,4227920.53716
2024-03-28 00:00:00,4259944.017159999
2024-03-29 00:00:00,4287928.73716
2024-04-01 00:00:00,4321689.847159999
2024-04-02 00:00:00,4335622.83048
2024-04-03 00:00:00,4329254.20583
2024-04-08 00:00:00,4303657.14583
2024-04-09 00:00:00,4318101.8658300005
2024-04-10 00:00:00,4294158.48583
2024-04-11 00:00:00,4311024.48583
2024-04-12 00:00:00,4303425.12583
2024-04-15 00:00:00,4261165.495829999
2024-04-16 00:00:00,4185829.8985099993
2024-04-17 00:00:00,4292353.528510001
2024-04-18 00:00:00,4291309.170629999
2024-04-19 00:00:00,4280324.396869999
2024-04-22 00:00:00,4276390.376869999
2024-04-23 00:00:00,4296677.714119999
2024-04-24 00:00:00,4341465.771399999
2024-04-25 00:00:00,4342068.13495
2024-04-26 00:00:00,4369784.99495
2024-04-29 00:00:00,4431218.19955
2024-04-30 00:00:00,4414718.53933
2024-05-06 00:00:00,4471639.798330001
2024-05-07 00:00:00,4506822.182329999
2024-05-08 00:00:00,4479762.391530001
2024-05-09 00:00:00,4516200.7315299995
2024-05-10 00:00:00,4462466.191029999
2024-05-13 00:00:00,4395269.951129999
2024-05-14 00:00:00,4440908.811129998
2024-05-15 00:00:00,4408960.137629999
2024-05-16 00:00:00,4433554.317629999
2024-05-17 00:00:00,4481823.470649999
2024-05-20 00:00:00,4488358.205699999
2024-05-21 00:00:00,4456686.356119998
2024-05-22 00:00:00,4487367.61612
2024-05-23 00:00:00,4420270.94204
2024-05-24 00:00:00,4373113.18204
2024-05-27 00:00:00,4399069.17099
2024-05-28 00:00:00,4341123.1053100005
2024-05-29 00:00:00,4344266.00731
2024-05-30 00:00:00,4325928.496470001
2024-05-31 00:00:00,4389131.426589998
2024-06-03 00:00:00,4296553.251029998
2024-06-04 00:00:00,4224650.941029999
2024-06-05 00:00:00,4155873.0510299983
2024-06-06 00:00:00,3992847.86044
2024-06-07 00:00:00,4083002.6704399986
2024-06-11 00:00:00,4135501.02044
2024-06-12 00:00:00,4214529.78044
2024-06-13 00:00:00,4234116.2604399985
2024-06-14 00:00:00,4225295.940439998
2024-06-17 00:00:00,4211170.650439997
2024-06-18 00:00:00,4296221.600440001
2024-06-19 00:00:00,4277844.40044
2024-06-20 00:00:00,4198821.560439998
2024-06-21 00:00:00,4160628.5204899996
2024-06-24 00:00:00,3982791.2404900007
2024-06-25 00:00:00,3986969.153719999
2024-06-26 00:00:00,4139368.9537200006
2024-06-27 00:00:00,4063827.33372
2024-06-28 00:00:00,4095462.4537200006
2024-07-01 00:00:00,4105058.49372
2024-07-02 00:00:00,4131383.933720001
2024-07-03 00:00:00,4071999.453719999
2024-07-04 00:00:00,3946324.1737199994
2024-07-05 00:00:00,4005411.893319999
2024-07-08 00:00:00,3885609.2933199992
2024-07-09 00:00:00,3969737.4338199995
2024-07-10 00:00:00,3937673.23382
2024-07-11 00:00:00,4066125.09882
2024-07-12 00:00:00,4036260.2788199997
2024-07-15 00:00:00,3970206.928819999
2024-07-16 00:00:00,3983027.678819999
2024-07-17 00:00:00,3912638.7825899995
2024-07-18 00:00:00,3888521.21259
2024-07-19 00:00:00,3940871.932589999
2024-07-22 00:00:00,3982738.582589999
2024-07-23 00:00:00,3918155.8325899993
2024-07-24 00:00:00,3866899.072589999
2024-07-25 00:00:00,3884716.936589997
2024-07-26 00:00:00,3947373.8665899993
2024-07-29 00:00:00,3965483.6065899986
2024-07-30 00:00:00,3991159.74659
2024-07-31 00:00:00,4124754.436589998
2024-08-01 00:00:00,4152207.3965899986
2024-08-02 00:00:00,4094128.8865899984
2024-08-05 00:00:00,3974563.2665900006
2024-08-06 00:00:00,4058688.946589999
2024-08-07 00:00:00,4042796.2065899987
2024-08-08 00:00:00,4012814.1165899993
2024-08-09 00:00:00,3974017.046589999
2024-08-12 00:00:00,3955403.326849999
2024-08-13 00:00:00,3994394.513139999
2024-08-14 00:00:00,3989163.1531399996
2024-08-15 00:00:00,4033455.623139998
2024-08-16 00:00:00,4042284.0331399986
2024-08-19 00:00:00,4009915.9231400006
2024-08-20 00:00:00,3950256.8637699992
2024-08-21 00:00:00,3933198.513489999
2024-08-22 00:00:00,3845990.60349
2024-08-23 00:00:00,3814289.67573
2024-08-26 00:00:00,3853230.2468799977
2024-08-27 00:00:00,3796328.58269
2024-08-28 00:00:00,3809402.7426899998
2024-08-29 00:00:00,3863092.2376900003
2024-08-30 00:00:00,3946626.6236899975
2024-09-02 00:00:00,3898832.14369
2024-09-03 00:00:00,3938088.4436899996
2024-09-04 00:00:00,3897952.4096899983
2024-09-05 00:00:00,3935078.5896899984
2024-09-06 00:00:00,3841483.3296899996
2024-09-09 00:00:00,3853558.7002
2024-09-10 00:00:00,3890536.1390899983
2024-09-11 00:00:00,3852012.2250899994
2024-09-12 00:00:00,3844062.2550899987
2024-09-13 00:00:00,3787402.025089999
2024-09-18 00:00:00,3747438.3960099984
2024-09-19 00:00:00,3832545.1441199984
2024-09-20 00:00:00,3833719.442119999
2024-09-23 00:00:00,3850422.98212
2024-09-24 00:00:00,3966686.212119999
2024-09-25 00:00:00,4021166.622119999
2024-09-26 00:00:00,4127726.0721199997
2024-09-27 00:00:00,4335070.514919999
2024-09-30 00:00:00,4825126.260639999
2024-10-08 00:00:00,5314774.652930002
2024-10-09 00:00:00,4825407.118050001
2024-10-10 00:00:00,4795963.266560001
2024-10-11 00:00:00,4610125.056560002
2024-10-14 00:00:00,4772599.82656
2024-10-15 00:00:00,4722635.826559998
2024-10-16 00:00:00,4750310.496559998
2024-10-17 00:00:00,4750407.696560002
2024-10-18 00:00:00,4902119.52656
2024-10-21 00:00:00,5037485.956559998
2024-10-22 00:00:00,5070273.09656
2024-10-23 00:00:00,5074675.796559998
2024-10-24 00:00:00,5063373.827480001
2024-10-25 00:00:00,5159348.704619998
2024-10-28 00:00:00,5317097.484219998
2024-10-29 00:00:00,5225589.114219999
2024-10-30 00:00:00,5211686.374220001
2024-10-31 00:00:00,5291836.174219999
2024-11-01 00:00:00,5014672.51343
2024-11-04 00:00:00,5150380.843429999
2024-11-05 00:00:00,5322784.2234299965
2024-11-06 00:00:00,5356468.363429999
2024-11-07 00:00:00,5495967.273430001
2024-11-08 00:00:00,5534136.753429999
2024-11-11 00:00:00,5689083.2634299975
2024-11-12 00:00:00,5656489.733429999
2024-11-13 00:00:00,5677041.643429998
2024-11-14 00:00:00,5502260.223429997
2024-11-15 00:00:00,5424132.93429
2024-11-18 00:00:00,5197633.451290001
2024-11-19 00:00:00,5335077.551289999
2024-11-20 00:00:00,5495053.922110001
2024-11-21 00:00:00,5524975.702109997
2024-11-22 00:00:00,5345376.172110002
2024-11-25 00:00:00,5474266.49211
2024-11-26 00:00:00,5418187.742110002
2024-11-27 00:00:00,5525188.992109999
2024-11-28 00:00:00,5538619.982109999
2024-11-29 00:00:00,5635685.33725
2024-12-02 00:00:00,5760566.85099
2024-12-03 00:00:00,5773747.351179997
2024-12-04 00:00:00,5688683.161299999
2024-12-05 00:00:00,5798174.581299997
2024-12-06 00:00:00,5862240.9613
2024-12-09 00:00:00,5852015.4513
2024-12-10 00:00:00,5894219.651299995
2024-12-11 00:00:00,5999420.201300001
2024-12-12 00:00:00,6067055.551299998
2024-12-13 00:00:00,5971050.505459998
2024-12-16 00:00:00,5980671.00846
2024-12-17 00:00:00,5698711.382739999
2024-12-18 00:00:00,5757955.69274
2024-12-19 00:00:00,5785006.902739999
2024-12-20 00:00:00,5877883.042739998
2024-12-23 00:00:00,5535970.5827399995
2024-12-24 00:00:00,5560158.232740001
2024-12-25 00:00:00,5398772.542739999
2024-12-26 00:00:00,5472679.192739999
2024-12-27 00:00:00,5504573.236219999
2024-12-30 00:00:00,5428243.18922
2024-12-31 00:00:00,5267091.4192200005
2025-01-02 00:00:00,5194906.609220001
2025-01-03 00:00:00,4939013.029220002
2025-01-06 00:00:00,4924957.149220001
2025-01-07 00:00:00,5089951.449219999
2025-01-08 00:00:00,5103930.42922
2025-01-09 00:00:00,5120340.429220001
2025-01-10 00:00:00,4941837.469219999
2025-01-13 00:00:00,4955583.829220001
2025-01-14 00:00:00,5213987.0891700005
2025-01-15 00:00:00,5190727.40745
2025-01-16 00:00:00,5223578.687449998
2025-01-17 00:00:00,5221034.017449998
2025-01-20 00:00:00,5277351.837450001
2025-01-21 00:00:00,5272231.271449999
2025-01-22 00:00:00,5210440.9614499975
2025-01-23 00:00:00,5196719.381449997
2025-01-24 00:00:00,5297839.481449999
2025-01-27 00:00:00,5241954.061449998
2025-02-05 00:00:00,5386466.45145
2025-02-06 00:00:00,5512334.811449997
2025-02-07 00:00:00,5590458.9114500005
2025-02-10 00:00:00,5741336.8314499995
2025-02-11 00:00:00,5731148.454359999
2025-02-12 00:00:00,5812953.78077
2025-02-13 00:00:00,5766286.510169998
2025-02-14 00:00:00,5813918.970809998
2025-02-17 00:00:00,5927650.207009998
2025-02-18 00:00:00,5802039.74471
2025-02-19 00:00:00,5912399.824709999
2025-02-20 00:00:00,5974636.854710001
2025-02-21 00:00:00,6024003.90471
2025-02-24 00:00:00,6049118.87471
2025-02-25 00:00:00,6063761.83471
2025-02-26 00:00:00,6157600.8532
2025-02-27 00:00:00,6147966.5132
2025-02-28 00:00:00,5951304.203200002
2025-03-03 00:00:00,5955045.7632
2025-03-04 00:00:00,6060680.7032
2025-03-05 00:00:00,6058531.623200002
2025-03-06 00:00:00,6137933.0282
2025-03-07 00:00:00,6099588.1181999985
2025-03-10 00:00:00,6140482.168199999
2025-03-11 00:00:00,6162186.088199999
2025-03-12 00:00:00,6193631.028199999
2025-03-13 00:00:00,6126543.902199999
2025-03-14 00:00:00,6200995.3222
2025-03-17 00:00:00,6226942.1422000015
2025-03-18 00:00:00,6241603.622199998
2025-03-19 00:00:00,6218473.7522
2025-03-20 00:00:00,6224613.882200001
2025-03-21 00:00:00,6120564.1309400005
2025-03-24 00:00:00,5965581.500939997
2025-03-25 00:00:00,5942594.560939997
2025-03-26 00:00:00,6004990.390939998
2025-03-27 00:00:00,5959354.630939999
2025-03-28 00:00:00,5887886.49094
2025-03-31 00:00:00,5848066.210939996
2025-04-01 00:00:00,5899863.422819998
2025-04-02 00:00:00,5899022.33282
2025-04-03 00:00:00,5864199.852819999
2025-04-07 00:00:00,5215164.132819999
2025-04-08 00:00:00,5208987.6214999985
2025-04-09 00:00:00,5323018.331499999
2025-04-10 00:00:00,5436790.4915
2025-04-11 00:00:00,5477254.6815
2025-04-14 00:00:00,5561251.8315
2025-04-15 00:00:00,5572930.901499998
2025-04-16 00:00:00,5502109.0715
2025-04-17 00:00:00,5543645.8815
2025-04-18 00:00:00,5553808.301499999
2025-04-21 00:00:00,5634841.3315
2025-04-22 00:00:00,5654054.227019998
2025-04-23 00:00:00,5695049.997019998
2025-04-24 00:00:00,5662148.267019999
2025-04-25 00:00:00,5666706.197020001
2025-04-28 00:00:00,5616634.54702
2025-04-29 00:00:00,5680087.68702
2025-04-30 00:00:00,5736313.197020003
2025-05-06 00:00:00,5867405.12702
2025-05-07 00:00:00,5894566.257019999
2025-05-08 00:00:00,5981548.197019999
2025-05-09 00:00:00,5918872.202019998
2025-05-12 00:00:00,5992286.782019999
2025-05-13 00:00:00,5977680.522019997
2025-05-14 00:00:00,5967755.59202
2025-05-15 00:00:00,5952877.847739998
2025-05-16 00:00:00,5976697.907739999
2025-05-19 00:00:00,6021556.10774
2025-05-20 00:00:00,6089750.317739999
2025-05-21 00:00:00,6056007.01774
2025-05-22 00:00:00,6007194.287739998
2025-05-23 00:00:00,5965352.92774
2025-05-26 00:00:00,6032716.84774
2025-05-27 00:00:00,6040091.5877399985
2025-05-28 00:00:00,6011179.887739999
2025-05-29 00:00:00,6096023.657740001
2025-05-30 00:00:00,6019493.297739999
2025-06-03 00:00:00,6063209.77774
2025-06-04 00:00:00,6117141.533039997
2025-06-05 00:00:00,6128163.403039999
2025-06-06 00:00:00,6132673.58304
2025-06-09 00:00:00,6198297.253039998
2025-06-10 00:00:00,6157114.51304
2025-06-11 00:00:00,6190944.553040001
2025-06-12 00:00:00,6210880.37304
2025-06-13 00:00:00,6108265.333039999
2025-06-16 00:00:00,6171632.675040001
2025-06-17 00:00:00,6181090.67994
2025-06-18 00:00:00,6185823.19994
2025-06-19 00:00:00,6122341.599939998
2025-06-20 00:00:00,6090318.8579400005
2025-06-23 00:00:00,6185079.707939999
2025-06-24 00:00:00,6291899.727939999
2025-06-25 00:00:00,6325529.997940001
2025-06-26 00:00:00,6337931.96794
2025-06-27 00:00:00,6394384.322239999
2025-06-30 00:00:00,6493915.192240001
2025-07-01 00:00:00,6501156.759
2025-07-02 00:00:00,6478906.66345
2025-07-03 00:00:00,6521274.293449999
2025-07-04 00:00:00,6443778.480150001
2025-07-07 00:00:00,6475584.30015
2025-07-08 00:00:00,6524855.574209999
2025-07-09 00:00:00,6521739.4842099985
2025-07-10 00:00:00,6525320.75421
2025-07-11 00:00:00,6523071.214209999
2025-07-14 00:00:00,6557853.30421
2025-07-15 00:00:00,6517208.3761599995
2025-07-16 00:00:00,6531387.5461599985
2025-07-17 00:00:00,6567542.5061599985
2025-07-18 00:00:00,6577445.606159998
2025-07-21 00:00:00,6619394.206159999
2025-07-22 00:00:00,6635068.47616
2025-07-23 00:00:00,6588663.246160001
2025-07-24 00:00:00,6633821.406159999
2025-07-25 00:00:00,6662021.176160001
2025-07-28 00:00:00,6716914.758160001
2025-07-29 00:00:00,6703092.278159998
2025-07-30 00:00:00,6678705.038080001
2025-07-31 00:00:00,6651564.208079999
2025-08-01 00:00:00,6720950.68808
2025-08-04 00:00:00,6815462.932000002
2025-08-05 00:00:00,6888791.069410002
2025-08-06 00:00:00,6937698.15941
2025-08-07 00:00:00,6940872.504009999
2025-08-08 00:00:00,6936767.24401
2025-08-11 00:00:00,7031365.86401
2025-08-12 00:00:00,7022693.22401
2025-08-13 00:00:00,7039992.254010001
2025-08-14 00:00:00,6917219.98401
2025-08-15 00:00:00,6986884.07401
2025-08-18 00:00:00,7060285.285490001
2025-08-19 00:00:00,7081879.955490001
2025-08-20 00:00:00,7129651.445490001
2025-08-21 00:00:00,7122286.635489999
2025-08-22 00:00:00,7132091.735489999
2025-08-25 00:00:00,7163462.495490001
2025-08-26 00:00:00,7189871.755489999
2025-08-27 00:00:00,7042114.785489999
2025-08-28 00:00:00,7056140.60549
2025-08-29 00:00:00,7008957.725489999
2025-09-01 00:00:00,7060100.545489998
2025-09-02 00:00:00,6979338.42549
2025-09-03 00:00:00,6893900.245489999
2025-09-04 00:00:00,6868608.345489999
2025-09-05 00:00:00,6972563.185490001
2025-09-08 00:00:00,7040538.485490002
2025-09-09 00:00:00,7031224.23849
2025-09-10 00:00:00,7048844.161330001
2025-09-11 00:00:00,7125167.341330001
2025-09-12 00:00:00,7128473.001329999
2025-09-15 00:00:00,7118622.251329999
2025-09-16 00:00:00,7176151.98133
2025-09-17 00:00:00,7176649.07223
2025-09-18 00:00:00,7107075.118350001
2025-09-19 00:00:00,7097944.248349999
2025-09-22 00:00:00,7122580.698350001
2025-09-23 00:00:00,7077424.04835
2025-09-24 00:00:00,7167793.78835
2025-09-25 00:00:00,7136782.30835
2025-09-26 00:00:00,7102586.708349999
2025-09-29 00:00:00,7129215.518350001
2025-09-30 00:00:00,7141932.220350001
2025-10-09 00:00:00,7150988.570350001
2025-10-10 00:00:00,7141328.070349999
2025-10-13 00:00:00,7123872.230350001
2025-10-14 00:00:00,7072243.820350001
2025-10-15 00:00:00,7134937.59035
2025-10-16 00:00:00,7082539.50035
2025-10-17 00:00:00,6990297.720350001
2025-10-20 00:00:00,7042773.62035
2025-10-21 00:00:00,7119765.83179
2025-10-22 00:00:00,7102801.237500001
2025-10-23 00:00:00,7126626.866640001
2025-10-24 00:00:00,7152846.224639999
2025-10-27 00:00:00,7178973.28464
2025-10-28 00:00:00,7198949.91464
2025-10-29 00:00:00,7181816.51464
2025-10-30 00:00:00,7147031.634640001
2025-10-31 00:00:00,7202419.724639999
2025-11-03 00:00:00,7251937.53964
2025-11-04 00:00:00,7265196.419640001
2025-11-05 00:00:00,7282764.977699999
2025-11-06 00:00:00,7278736.0077
2025-11-07 00:00:00,7269128.347700002
2025-11-10 00:00:00,7297971.847700001
2025-11-11 00:00:00,7305177.077699999
2025-11-12 00:00:00,7289091.477699999
2025-11-13 00:00:00,7330421.7776999995
2025-11-14 00:00:00,7329434.3357
2025-11-17 00:00:00,7363734.025699999
2025-11-18 00:00:00,7341483.7001399975
2025-11-19 00:00:00,7296176.7801399985
2025-11-20 00:00:00,7271658.560129999
2025-11-21 00:00:00,7132162.220129998
2025-11-24 00:00:00,7222472.106550001
2025-11-25 00:00:00,7276914.086549999
2025-11-26 00:00:00,7250290.506549999
2025-11-27 00:00:00,7259533.01655
2025-11-28 00:00:00,7299187.99655
2025-12-01 00:00:00,7331151.176550001
2025-12-02 00:00:00,7300324.21655
2025-12-03 00:00:00,7243673.366550001
2025-12-04 00:00:00,7205960.1565499995
2025-12-05 00:00:00,7259208.30655
2025-12-08 00:00:00,7306253.35655
2025-12-09 00:00:00,7266760.866550001
2025-12-10 00:00:00,7250539.166549999
2025-12-11 00:00:00,7181914.846549999
2025-12-12 00:00:00,7183167.12655
2025-12-15 00:00:00,7194517.410309999
2025-12-16 00:00:00,7131691.210309999
2025-12-17 00:00:00,7139691.330309999
2025-12-18 00:00:00,7161964.84031
2025-12-19 00:00:00,7219385.95031
2025-12-22 00:00:00,7213087.33031
2025-12-23 00:00:00,7191717.510309999
2025-12-24 00:00:00,7234039.64031
2025-12-25 00:00:00,7282604.960310001
2025-12-26 00:00:00,7272600.43031
2025-12-29 00:00:00,7260418.610309999
2025-12-30 00:00:00,7238060.450309999
2025-12-31 00:00:00,7260565.57031
2026-01-05 00:00:00,7312204.89031
2026-01-06 00:00:00,7343163.02031
2026-01-07 00:00:00,7376576.630309999
2026-01-08 00:00:00,7451190.980309999
2026-01-09 00:00:00,7498464.655309999
2026-01-12 00:00:00,7593230.957649999
2026-01-13 00:00:00,7529540.827649999
2026-01-14 00:00:00,7566042.307649999
2026-01-15 00:00:00,7547678.677649999
2026-01-16 00:00:00,7550494.23765
2026-01-19 00:00:00,7578219.617649999
2026-01-20 00:00:00,7555557.607650001
2026-01-21 00:00:00,7581409.71765
2026-01-22 00:00:00,7627548.327649999
2026-01-23 00:00:00,7680837.22765
2026-01-26 00:00:00,7632983.62765
2026-01-27 00:00:00,7608930.347650001
2026-01-28 00:00:00,7554786.39765
2026-01-29 00:00:00,7525708.08365
2026-01-30 00:00:00,7542045.61365
2026-02-02 00:00:00,7479056.03365
2026-02-03 00:00:00,7551024.493649999
2026-02-04 00:00:00,7563901.253649998
2026-02-05 00:00:00,7546113.253649999
2026-02-06 00:00:00,7550376.06365
2026-02-09 00:00:00,7615247.95365
2026-02-10 00:00:00,7629833.463649999
2026-02-11 00:00:00,7598458.71365
2026-02-12 00:00:00,7589832.213649999
2026-02-13 00:00:00,7580535.993650001
2026-02-24 00:00:00,7630969.20365
2026-02-25 00:00:00,7651164.613650001
2026-02-26 00:00:00,7665820.303649999
2026-02-27 00:00:00,7671598.483649999
2026-03-02 00:00:00,7571116.433649999
2026-03-03 00:00:00,7456640.033650001
2026-03-04 00:00:00,7455097.60165
2026-03-05 00:00:00,7513409.18165
2026-03-06 00:00:00,7574735.951649999
2026-03-09 00:00:00,7572244.471650001
2026-03-10 00:00:00,7659053.978150001
2026-03-11 00:00:00,7637808.17815
2026-03-12 00:00:00,7600607.1181499995
2026-03-13 00:00:00,7575218.228149999
2026-03-16 00:00:00,7579383.52459
2026-03-17 00:00:00,7501183.414589999
2026-03-18 00:00:00,7554239.12459
2026-03-19 00:00:00,7480691.78459
2026-03-20 00:00:00,7370484.19459
2026-03-23 00:00:00,7172402.70459
2026-03-24 00:00:00,7315252.864589999
2026-03-25 00:00:00,7392041.39459
2026-03-26 00:00:00,7345651.89459
2026-03-27 00:00:00,7383932.30459
2026-03-30 00:00:00,7388408.06459
2026-03-31 00:00:00,7345154.314590001
2026-04-01 00:00:00,7388031.19459
2026-04-02 00:00:00,7327385.014590001
2026-04-03 00:00:00,7241039.244589999
2026-04-07 00:00:00,7302188.824589999
2026-04-08 00:00:00,7449074.36459
2026-04-09 00:00:00,7405832.88459
2026-04-10 00:00:00,7436341.794589999
2026-04-13 00:00:00,7448774.87459
2026-04-14 00:00:00,7508569.98459
2026-04-15 00:00:00,7475815.976370001
2026-04-16 00:00:00,7534103.41637
2026-04-17 00:00:00,7538393.46637
2026-04-20 00:00:00,7565600.889370002
2026-04-21 00:00:00,7571413.46937
2026-04-22 00:00:00,7571019.0793699995
2026-04-23 00:00:00,7527184.13937
2026-04-24 00:00:00,7527655.419370001
2026-04-27 00:00:00,7580047.659370001
2026-04-28 00:00:00,7557408.49937
2026-04-29 00:00:00,7605179.079370001
2026-04-30 00:00:00,7634725.578370001
2026-05-06 00:00:00,7669754.928370001
2026-05-07 00:00:00,7707610.983370001
2026-05-08 00:00:00,7745436.673370001
2026-05-11 00:00:00,7776198.473370001
2026-05-12 00:00:00,7748418.65337
2026-05-13 00:00:00,7783125.15337
2026-05-14 00:00:00,7760314.4833700005
2026-05-15 00:00:00,7740102.671370001
2026-05-18 00:00:00,7742341.47137
2026-05-19 00:00:00,7775216.501370001
2026-05-20 00:00:00,7758948.781040001
2026-05-21 00:00:00,7661935.44104
2026-05-22 00:00:00,7755650.801039999
2026-05-25 00:00:00,7751290.07904
2026-05-26 00:00:00,7685666.689040001
2026-05-27 00:00:00,7638564.419040002
2026-05-28 00:00:00,7670840.39804
2026-05-29 00:00:00,7591363.8480400015
2026-06-01 00:00:00,7627048.138040001
2026-06-02 00:00:00,7603906.918040002
2026-06-03 00:00:00,7594788.198040001
2026-06-04 00:00:00,7568822.328040002
2026-06-05 00:00:00,7608138.288040001
2026-06-08 00:00:00,7541998.778040001
2026-06-09 00:00:00,7580833.818040002
2026-06-10 00:00:00,7531185.778040001
2026-06-11 00:00:00,7498138.988040002
2026-06-12 00:00:00,7518626.14804
2026-06-15 00:00:00,7568773.448040003
2026-06-16 00:00:00,7587374.268040001
2026-06-17 00:00:00,7554508.72804
2026-06-18 00:00:00,7544142.686040001
2026-06-22 00:00:00,7543817.286040001
2026-06-23 00:00:00,7578157.036040001
2026-06-24 00:00:00,7530811.516040001
2026-06-25 00:00:00,7489034.636040001
2026-06-26 00:00:00,7422947.534040002
2026-06-29 00:00:00,7419801.304040002
2026-06-30 00:00:00,7463665.794040002
2026-07-01 00:00:00,7497926.764040002
2026-07-02 00:00:00,7491505.974040002
2026-07-03 00:00:00,7524663.0640400015
2026-07-06 00:00:00,7502402.954040002
2026-07-07 00:00:00,7446925.914040002
2026-07-08 00:00:00,7419755.614040002
2026-07-09 00:00:00,7434606.384040002
2026-07-10 00:00:00,7463113.994040002
2026-07-13 00:00:00,7382976.764040003
2026-07-14 00:00:00,7433071.917040002
2026-07-15 00:00:00,7442635.0870400015
2026-07-16 00:00:00,7432619.187040002
2026-07-17 00:00:00,7327866.757040001
2026-07-20 00:00:00,7275864.647040002
2026-07-21 00:00:00,7279430.737040002
2026-07-22 00:00:00,7262833.597040002
2026-07-23 00:00:00,7299173.477040002
2026-07-24 00:00:00,7265543.077040002
2026-07-27 00:00:00,7320448.807040002
2026-07-28 00:00:00,7321077.847040002
2026-07-29 00:00:00,7350864.787040002
2026-07-30 00:00:00,7329776.997040002
2026-07-31 00:00:00,7379498.147040002
2026-08-03 00:00:00,7410916.347040002
2026-08-04 00:00:00,7443064.327040002
2026-08-05 00:00:00,7465281.957040002
2026-08-06 00:00:00,7486678.507040001
2026-08-07 00:00:00,7497066.707040002
2026-08-10 00:00:00,7533567.477040002
2026-08-11 00:00:00,7523907.467040002
2026-08-12 00:00:00,7552467.847040002
2026-08-13 00:00:00,7529682.827040002
2026-08-14 00:00:00,7543555.157040002
2026-08-17 00:00:00,7576485.147040002
2026-08-18 00:00:00,7560147.077040002
2026-08-19 00:00:00,7487365.487040002
2026-08-20 00:00:00,7536517.937040002
2026-08-21 00:00:00,7534630.777040002
2026-08-24 00:00:00,7507669.347040002
2026-08-25 00:00:00,7546190.8370400015
2026-08-26 00:00:00,7539260.447040002
2026-08-27 00:00:00,7552972.847040002
2026-08-28 00:00:00,7565785.007040001
2026-08-31 00:00:00,7598630.207040002
2026-09-01 00:00:00,7620343.237040002
2026-09-02 00:00:00,7608539.937040002
2026-09-03 00:00:00,7588807.157040002
2026-09-04 00:00:00,7574967.827040002
2026-09-07 00:00:00,7592683.187040002
2026-09-08 00:00:00,7610570.117040002
2026-09-09 00:00:00,7607945.987040002
2026-09-10 00:00:00,7585543.987040002
2026-09-11 00:00:00,7543377.987040002
2026-09-14 00:00:00,7572900.987040002
2026-09-15 00:00:00,7541939.987040002
2026-09-16 00:00:00,7601251.987040002
2026-09-17 00:00:00,7631336.817040002
2026-09-18 00:00:00,7653161.817040002
