timestamp,symbol,size,price,side,fees,order_id
2014-04-09 00:00:00,300365.SZ,4100.0,4.768,Buy,19.5488,0
2014-04-09 00:00:00,002672.SZ,2200.0,8.991,Buy,19.7802,1
2014-04-09 00:00:00,000799.SZ,1800.0,11.0253,Buy,19.84554,2
2014-04-16 00:00:00,002319.SZ,2600.0,7.6884,Buy,19.98984,3
2014-04-28 00:00:00,600598.SH,3900.0,5.0069,Buy,19.52691,4
2014-04-28 00:00:00,600228.SH,1900.0,10.09,Buy,19.171,5
2014-04-28 00:00:00,002163.SZ,6000.0,3.3,Buy,19.8,6
2014-05-12 00:00:00,600238.SH,3100.0,6.4284,Buy,19.928040000000003,7
2014-05-12 00:00:00,600023.SH,6700.0,2.9511,Buy,19.77237,8
2014-05-12 00:00:00,600199.SH,2600.0,7.5876,Buy,19.727760000000004,9
2014-05-12 00:00:00,600773.SH,2200.0,9.0342,Buy,19.87524,10
2014-05-15 00:00:00,600722.SH,5000.0,3.95,Buy,19.75,11
2014-05-15 00:00:00,600088.SH,1700.0,11.3143,Buy,19.234309999999997,12
2014-05-15 00:00:00,002639.SZ,5100.0,3.8992,Buy,19.88592,13
2014-05-15 00:00:00,300197.SZ,6300.0,3.1267,Buy,19.69821,14
2014-05-22 00:00:00,600871.SH,7400.0,2.69,Buy,19.906,15
2014-05-22 00:00:00,600278.SH,2600.0,7.6093,Buy,19.78418,16
2014-05-22 00:00:00,600287.SH,3800.0,5.2605,Buy,19.989900000000002,17
2014-05-22 00:00:00,600280.SH,4500.0,4.4247,Buy,19.91115,18
2014-05-22 00:00:00,600521.SH,3600.0,5.4392,Buy,19.58112,19
2014-05-22 00:00:00,300111.SZ,5800.0,3.44,Buy,19.952,20
2014-05-22 00:00:00,002239.SZ,12300.0,1.6151,Buy,19.86573,21
2014-05-22 00:00:00,000011.SZ,4100.0,4.8187,Buy,19.75667,22
2014-05-22 00:00:00,002643.SZ,5600.0,3.5525,Buy,19.894000000000002,23
2014-05-22 00:00:00,000069.SZ,5500.0,3.6345,Buy,19.98975,24
2014-05-22 00:00:00,000010.SZ,3600.0,5.53,Buy,19.908,25
2014-05-23 00:00:00,600791.SH,4400.0,4.5106,Buy,19.84664,26
2014-05-23 00:00:00,600609.SH,7200.0,2.7646,Buy,19.905120000000004,27
2014-05-23 00:00:00,000797.SZ,10600.0,1.8767,Buy,19.89302,28
2014-05-23 00:00:00,000691.SZ,5200.0,3.8116,Buy,19.82032,29
2014-05-26 00:00:00,603002.SH,5500.0,3.6247,Buy,19.93585,30
2014-05-26 00:00:00,600301.SH,3300.0,5.9875,Buy,19.75875,31
2014-05-26 00:00:00,600689.SH,3400.0,5.7605,Buy,19.585700000000003,32
2014-05-26 00:00:00,000548.SZ,4500.0,4.4322,Buy,19.944899999999997,33
2014-06-10 00:00:00,600121.SH,5800.0,3.4061,Buy,19.755380000000002,34
2014-06-10 00:00:00,000937.SZ,9600.0,2.0701,Buy,19.87296,35
2014-06-19 00:00:00,600403.SH,4700.0,4.1697,Buy,19.59759,36
2014-06-19 00:00:00,600116.SH,7700.0,2.5887,Buy,19.932989999999997,37
2014-06-26 00:00:00,002319.SZ,2600.0,8.1459,Sell,21.179339999999996,38
2014-07-03 00:00:00,000010.SZ,2800.0,6.98,Buy,19.544,39
2014-07-04 00:00:00,600773.SH,1800.0,10.6157,Buy,19.10826,40
2014-07-04 00:00:00,002639.SZ,4200.0,4.7087,Buy,19.77654,41
2014-07-07 00:00:00,600280.SH,3800.0,5.2008,Buy,19.76304,42
2014-07-17 00:00:00,002643.SZ,4700.0,4.2494,Buy,19.972179999999998,43
2014-07-28 00:00:00,600521.SH,3000.0,6.5941,Buy,19.7823,44
2014-07-30 00:00:00,002672.SZ,1800.0,10.9876,Buy,19.77768,45
2014-08-01 00:00:00,600121.SH,5800.0,3.9396,Sell,22.84968,46
2014-08-01 00:00:00,000069.SZ,4400.0,4.5139,Buy,19.86116,47
2014-08-04 00:00:00,600301.SH,2700.0,7.2088,Buy,19.463760000000004,48
2014-08-05 00:00:00,600403.SH,3900.0,5.0778,Buy,19.80342,49
2014-08-06 00:00:00,600088.SH,1500.0,13.2782,Buy,19.9173,50
2014-08-07 00:00:00,600689.SH,2800.0,7.0814,Buy,19.827920000000002,51
2014-08-12 00:00:00,600722.SH,3600.0,5.41,Buy,19.476,52
2014-08-13 00:00:00,002163.SZ,4800.0,4.13,Buy,19.824,53
2014-09-26 00:00:00,600871.SH,7400.0,4.35,Sell,32.19,54
2014-09-26 00:00:00,603002.SH,4200.0,4.6617,Buy,19.57914,55
2014-09-26 00:00:00,600023.SH,5500.0,3.5907,Buy,19.748849999999997,56
2014-09-29 00:00:00,600791.SH,4400.0,6.4824,Sell,28.522560000000002,57
2014-09-29 00:00:00,600287.SH,2500.0,7.8501,Buy,19.62525,58
2014-10-10 00:00:00,002163.SZ,10800.0,8.28,Sell,89.424,59
2014-10-10 00:00:00,000937.SZ,7700.0,2.5672,Buy,19.767440000000004,60
2014-10-10 00:00:00,000548.SZ,3400.0,5.7369,Buy,19.505460000000003,61
2014-10-10 00:00:00,300365.SZ,3300.0,5.9194,Buy,19.53402,62
2014-10-10 00:00:00,000011.SZ,3200.0,6.2272,Buy,19.92704,63
2014-10-10 00:00:00,300197.SZ,5100.0,3.8576,Buy,19.67376,64
2015-01-27 00:00:00,000797.SZ,10600.0,4.4614,Sell,47.29084,65
2015-01-27 00:00:00,000691.SZ,4000.0,4.9195,Buy,19.678,66
2015-01-27 00:00:00,000799.SZ,1300.0,15.0261,Buy,19.53393,67
2015-01-29 00:00:00,600287.SH,6300.0,12.6143,Sell,79.47009,68
2015-01-29 00:00:00,600228.SH,1500.0,12.69,Buy,19.035,69
2015-01-29 00:00:00,600609.SH,5100.0,3.9082,Buy,19.931820000000002,70
2015-01-29 00:00:00,600199.SH,1800.0,10.8564,Buy,19.541520000000002,71
2015-01-29 00:00:00,300111.SZ,4700.0,4.24,Buy,19.928,72
2015-03-12 00:00:00,600689.SH,6200.0,13.4875,Sell,83.6225,73
2015-03-23 00:00:00,002639.SZ,9300.0,9.5654,Sell,88.95822,74
2015-03-26 00:00:00,002239.SZ,12300.0,3.2622,Sell,40.12506,75
2015-03-30 00:00:00,600598.SH,3900.0,10.3994,Sell,40.557660000000006,76
2015-03-30 00:00:00,300111.SZ,10500.0,6.8,Sell,71.4,77
2015-03-30 00:00:00,002672.SZ,4000.0,18.6064,Sell,74.4256,78
2015-04-07 00:00:00,300365.SZ,7400.0,11.3717,Sell,84.15058,79
2015-04-08 00:00:00,600278.SH,2600.0,15.5191,Sell,40.34966,80
2015-04-08 00:00:00,000548.SZ,7900.0,11.3535,Sell,89.69265000000001,81
2015-04-09 00:00:00,600609.SH,12300.0,7.2893,Sell,89.65839,82
2015-04-13 00:00:00,600116.SH,7700.0,5.5196,Sell,42.50092,83
2015-04-13 00:00:00,000011.SZ,7300.0,12.3422,Sell,90.09806,84
2015-04-14 00:00:00,002643.SZ,10300.0,8.6012,Sell,88.59236,85
2015-04-24 00:00:00,600238.SH,3100.0,14.89,Sell,46.159,86
2015-05-04 00:00:00,600088.SH,3200.0,27.2625,Sell,87.24,87
2015-05-05 00:00:00,600521.SH,6600.0,12.5123,Sell,82.58117999999999,88
2015-05-13 00:00:00,600280.SH,8300.0,11.2275,Sell,93.18825,89
2015-05-18 00:00:00,300197.SZ,11400.0,7.9916,Sell,91.10424,90
2015-05-21 00:00:00,600301.SH,6000.0,14.5566,Sell,87.33959999999999,91
2015-05-26 00:00:00,603002.SH,9700.0,9.153,Sell,88.78410000000001,92
2015-05-27 00:00:00,000069.SZ,9900.0,9.3139,Sell,92.20761,93
2015-05-27 00:00:00,000010.SZ,6400.0,14.42,Sell,92.288,94
2015-05-29 00:00:00,600023.SH,12200.0,7.6016,Sell,92.73952000000001,95
2015-06-03 00:00:00,600773.SH,4000.0,22.1012,Sell,88.4048,96
2015-07-09 00:00:00,600228.SH,3400.0,8.48,Sell,28.832,97
2015-09-11 00:00:00,600755.SH,4000.0,4.9535,Buy,19.814,98
2015-09-14 00:00:00,600031.SH,3200.0,6.0647,Buy,19.407040000000002,99
2015-09-14 00:00:00,600061.SH,2700.0,7.3167,Buy,19.75509,100
2015-09-14 00:00:00,002379.SZ,5100.0,3.8932,Buy,19.85532,101
2015-09-14 00:00:00,000703.SZ,6000.0,3.3033,Buy,19.8198,102
2015-09-14 00:00:00,002685.SZ,2700.0,7.3831,Buy,19.934369999999998,103
2015-09-14 00:00:00,000552.SZ,7300.0,2.7229,Buy,19.877170000000003,104
2015-09-14 00:00:00,002486.SZ,4300.0,4.5657,Buy,19.63251,105
2015-09-17 00:00:00,600894.SH,2100.0,9.2168,Buy,19.35528,106
2015-09-17 00:00:00,601012.SH,8300.0,2.3889,Buy,19.82787,107
2015-09-17 00:00:00,603006.SH,1900.0,10.2256,Buy,19.42864,108
2015-09-17 00:00:00,601579.SH,2200.0,8.7662,Buy,19.28564,109
2015-09-17 00:00:00,000955.SZ,3400.0,5.78,Buy,19.652,110
2015-09-17 00:00:00,002165.SZ,3600.0,5.4203,Buy,19.513080000000002,111
2015-09-17 00:00:00,002122.SZ,2800.0,6.9635,Buy,19.497799999999998,112
2015-09-17 00:00:00,000528.SZ,4300.0,4.6316,Buy,19.915879999999998,113
2015-09-17 00:00:00,300341.SZ,2800.0,6.9942,Buy,19.58376,114
2015-09-17 00:00:00,002709.SZ,9300.0,2.1339,Buy,19.84527,115
2015-09-17 00:00:00,000680.SZ,4000.0,4.899,Buy,19.596,116
2015-09-17 00:00:00,002735.SZ,2300.0,8.6839,Buy,19.972969999999997,117
2015-09-18 00:00:00,601519.SH,2000.0,9.67,Buy,19.34,118
2015-09-18 00:00:00,600505.SH,2600.0,7.476,Buy,19.4376,119
2015-09-18 00:00:00,300402.SZ,1600.0,12.2694,Buy,19.63104,120
2015-09-18 00:00:00,300210.SZ,2600.0,7.5896,Buy,19.73296,121
2015-09-21 00:00:00,601002.SH,2100.0,9.4414,Buy,19.82694,122
2015-09-21 00:00:00,601390.SH,2200.0,9.0313,Buy,19.86886,123
2015-09-21 00:00:00,603009.SH,2100.0,9.5221,Buy,19.99641,124
2015-09-21 00:00:00,601139.SH,3900.0,5.0599,Buy,19.733610000000002,125
2015-09-21 00:00:00,002584.SZ,2000.0,9.8679,Buy,19.735800000000005,126
2015-09-21 00:00:00,002540.SZ,3700.0,5.338,Buy,19.7506,127
2015-09-21 00:00:00,002490.SZ,2500.0,7.79,Buy,19.475,128
2015-09-21 00:00:00,000968.SZ,3300.0,6.0015,Buy,19.80495,129
2015-09-21 00:00:00,002200.SZ,1600.0,11.8921,Buy,19.02736,130
2015-09-21 00:00:00,000919.SZ,1700.0,11.648,Buy,19.8016,131
2015-09-22 00:00:00,601992.SH,6000.0,3.3185,Buy,19.911,132
2015-09-22 00:00:00,600812.SH,3300.0,6.0418,Buy,19.93794,133
2015-09-22 00:00:00,601001.SH,4100.0,4.7954,Buy,19.66114,134
2015-09-22 00:00:00,601700.SH,3400.0,5.8166,Buy,19.776440000000004,135
2015-09-22 00:00:00,603366.SH,2500.0,7.8507,Buy,19.62675,136
2015-09-22 00:00:00,600617.SH,1800.0,10.7691,Buy,19.38438,137
2015-09-22 00:00:00,601015.SH,4700.0,4.1701,Buy,19.599469999999997,138
2015-09-22 00:00:00,601969.SH,1500.0,12.7523,Buy,19.12845,139
2015-09-22 00:00:00,601600.SH,4200.0,4.7565,Buy,19.9773,140
2015-09-22 00:00:00,600246.SH,4500.0,4.3603,Buy,19.62135,141
2015-09-22 00:00:00,600875.SH,1700.0,11.3044,Buy,19.21748,142
2015-09-22 00:00:00,600725.SH,7000.0,2.835,Buy,19.845,143
2015-09-22 00:00:00,600059.SH,2400.0,8.2435,Buy,19.784399999999998,144
2015-09-22 00:00:00,600595.SH,4400.0,4.4633,Buy,19.63852,145
2015-09-22 00:00:00,600221.SH,5000.0,3.9436,Buy,19.718,146
2015-09-22 00:00:00,002725.SZ,2100.0,9.3311,Buy,19.595309999999998,147
2015-09-22 00:00:00,002546.SZ,4100.0,4.847,Buy,19.872700000000002,148
2015-09-22 00:00:00,002463.SZ,5100.0,3.8767,Buy,19.77117,149
2015-09-22 00:00:00,000737.SZ,4400.0,4.5346,Buy,19.952240000000003,150
2015-09-22 00:00:00,000525.SZ,1800.0,11.0551,Buy,19.89918,151
2015-09-22 00:00:00,000166.SZ,3400.0,5.7526,Buy,19.55884,152
2015-09-22 00:00:00,000897.SZ,4200.0,4.6711,Buy,19.61862,153
2015-09-22 00:00:00,002267.SZ,2400.0,8.0297,Buy,19.27128,154
2015-09-22 00:00:00,000157.SZ,5900.0,3.3721,Buy,19.89539,155
2015-09-22 00:00:00,300255.SZ,2600.0,7.6277,Buy,19.83202,156
2015-09-22 00:00:00,300083.SZ,3400.0,5.8633,Buy,19.935219999999997,157
2015-09-22 00:00:00,002396.SZ,1600.0,11.7711,Buy,18.83376,158
2015-09-24 00:00:00,600965.SH,2100.0,9.38,Buy,19.698,159
2015-09-24 00:00:00,603088.SH,3700.0,5.3565,Buy,19.81905,160
2015-09-24 00:00:00,600976.SH,800.0,22.3111,Buy,17.84888,161
2015-09-24 00:00:00,000567.SZ,6500.0,3.0569,Buy,19.869850000000003,162
2015-09-24 00:00:00,000507.SZ,3500.0,5.697,Buy,19.9395,163
2015-09-24 00:00:00,000035.SZ,3100.0,6.3901,Buy,19.80931,164
2015-09-24 00:00:00,002748.SZ,1700.0,11.4602,Buy,19.48234,165
2015-09-24 00:00:00,002045.SZ,2600.0,7.5925,Buy,19.7405,166
2015-09-24 00:00:00,000895.SZ,2000.0,9.8094,Buy,19.6188,167
2015-09-28 00:00:00,601633.SH,2500.0,7.9619,Buy,19.90475,168
2015-09-28 00:00:00,600691.SH,6400.0,3.12,Buy,19.968,169
2015-09-28 00:00:00,300125.SZ,2600.0,7.6346,Buy,19.84996,170
2015-09-28 00:00:00,002443.SZ,2200.0,8.9098,Buy,19.601560000000003,171
2015-09-28 00:00:00,002648.SZ,7600.0,2.6225,Buy,19.931,172
2015-09-30 00:00:00,600528.SH,1900.0,10.4408,Buy,19.83752,173
2015-09-30 00:00:00,600805.SH,1900.0,10.375,Buy,19.712500000000002,174
2015-09-30 00:00:00,603688.SH,3300.0,5.9865,Buy,19.75545,175
2015-09-30 00:00:00,002035.SZ,5200.0,3.8147,Buy,19.836440000000003,176
2015-09-30 00:00:00,000156.SZ,900.0,21.9427,Buy,19.74843,177
2015-10-09 00:00:00,600104.SH,1700.0,11.5945,Buy,19.71065,178
2015-10-09 00:00:00,600241.SH,2000.0,9.5661,Buy,19.1322,179
2015-10-09 00:00:00,603123.SH,2300.0,8.3554,Buy,19.217419999999997,180
2015-10-09 00:00:00,603018.SH,3300.0,6.0017,Buy,19.805609999999998,181
2015-10-09 00:00:00,600250.SH,2000.0,9.71,Buy,19.42,182
2015-10-09 00:00:00,600143.SH,3300.0,6.0571,Buy,19.98843,183
2015-10-09 00:00:00,601116.SH,2500.0,7.7626,Buy,19.4065,184
2015-10-09 00:00:00,601009.SH,5400.0,3.7036,Buy,19.99944,185
2015-10-09 00:00:00,600863.SH,6100.0,3.2466,Buy,19.80426,186
2015-10-09 00:00:00,600684.SH,3000.0,6.656,Buy,19.968,187
2015-10-09 00:00:00,600998.SH,3900.0,5.023,Buy,19.589699999999997,188
2015-10-09 00:00:00,600396.SH,3000.0,6.4777,Buy,19.4331,189
2015-10-09 00:00:00,601678.SH,5600.0,3.5622,Buy,19.94832,190
2015-10-09 00:00:00,600829.SH,2100.0,9.4334,Buy,19.810140000000004,191
2015-10-09 00:00:00,600596.SH,4700.0,4.2394,Buy,19.92518,192
2015-10-09 00:00:00,600295.SH,8200.0,2.4103,Buy,19.76446,193
2015-11-11 00:00:00,002709.SZ,9300.0,4.5066,Sell,41.91138,194
2015-11-11 00:00:00,002396.SZ,1200.0,16.665,Buy,19.998,195
2015-11-11 00:00:00,000680.SZ,2700.0,7.3156,Buy,19.752119999999998,196
2015-11-11 00:00:00,000919.SZ,1300.0,14.6826,Buy,19.087380000000003,197
2015-11-16 00:00:00,002045.SZ,2600.0,16.3449,Sell,42.496739999999996,198
2015-11-16 00:00:00,000968.SZ,2700.0,7.3693,Buy,19.89711,199
2015-11-16 00:00:00,002685.SZ,1800.0,10.5821,Buy,19.047780000000003,200
2015-11-18 00:00:00,600061.SH,2700.0,14.4072,Sell,38.899440000000006,201
2015-11-18 00:00:00,300402.SZ,1100.0,17.7391,Buy,19.51301,202
2015-11-18 00:00:00,300210.SZ,2100.0,9.5105,Buy,19.97205,203
2015-11-20 00:00:00,000567.SZ,6500.0,6.5084,Sell,42.3046,204
2015-11-20 00:00:00,000525.SZ,1300.0,14.8704,Buy,19.33152,205
2015-11-20 00:00:00,000507.SZ,2700.0,7.3377,Buy,19.811790000000002,206
2015-12-04 00:00:00,002584.SZ,2000.0,22.0371,Sell,44.0742,207
2015-12-04 00:00:00,002490.SZ,1900.0,10.15,Buy,19.285,208
2015-12-04 00:00:00,002463.SZ,3600.0,5.4798,Buy,19.72728,209
2015-12-04 00:00:00,002443.SZ,2200.0,13.6488,Sell,30.02736,210
2015-12-04 00:00:00,300255.SZ,1900.0,10.3538,Buy,19.672220000000003,211
2015-12-04 00:00:00,002648.SZ,6200.0,3.1749,Buy,19.68438,212
2015-12-11 00:00:00,603006.SH,1900.0,21.7992,Sell,41.418479999999995,213
2015-12-11 00:00:00,600246.SH,3500.0,5.7131,Buy,19.995849999999997,214
2015-12-11 00:00:00,601579.SH,1800.0,11.1085,Buy,19.9953,215
2015-12-18 00:00:00,000691.SZ,9200.0,9.0798,Sell,83.53416,216
2015-12-18 00:00:00,002486.SZ,3000.0,6.5905,Buy,19.7715,217
2015-12-21 00:00:00,600894.SH,1400.0,13.4299,Buy,18.80186,218
2015-12-21 00:00:00,601633.SH,2000.0,9.9358,Buy,19.871600000000004,219
2015-12-21 00:00:00,600545.SH,1700.0,11.1598,Buy,18.97166,220
2016-01-12 00:00:00,600545.SH,1700.0,7.8602,Sell,13.36234,221
2016-01-12 00:00:00,600965.SH,1700.0,11.224,Buy,19.0808,222
2016-01-18 00:00:00,601390.SH,2200.0,6.3799,Sell,14.03578,223
2016-01-27 00:00:00,600031.SH,3200.0,4.1297,Sell,13.21504,224
2016-01-27 00:00:00,603609.SH,2100.0,9.1693,Buy,19.25553,225
2016-01-27 00:00:00,000156.SZ,900.0,14.8918,Sell,13.40262,226
2016-01-27 00:00:00,002204.SZ,6300.0,3.1343,Buy,19.74609,227
2016-01-28 00:00:00,600863.SH,6100.0,2.1076,Sell,12.85636,228
2016-01-28 00:00:00,600617.SH,1800.0,7.0033,Sell,12.60594,229
2016-01-28 00:00:00,002546.SZ,3000.0,6.5873,Buy,19.7619,230
2016-01-29 00:00:00,600805.SH,1900.0,7.4867,Sell,14.22473,231
2016-01-29 00:00:00,600396.SH,3000.0,4.5958,Sell,13.7874,232
2016-01-29 00:00:00,603000.SH,1400.0,13.7869,Buy,19.301660000000002,233
2016-01-29 00:00:00,601600.SH,4200.0,3.4592,Sell,14.52864,234
2016-01-29 00:00:00,600084.SH,4100.0,4.85,Buy,19.885,235
2016-01-29 00:00:00,600755.SH,4000.0,3.571,Sell,14.284,236
2016-01-29 00:00:00,002535.SZ,2900.0,6.8377,Buy,19.82933,237
2016-03-01 00:00:00,002463.SZ,8700.0,3.2797,Sell,28.53339,238
2016-03-01 00:00:00,002267.SZ,2400.0,5.6147,Sell,13.475280000000001,239
2016-03-01 00:00:00,002200.SZ,1100.0,16.9063,Buy,18.59693,240
2016-03-02 00:00:00,600241.SH,1500.0,13.0139,Buy,19.52085,241
2016-03-24 00:00:00,002546.SZ,7100.0,12.804,Sell,90.90840000000001,242
2016-03-24 00:00:00,002035.SZ,3700.0,5.2968,Buy,19.59816,243
2016-03-24 00:00:00,000955.SZ,2300.0,8.39,Buy,19.297,244
2016-03-24 00:00:00,002748.SZ,1400.0,14.1912,Buy,19.86768,245
2016-03-24 00:00:00,002165.SZ,3000.0,6.5633,Buy,19.6899,246
2016-03-24 00:00:00,300083.SZ,2300.0,8.6801,Buy,19.96423,247
2016-06-03 00:00:00,300083.SZ,5700.0,9.7775,Sell,55.73175,248
2016-06-03 00:00:00,002735.SZ,1600.0,11.9861,Buy,19.177760000000003,249
2016-06-06 00:00:00,601012.SH,5600.0,3.5477,Buy,19.86712,250
2016-06-06 00:00:00,600250.SH,1500.0,13.15,Buy,19.725,251
2016-06-24 00:00:00,600241.SH,3500.0,19.182,Sell,67.137,252
2016-06-24 00:00:00,601116.SH,2000.0,9.6689,Buy,19.337800000000005,253
2016-06-24 00:00:00,600829.SH,1500.0,12.8694,Buy,19.304100000000002,254
2016-06-24 00:00:00,600084.SH,3100.0,6.26,Buy,19.406,255
2016-06-30 00:00:00,300341.SZ,2800.0,15.8846,Sell,44.47688000000001,256
2016-07-01 00:00:00,603088.SH,3100.0,6.4324,Buy,19.940440000000002,257
2016-07-01 00:00:00,603609.SH,1400.0,14.1364,Buy,19.79096,258
2016-07-20 00:00:00,002486.SZ,7300.0,6.5309,Sell,47.67557,259
2016-07-21 00:00:00,600104.SH,1300.0,15.338,Buy,19.9394,260
2016-07-21 00:00:00,601009.SH,4200.0,4.6726,Buy,19.624920000000003,261
2016-07-21 00:00:00,603000.SH,1000.0,19.1289,Buy,19.1289,262
2016-07-28 00:00:00,600084.SH,7200.0,10.28,Sell,74.016,263
2016-07-28 00:00:00,600595.SH,3500.0,5.5864,Buy,19.552400000000002,264
2016-07-28 00:00:00,002725.SZ,1400.0,14.0139,Buy,19.61946,265
2016-07-28 00:00:00,000703.SZ,4100.0,4.7775,Buy,19.58775,266
2016-07-28 00:00:00,002204.SZ,4900.0,4.0033,Buy,19.616170000000004,267
2016-08-22 00:00:00,002490.SZ,4400.0,10.73,Sell,47.212,268
2016-08-22 00:00:00,000737.SZ,3600.0,5.4357,Buy,19.56852,269
2016-08-22 00:00:00,000895.SZ,1300.0,14.3563,Buy,18.66319,270
2016-10-17 00:00:00,601700.SH,3400.0,7.6514,Sell,26.01476,271
2016-10-17 00:00:00,600596.SH,3900.0,5.036,Buy,19.6404,272
2016-10-27 00:00:00,002122.SZ,2800.0,11.74,Sell,32.872,273
2016-10-28 00:00:00,603018.SH,2600.0,7.5845,Buy,19.7197,274
2016-10-28 00:00:00,600998.SH,3000.0,6.5142,Buy,19.5426,275
2016-11-11 00:00:00,300402.SZ,2700.0,30.3079,Sell,81.83133000000001,276
2016-11-11 00:00:00,300125.SZ,1700.0,11.3021,Buy,19.21357,277
2016-11-14 00:00:00,603123.SH,1900.0,10.1659,Buy,19.315210000000004,278
2016-11-14 00:00:00,601678.SH,4600.0,4.3141,Buy,19.84486,279
2016-11-14 00:00:00,601001.SH,3100.0,6.266,Buy,19.424599999999998,280
2016-11-23 00:00:00,603009.SH,2100.0,19.984,Sell,41.9664,281
2016-11-23 00:00:00,600295.SH,5700.0,3.4636,Buy,19.742520000000003,282
2016-11-23 00:00:00,600976.SH,600.0,28.8594,Buy,17.31564,283
2016-11-29 00:00:00,601116.SH,4500.0,21.1945,Sell,95.37525000000001,284
2016-11-29 00:00:00,600528.SH,1400.0,13.6919,Buy,19.16866,285
2016-11-29 00:00:00,601015.SH,3400.0,5.8088,Buy,19.74992,286
2016-11-29 00:00:00,603688.SH,2300.0,8.694,Buy,19.9962,287
2016-11-29 00:00:00,600505.SH,1800.0,10.6647,Buy,19.19646,288
2016-11-29 00:00:00,000035.SZ,2500.0,7.8203,Buy,19.55075,289
2016-11-30 00:00:00,002035.SZ,8900.0,9.4692,Sell,84.27588,290
2016-12-01 00:00:00,603366.SH,2100.0,9.4957,Buy,19.940969999999997,291
2016-12-13 00:00:00,600722.SH,8600.0,10.98,Sell,94.428,292
2016-12-15 00:00:00,600691.SH,5400.0,3.69,Buy,19.926000000000002,293
2016-12-29 00:00:00,600136.SH,1200.0,16.3456,Buy,19.614720000000002,294
2017-01-17 00:00:00,601519.SH,2000.0,6.82,Sell,13.64,295
2017-01-25 00:00:00,002748.SZ,3100.0,25.4824,Sell,78.99543999999999,296
2017-02-08 00:00:00,002725.SZ,3500.0,16.1769,Sell,56.619150000000005,297
2017-02-10 00:00:00,600059.SH,1900.0,10.0442,Buy,19.08398,298
2017-02-21 00:00:00,000507.SZ,6200.0,6.7319,Sell,41.73778000000001,299
2017-02-22 00:00:00,601992.SH,6000.0,4.1362,Sell,24.817199999999996,300
2017-02-22 00:00:00,000528.SZ,3400.0,5.7412,Buy,19.520080000000004,301
2017-03-31 00:00:00,601002.SH,2100.0,9.5397,Sell,20.033369999999998,302
2017-04-10 00:00:00,000968.SZ,6000.0,13.7057,Sell,82.2342,303
2017-04-11 00:00:00,000897.SZ,2900.0,6.6744,Buy,19.355760000000004,304
2017-04-12 00:00:00,600246.SH,8000.0,5.8397,Sell,46.7176,305
2017-04-12 00:00:00,002204.SZ,11200.0,5.079,Sell,56.8848,306
2017-04-12 00:00:00,000897.SZ,7100.0,6.0869,Sell,43.216989999999996,307
2017-04-14 00:00:00,600684.SH,2600.0,7.6844,Buy,19.97944,308
2017-04-17 00:00:00,600812.SH,3300.0,6.3017,Sell,20.79561,309
2017-04-26 00:00:00,002379.SZ,3400.0,5.8645,Buy,19.9393,310
2017-05-24 00:00:00,600894.SH,3500.0,7.5158,Sell,26.3053,311
2017-05-24 00:00:00,600875.SH,1700.0,7.8748,Sell,13.38716,312
2017-05-24 00:00:00,000919.SZ,3000.0,8.9996,Sell,26.9988,313
2017-07-21 00:00:00,600295.SH,13900.0,5.3268,Sell,74.04252000000001,314
2017-08-01 00:00:00,601012.SH,13900.0,6.2029,Sell,86.22031,315
2017-08-02 00:00:00,601001.SH,7200.0,5.163,Sell,37.1736,316
2017-08-23 00:00:00,600818.SH,900.0,21.7263,Buy,19.55367,317
2017-08-23 00:00:00,603618.SH,2200.0,8.8051,Buy,19.371219999999997,318
2017-08-23 00:00:00,002312.SZ,3700.0,5.3177,Buy,19.675490000000003,319
2017-09-06 00:00:00,000552.SZ,6100.0,3.245,Buy,19.7945,320
2017-09-15 00:00:00,000799.SZ,3100.0,26.0418,Sell,80.72958,321
2017-09-20 00:00:00,002312.SZ,3000.0,6.4753,Buy,19.4259,322
2017-09-26 00:00:00,300402.SZ,1200.0,15.7256,Buy,18.870720000000002,323
2017-11-22 00:00:00,300423.SZ,2000.0,9.7343,Buy,19.4686,324
2017-11-22 00:00:00,002569.SZ,400.0,48.35,Buy,19.34,325
2017-11-23 00:00:00,603366.SH,4600.0,5.7752,Sell,26.56592,326
2017-11-28 00:00:00,601969.SH,1500.0,9.0269,Sell,13.540349999999998,327
2017-11-29 00:00:00,000703.SZ,10100.0,8.5852,Sell,86.71052,328
2017-11-30 00:00:00,603158.SH,2300.0,8.6098,Buy,19.80254,329
2017-11-30 00:00:00,600714.SH,2100.0,9.4972,Buy,19.944119999999998,330
2017-11-30 00:00:00,600130.SH,3600.0,5.48,Buy,19.728,331
2017-11-30 00:00:00,603319.SH,2400.0,8.233,Buy,19.7592,332
2017-11-30 00:00:00,603958.SH,1300.0,14.5763,Buy,18.949189999999998,333
2017-11-30 00:00:00,603300.SH,5500.0,3.6043,Buy,19.823649999999997,334
2017-11-30 00:00:00,002796.SZ,1400.0,13.5815,Buy,19.0141,335
2017-11-30 00:00:00,002351.SZ,3600.0,5.5097,Buy,19.83492,336
2017-11-30 00:00:00,002801.SZ,1200.0,16.0046,Buy,19.20552,337
2017-11-30 00:00:00,002519.SZ,3200.0,6.2292,Buy,19.933439999999997,338
2017-11-30 00:00:00,300589.SZ,2500.0,7.8262,Buy,19.5655,339
2017-12-05 00:00:00,600981.SH,3900.0,5.096,Buy,19.8744,340
2017-12-05 00:00:00,600158.SH,1900.0,10.0243,Buy,19.046170000000004,341
2017-12-05 00:00:00,603615.SH,1700.0,11.2148,Buy,19.06516,342
2017-12-05 00:00:00,603389.SH,1800.0,10.9037,Buy,19.62666,343
2017-12-05 00:00:00,603811.SH,4600.0,4.2884,Buy,19.72664,344
2017-12-05 00:00:00,601366.SH,2300.0,8.588,Buy,19.752399999999998,345
2017-12-05 00:00:00,601177.SH,2700.0,7.368,Buy,19.893600000000003,346
2017-12-05 00:00:00,600726.SH,6100.0,3.23,Buy,19.703,347
2017-12-05 00:00:00,603803.SH,1100.0,16.8331,Buy,18.516410000000004,348
2017-12-05 00:00:00,603838.SH,1700.0,11.1599,Buy,18.97183,349
2017-12-05 00:00:00,600469.SH,3700.0,5.3737,Buy,19.882690000000004,350
2017-12-05 00:00:00,603668.SH,1800.0,10.6477,Buy,19.165860000000002,351
2017-12-05 00:00:00,603421.SH,1200.0,16.5728,Buy,19.88736,352
2017-12-05 00:00:00,600543.SH,2100.0,9.1203,Buy,19.152630000000002,353
2017-12-05 00:00:00,603558.SH,2200.0,8.9402,Buy,19.668440000000004,354
2017-12-05 00:00:00,603901.SH,2300.0,8.3852,Buy,19.28596,355
2017-12-05 00:00:00,600359.SH,3000.0,6.49,Buy,19.47,356
2017-12-05 00:00:00,603585.SH,1200.0,15.9224,Buy,19.10688,357
2017-12-05 00:00:00,603738.SH,2500.0,7.8508,Buy,19.627,358
2017-12-05 00:00:00,603606.SH,3800.0,5.2013,Buy,19.76494,359
2017-12-05 00:00:00,300593.SZ,3800.0,5.21,Buy,19.798000000000002,360
2017-12-05 00:00:00,300368.SZ,2300.0,8.4594,Buy,19.456620000000004,361
2017-12-05 00:00:00,300173.SZ,2300.0,8.5175,Buy,19.59025,362
2017-12-05 00:00:00,300030.SZ,2300.0,8.3467,Buy,19.19741,363
2017-12-05 00:00:00,002793.SZ,2200.0,8.7312,Buy,19.20864,364
2017-12-05 00:00:00,300509.SZ,3400.0,5.8548,Buy,19.90632,365
2017-12-05 00:00:00,002551.SZ,2200.0,8.8355,Buy,19.4381,366
2017-12-05 00:00:00,002487.SZ,4300.0,4.598,Buy,19.7714,367
2017-12-05 00:00:00,002467.SZ,5000.0,3.967,Buy,19.835,368
2017-12-05 00:00:00,002314.SZ,3600.0,5.5382,Buy,19.93752,369
2017-12-05 00:00:00,300234.SZ,3600.0,5.5111,Buy,19.839959999999998,370
2017-12-06 00:00:00,603609.SH,3500.0,7.8549,Sell,27.49215,371
2017-12-06 00:00:00,603000.SH,2400.0,10.9858,Sell,26.36592,372
2017-12-12 00:00:00,600692.SH,1900.0,10.2601,Buy,19.49419,373
2017-12-12 00:00:00,603888.SH,1200.0,15.8896,Buy,19.067520000000002,374
2017-12-12 00:00:00,603859.SH,1400.0,13.5713,Buy,18.99982,375
2017-12-22 00:00:00,300255.SZ,4500.0,6.1979,Sell,27.89055,376
2017-12-25 00:00:00,600130.SH,3000.0,6.65,Buy,19.95,377
2017-12-25 00:00:00,002535.SZ,2900.0,4.65,Sell,13.485000000000003,378
2017-12-26 00:00:00,300210.SZ,4700.0,5.9359,Sell,27.89873,379
2017-12-29 00:00:00,603758.SH,1800.0,10.6196,Buy,19.11528,380
2017-12-29 00:00:00,300617.SZ,800.0,23.9588,Buy,19.16704,381
2017-12-29 00:00:00,300420.SZ,5300.0,3.7667,Buy,19.963510000000003,382
2018-01-05 00:00:00,002569.SZ,400.0,32.64,Sell,13.056000000000001,383
2018-01-09 00:00:00,002648.SZ,13800.0,6.0788,Sell,83.88744,384
2018-01-10 00:00:00,600543.SH,1800.0,11.074,Buy,19.933200000000003,385
2018-01-11 00:00:00,600684.SH,5600.0,6.6077,Sell,37.00312,386
2018-01-18 00:00:00,603823.SH,2500.0,7.9408,Buy,19.852,387
2018-01-18 00:00:00,002213.SZ,1200.0,15.7666,Buy,18.91992,388
2018-01-18 00:00:00,000953.SZ,2500.0,7.75,Buy,19.375,389
2018-01-26 00:00:00,000020.SZ,1400.0,14.12,Buy,19.768,390
2018-01-29 00:00:00,002625.SZ,1300.0,14.5353,Buy,18.89589,391
2018-01-29 00:00:00,300290.SZ,3800.0,5.1554,Buy,19.59052,392
2018-02-01 00:00:00,300402.SZ,1200.0,10.2901,Sell,12.348120000000002,393
2018-02-01 00:00:00,002200.SZ,2700.0,8.7948,Sell,23.745960000000004,394
2018-02-05 00:00:00,603010.SH,1900.0,10.1662,Buy,19.31578,395
2018-02-06 00:00:00,300589.SZ,2500.0,4.9461,Sell,12.365250000000001,396
2018-02-07 00:00:00,600136.SH,1200.0,11.433,Sell,13.7196,397
2018-02-07 00:00:00,603123.SH,4200.0,6.2755,Sell,26.3571,398
2018-02-07 00:00:00,600250.SH,3500.0,7.58,Sell,26.53,399
2018-02-07 00:00:00,603618.SH,2200.0,6.2806,Sell,13.81732,400
2018-02-07 00:00:00,600505.SH,4400.0,5.6421,Sell,24.82524,401
2018-02-07 00:00:00,603958.SH,1300.0,9.8998,Sell,12.869740000000002,402
2018-02-07 00:00:00,603300.SH,5500.0,2.7095,Sell,14.902249999999999,403
2018-02-07 00:00:00,000680.SZ,6700.0,4.0527,Sell,27.15309,404
2018-02-12 00:00:00,600976.SH,1400.0,17.4694,Sell,24.457160000000002,405
2018-02-13 00:00:00,600552.SH,3100.0,6.4112,Buy,19.87472,406
2018-02-13 00:00:00,600249.SH,3900.0,5.1237,Buy,19.98243,407
2018-02-13 00:00:00,603903.SH,1400.0,13.6716,Buy,19.14024,408
2018-02-13 00:00:00,603036.SH,1700.0,11.2179,Buy,19.07043,409
2018-02-13 00:00:00,300562.SZ,1300.0,14.9717,Buy,19.46321,410
2018-02-13 00:00:00,300375.SZ,4700.0,4.2287,Buy,19.87489,411
2018-02-13 00:00:00,000155.SZ,3400.0,5.8089,Buy,19.75026,412
2018-02-13 00:00:00,002813.SZ,800.0,23.4819,Buy,18.78552,413
2018-02-13 00:00:00,002265.SZ,1800.0,10.6003,Buy,19.080540000000003,414
2018-02-26 00:00:00,600475.SH,3500.0,5.6771,Buy,19.869850000000003,415
2018-03-02 00:00:00,603088.SH,6800.0,3.8287,Sell,26.03516,416
2018-03-02 00:00:00,002813.SZ,600.0,28.6391,Buy,17.18346,417
2018-03-07 00:00:00,600158.SH,1600.0,12.1176,Buy,19.38816,418
2018-03-14 00:00:00,000020.SZ,1400.0,17.03,Sell,23.842,419
2018-03-15 00:00:00,600249.SH,3000.0,6.5469,Buy,19.640700000000002,420
2018-03-26 00:00:00,600981.SH,3900.0,5.2205,Sell,20.35995,421
2018-03-26 00:00:00,603738.SH,2000.0,9.5577,Buy,19.1154,422
2018-04-09 00:00:00,000955.SZ,5700.0,7.98,Sell,45.486000000000004,423
2018-04-09 00:00:00,002265.SZ,1300.0,15.2087,Buy,19.771310000000003,424
2018-04-10 00:00:00,603803.SH,800.0,22.2444,Buy,17.79552,425
2018-04-10 00:00:00,603036.SH,1400.0,13.8922,Buy,19.449080000000002,426
2018-04-16 00:00:00,603803.SH,1900.0,18.1718,Sell,34.52642000000001,427
2018-04-16 00:00:00,300562.SZ,900.0,20.7657,Buy,18.68913,428
2018-04-19 00:00:00,000737.SZ,8000.0,3.3719,Sell,26.9752,429
2018-04-20 00:00:00,600400.SH,5100.0,3.8949,Buy,19.863989999999998,430
2018-04-20 00:00:00,603010.SH,1600.0,12.494,Buy,19.9904,431
2018-04-23 00:00:00,600199.SH,4400.0,6.1412,Sell,27.021280000000004,432
2018-04-24 00:00:00,603017.SH,1800.0,10.5557,Buy,19.000259999999997,433
2018-04-24 00:00:00,002165.SZ,6600.0,4.1972,Sell,27.70152,434
2018-04-24 00:00:00,000619.SZ,2900.0,6.7141,Buy,19.47089,435
2018-04-24 00:00:00,002178.SZ,2600.0,7.62,Buy,19.812,436
2018-04-27 00:00:00,000166.SZ,3400.0,4.0474,Sell,13.761159999999999,437
2018-05-08 00:00:00,600596.SH,8600.0,10.3906,Sell,89.35915999999999,438
2018-05-08 00:00:00,600830.SH,2800.0,6.9509,Buy,19.46252,439
2018-05-08 00:00:00,600676.SH,3600.0,5.4801,Buy,19.728360000000002,440
2018-05-08 00:00:00,603006.SH,1800.0,11.0186,Buy,19.83348,441
2018-05-08 00:00:00,603777.SH,1200.0,15.4211,Buy,18.50532,442
2018-05-08 00:00:00,600630.SH,2100.0,9.1648,Buy,19.24608,443
2018-05-31 00:00:00,600469.SH,3700.0,3.7732,Sell,13.960840000000001,444
2018-05-31 00:00:00,600595.SH,7900.0,3.3304,Sell,26.31016,445
2018-05-31 00:00:00,300269.SZ,2000.0,9.56,Buy,19.12,446
2018-05-31 00:00:00,300201.SZ,4000.0,4.9602,Buy,19.840800000000005,447
2018-05-31 00:00:00,002312.SZ,6700.0,3.84,Sell,25.728,448
2018-05-31 00:00:00,002397.SZ,3600.0,5.5081,Buy,19.82916,449
2018-06-14 00:00:00,300234.SZ,3600.0,3.8002,Sell,13.680719999999999,450
2018-06-15 00:00:00,603777.SH,1000.0,18.5329,Buy,18.5329,451
2018-06-19 00:00:00,603758.SH,1800.0,6.6144,Sell,11.90592,452
2018-06-19 00:00:00,600237.SH,5600.0,3.5621,Buy,19.947760000000002,453
2018-06-19 00:00:00,603558.SH,2200.0,5.6824,Sell,12.501280000000001,454
2018-06-20 00:00:00,600692.SH,1900.0,6.9629,Sell,13.229510000000001,455
2018-06-20 00:00:00,600722.SH,4700.0,4.23,Buy,19.881000000000004,456
2018-06-20 00:00:00,600829.SH,3600.0,7.2118,Sell,25.96248,457
2018-06-20 00:00:00,601700.SH,6600.0,2.9958,Buy,19.77228,458
2018-06-20 00:00:00,600552.SH,3100.0,4.5021,Sell,13.956510000000002,459
2018-06-20 00:00:00,600714.SH,2100.0,6.4806,Sell,13.60926,460
2018-06-20 00:00:00,600533.SH,6600.0,3.0081,Buy,19.853460000000002,461
2018-06-20 00:00:00,600249.SH,6900.0,3.8869,Sell,26.819609999999997,462
2018-06-20 00:00:00,600130.SH,6600.0,3.56,Sell,23.496000000000002,463
2018-06-20 00:00:00,603421.SH,1200.0,11.5292,Sell,13.83504,464
2018-06-20 00:00:00,600261.SH,7700.0,2.592,Buy,19.9584,465
2018-06-20 00:00:00,300368.SZ,2300.0,5.9912,Sell,13.779760000000001,466
2018-06-20 00:00:00,300076.SZ,4200.0,4.7414,Buy,19.91388,467
2018-06-20 00:00:00,002040.SZ,3000.0,6.5941,Buy,19.7823,468
2018-06-20 00:00:00,002551.SZ,2200.0,5.8871,Sell,12.951620000000002,469
2018-06-20 00:00:00,002314.SZ,3600.0,3.853,Sell,13.870800000000001,470
2018-06-20 00:00:00,002287.SZ,1000.0,18.2073,Buy,18.2073,471
2018-06-20 00:00:00,002351.SZ,3600.0,3.8341,Sell,13.802760000000001,472
2018-06-20 00:00:00,002134.SZ,3100.0,6.26,Buy,19.406,473
2018-06-20 00:00:00,000737.SZ,7000.0,2.8293,Buy,19.8051,474
2018-06-20 00:00:00,002485.SZ,1400.0,14.1799,Buy,19.851860000000002,475
2018-06-20 00:00:00,002519.SZ,3200.0,4.2778,Sell,13.688960000000002,476
2018-06-21 00:00:00,002540.SZ,3700.0,3.6213,Sell,13.398810000000001,477
2018-06-22 00:00:00,603888.SH,1200.0,10.9765,Sell,13.1718,478
2018-06-22 00:00:00,600359.SH,3000.0,4.29,Sell,12.870000000000001,479
2018-06-22 00:00:00,300617.SZ,800.0,17.0491,Sell,13.63928,480
2018-06-22 00:00:00,300173.SZ,2300.0,6.07,Sell,13.961,481
2018-06-27 00:00:00,600818.SH,900.0,15.1122,Sell,13.60098,482
2018-06-28 00:00:00,300269.SZ,2000.0,6.19,Sell,12.38,483
2018-06-28 00:00:00,002379.SZ,8500.0,3.2394,Sell,27.534899999999997,484
2018-06-28 00:00:00,002134.SZ,2800.0,7.0,Buy,19.6,485
2018-06-29 00:00:00,603017.SH,1800.0,7.6005,Sell,13.6809,486
2018-06-29 00:00:00,300423.SZ,1500.0,13.0403,Buy,19.56045,487
2018-07-02 00:00:00,600251.SH,4100.0,4.8648,Buy,19.94568,488
2018-07-02 00:00:00,603768.SH,1400.0,13.6715,Buy,19.1401,489
2018-07-02 00:00:00,600439.SH,5900.0,3.3442,Buy,19.73078,490
2018-07-02 00:00:00,600268.SH,7200.0,2.7447,Buy,19.76184,491
2018-07-02 00:00:00,300374.SZ,1700.0,11.4916,Buy,19.53572,492
2018-07-05 00:00:00,000953.SZ,2500.0,5.41,Sell,13.525,493
2018-07-06 00:00:00,300290.SZ,3800.0,6.2101,Sell,23.59838,494
2018-07-09 00:00:00,600143.SH,3300.0,4.4329,Sell,14.62857,495
2018-07-12 00:00:00,601002.SH,3600.0,5.4808,Buy,19.730880000000003,496
2018-07-12 00:00:00,603010.SH,3500.0,7.5951,Sell,26.582850000000004,497
2018-07-12 00:00:00,600528.SH,3300.0,8.3141,Sell,27.436529999999998,498
2018-07-12 00:00:00,600615.SH,2700.0,7.1686,Buy,19.35522,499
2018-07-12 00:00:00,600172.SH,4800.0,4.12,Buy,19.776,500
2018-07-12 00:00:00,600996.SH,2800.0,7.14,Buy,19.992,501
2018-07-12 00:00:00,603159.SH,1400.0,13.8101,Buy,19.33414,502
2018-07-12 00:00:00,600530.SH,3700.0,5.3234,Buy,19.69658,503
2018-07-12 00:00:00,000035.SZ,5600.0,4.5747,Sell,25.61832,504
2018-07-12 00:00:00,002801.SZ,1200.0,11.4312,Sell,13.717440000000002,505
2018-07-12 00:00:00,000980.SZ,2800.0,7.07,Buy,19.796,506
2018-07-12 00:00:00,300492.SZ,3000.0,6.5199,Buy,19.5597,507
2018-07-17 00:00:00,002213.SZ,1200.0,10.6075,Sell,12.729000000000001,508
2018-07-17 00:00:00,002178.SZ,2600.0,5.15,Sell,13.390000000000002,509
2018-07-18 00:00:00,603628.SH,2100.0,9.4521,Buy,19.84941,510
2018-07-24 00:00:00,600221.SH,5000.0,2.6,Sell,13.0,511
2018-07-24 00:00:00,002625.SZ,1300.0,10.3222,Sell,13.41886,512
2018-07-25 00:00:00,603069.SH,2200.0,8.9781,Buy,19.75182,513
2018-08-06 00:00:00,300030.SZ,2300.0,5.5935,Sell,12.86505,514
2018-08-07 00:00:00,600722.SH,3100.0,6.27,Buy,19.437,515
2018-08-16 00:00:00,601633.SH,4500.0,6.1003,Sell,27.451349999999998,516
2018-08-16 00:00:00,600250.SH,2700.0,7.39,Buy,19.953,517
2018-08-31 00:00:00,603777.SH,2200.0,11.1002,Sell,24.42044,518
2018-09-04 00:00:00,600416.SH,2900.0,6.79,Buy,19.691,519
2018-09-18 00:00:00,600830.SH,2800.0,4.8852,Sell,13.678560000000001,520
2018-09-18 00:00:00,300562.SZ,2200.0,12.0433,Sell,26.495260000000002,521
2018-09-19 00:00:00,603389.SH,1400.0,14.1154,Buy,19.76156,522
2018-09-21 00:00:00,603315.SH,1700.0,11.2701,Buy,19.15917,523
2018-09-21 00:00:00,600883.SH,3200.0,6.1043,Buy,19.53376,524
2018-09-28 00:00:00,002735.SZ,3900.0,7.0113,Sell,27.34407,525
2018-10-09 00:00:00,603389.SH,3200.0,7.8759,Sell,25.202879999999997,526
2018-10-09 00:00:00,603668.SH,1800.0,7.0629,Sell,12.71322,527
2018-10-10 00:00:00,002212.SZ,1800.0,11.0704,Buy,19.92672,528
2018-10-10 00:00:00,002227.SZ,1800.0,10.8763,Buy,19.57734,529
2018-10-10 00:00:00,002870.SZ,1300.0,14.8103,Buy,19.25339,530
2018-10-12 00:00:00,600475.SH,3500.0,3.9589,Sell,13.85615,531
2018-10-12 00:00:00,600158.SH,3500.0,7.4031,Sell,25.910850000000003,532
2018-10-12 00:00:00,603615.SH,1700.0,7.2816,Sell,12.37872,533
2018-10-12 00:00:00,603006.SH,1800.0,7.1254,Sell,12.82572,534
2018-10-12 00:00:00,603859.SH,1400.0,9.5281,Sell,13.33934,535
2018-10-12 00:00:00,600543.SH,3900.0,6.5587,Sell,25.57893,536
2018-10-12 00:00:00,600059.SH,4300.0,6.1367,Sell,26.38781,537
2018-10-12 00:00:00,603319.SH,2400.0,5.4086,Sell,12.98064,538
2018-10-12 00:00:00,603738.SH,4500.0,5.6449,Sell,25.40205,539
2018-10-12 00:00:00,300593.SZ,3800.0,3.4052,Sell,12.939759999999998,540
2018-10-12 00:00:00,002793.SZ,2200.0,5.7178,Sell,12.579160000000002,541
2018-10-12 00:00:00,002467.SZ,5000.0,2.4442,Sell,12.221,542
2018-10-12 00:00:00,000980.SZ,2800.0,4.42,Sell,12.376,543
2018-10-12 00:00:00,002685.SZ,4500.0,5.7395,Sell,25.82775,544
2018-10-12 00:00:00,000552.SZ,13400.0,2.0881,Sell,27.980539999999998,545
2018-10-15 00:00:00,603018.SH,5900.0,4.6535,Sell,27.455650000000002,546
2018-10-15 00:00:00,603578.SH,2100.0,9.1057,Buy,19.12197,547
2018-10-15 00:00:00,300374.SZ,1700.0,7.7108,Sell,13.108360000000001,548
2018-10-15 00:00:00,300278.SZ,3000.0,6.508,Buy,19.524,549
2018-10-15 00:00:00,002487.SZ,4300.0,3.1261,Sell,13.44223,550
2018-10-15 00:00:00,000155.SZ,3400.0,3.4717,Sell,11.80378,551
2018-10-15 00:00:00,002766.SZ,3200.0,6.14,Buy,19.648,552
2018-10-15 00:00:00,000157.SZ,5900.0,2.3226,Sell,13.70334,553
2018-10-15 00:00:00,300259.SZ,9200.0,2.1608,Buy,19.879360000000002,554
2018-10-15 00:00:00,002175.SZ,6000.0,3.31,Buy,19.86,555
2018-10-16 00:00:00,603628.SH,2100.0,6.5363,Sell,13.72623,556
2018-10-16 00:00:00,600403.SH,8600.0,3.1603,Sell,27.17858,557
2018-10-17 00:00:00,603129.SH,1300.0,15.2981,Buy,19.887529999999998,558
2018-10-17 00:00:00,601366.SH,2300.0,6.0459,Sell,13.90557,559
2018-10-17 00:00:00,600493.SH,4700.0,4.2235,Buy,19.85045,560
2018-10-17 00:00:00,002771.SZ,2300.0,8.423,Buy,19.3729,561
2018-10-17 00:00:00,002263.SZ,16200.0,1.23,Buy,19.926000000000002,562
2018-10-17 00:00:00,002638.SZ,7700.0,2.57,Buy,19.789,563
2018-10-17 00:00:00,002054.SZ,4600.0,4.2662,Buy,19.62452,564
2018-10-17 00:00:00,300629.SZ,1900.0,10.0955,Buy,19.18145,565
2018-10-18 00:00:00,603903.SH,1400.0,8.9985,Sell,12.5979,566
2018-10-19 00:00:00,600250.SH,2700.0,5.24,Sell,14.148,567
2018-10-19 00:00:00,603069.SH,2200.0,6.1205,Sell,13.465100000000001,568
2018-10-19 00:00:00,600172.SH,4800.0,3.05,Sell,14.64,569
2018-10-19 00:00:00,600630.SH,2100.0,6.2266,Sell,13.07586,570
2018-10-19 00:00:00,603901.SH,2300.0,6.048,Sell,13.9104,571
2018-10-19 00:00:00,300375.SZ,4700.0,2.967,Sell,13.9449,572
2018-10-19 00:00:00,002265.SZ,3100.0,8.5101,Sell,26.38131,573
2018-10-26 00:00:00,603099.SH,2300.0,8.3409,Buy,19.18407,574
2018-10-26 00:00:00,600807.SH,8800.0,2.26,Buy,19.887999999999998,575
2018-10-26 00:00:00,000933.SZ,5900.0,3.3552,Buy,19.79568,576
2018-10-26 00:00:00,002218.SZ,7500.0,2.6578,Buy,19.9335,577
2018-10-26 00:00:00,300213.SZ,4000.0,4.9524,Buy,19.8096,578
2018-10-26 00:00:00,002033.SZ,4200.0,4.6965,Buy,19.725300000000004,579
2018-10-26 00:00:00,002114.SZ,2900.0,6.85,Buy,19.865000000000002,580
2018-10-26 00:00:00,300022.SZ,5600.0,3.53,Buy,19.768,581
2018-11-02 00:00:00,002263.SZ,12700.0,1.57,Buy,19.939,582
2018-11-06 00:00:00,600493.SH,3800.0,5.1682,Buy,19.63916,583
2018-11-07 00:00:00,002054.SZ,3400.0,5.7409,Buy,19.519060000000003,584
2018-11-15 00:00:00,002638.SZ,6400.0,3.11,Buy,19.904,585
2018-11-16 00:00:00,603578.SH,1800.0,10.9176,Buy,19.65168,586
2018-11-16 00:00:00,002054.SZ,8000.0,7.8091,Sell,62.47280000000001,587
2018-11-19 00:00:00,600807.SH,6900.0,2.88,Buy,19.872,588
2018-11-19 00:00:00,300213.SZ,3300.0,5.9278,Buy,19.56174,589
2018-11-22 00:00:00,002114.SZ,2300.0,8.44,Buy,19.412,590
2018-11-23 00:00:00,002766.SZ,2700.0,7.32,Buy,19.764,591
2018-11-26 00:00:00,002485.SZ,1400.0,9.1841,Sell,12.857740000000002,592
2018-11-29 00:00:00,002175.SZ,5200.0,3.78,Buy,19.656,593
2018-12-26 00:00:00,601015.SH,8100.0,3.2796,Sell,26.56476,594
2018-12-26 00:00:00,603289.SH,2800.0,7.0877,Buy,19.845560000000003,595
2018-12-26 00:00:00,600764.SH,900.0,21.9399,Buy,19.74591,596
2018-12-28 00:00:00,002397.SZ,3600.0,3.8155,Sell,13.735800000000001,597
2019-01-02 00:00:00,600615.SH,2300.0,8.609,Buy,19.800700000000003,598
2019-01-04 00:00:00,601700.SH,6600.0,4.7038,Sell,31.045080000000002,599
2019-01-07 00:00:00,600268.SH,7200.0,3.5036,Sell,25.225920000000002,600
2019-01-08 00:00:00,300259.SZ,7600.0,2.6113,Buy,19.84588,601
2019-01-17 00:00:00,002796.SZ,1100.0,17.2626,Buy,18.988860000000003,602
2019-01-30 00:00:00,603838.SH,1700.0,7.7809,Sell,13.227530000000002,603
2019-01-31 00:00:00,601177.SH,2000.0,9.7008,Buy,19.4016,604
2019-02-01 00:00:00,600726.SH,6100.0,1.98,Sell,12.078,605
2019-02-01 00:00:00,300420.SZ,4500.0,4.3844,Buy,19.729800000000004,606
2019-02-01 00:00:00,002766.SZ,5900.0,4.76,Sell,28.084,607
2019-02-11 00:00:00,002212.SZ,1400.0,13.6053,Buy,19.04742,608
2019-02-21 00:00:00,002870.SZ,1300.0,22.8693,Sell,29.73009,609
2019-02-22 00:00:00,002040.SZ,3000.0,7.8,Sell,23.400000000000002,610
2019-02-22 00:00:00,000737.SZ,5300.0,3.7207,Buy,19.71971,611
2019-02-25 00:00:00,603606.SH,3000.0,6.5308,Buy,19.5924,612
2019-02-25 00:00:00,300492.SZ,2200.0,8.8712,Buy,19.51664,613
2019-03-12 00:00:00,300125.SZ,4300.0,13.6112,Sell,58.52816000000001,614
2019-03-12 00:00:00,300076.SZ,3300.0,6.0463,Buy,19.952789999999997,615
2019-03-12 00:00:00,000933.SZ,4800.0,4.1025,Buy,19.692,616
2019-03-12 00:00:00,002227.SZ,1400.0,13.9967,Buy,19.595380000000002,617
2019-03-13 00:00:00,002175.SZ,11200.0,8.49,Sell,95.08800000000001,618
2019-03-13 00:00:00,300629.SZ,1700.0,11.7407,Buy,19.959190000000003,619
2019-03-14 00:00:00,603315.SH,1400.0,13.9411,Buy,19.51754,620
2019-03-14 00:00:00,600996.SH,2000.0,9.8982,Buy,19.7964,621
2019-03-14 00:00:00,603129.SH,1000.0,18.452,Buy,18.452,622
2019-03-14 00:00:00,603289.SH,2000.0,9.7866,Buy,19.5732,623
2019-03-21 00:00:00,600807.SH,15700.0,5.87,Sell,92.159,624
2019-03-21 00:00:00,600237.SH,4400.0,4.5444,Buy,19.99536,625
2019-03-21 00:00:00,002218.SZ,5300.0,3.7539,Buy,19.89567,626
2019-03-21 00:00:00,300022.SZ,4100.0,4.8,Buy,19.68,627
2019-03-22 00:00:00,600883.SH,2600.0,7.6065,Buy,19.776899999999998,628
2019-03-25 00:00:00,600530.SH,3700.0,6.3819,Sell,23.61303,629
2019-03-25 00:00:00,600764.SH,600.0,32.0725,Buy,19.2435,630
2019-03-25 00:00:00,300278.SZ,2400.0,8.1048,Buy,19.45152,631
2019-04-11 00:00:00,603823.SH,2500.0,13.7883,Sell,34.47075,632
2019-04-11 00:00:00,603099.SH,1700.0,11.416,Buy,19.4072,633
2019-05-27 00:00:00,600998.SH,6900.0,3.9839,Sell,27.48891,634
2019-05-28 00:00:00,002771.SZ,1900.0,10.4376,Buy,19.83144,635
2019-06-05 00:00:00,300278.SZ,5400.0,4.9762,Sell,26.871480000000005,636
2019-06-12 00:00:00,600251.SH,3000.0,6.5586,Buy,19.6758,637
2019-07-09 00:00:00,002766.SZ,8500.0,2.35,Buy,19.975,638
2019-08-12 00:00:00,600691.SH,11800.0,2.38,Sell,28.084,639
2019-08-13 00:00:00,002536.SZ,5000.0,3.9869,Buy,19.9345,640
2019-08-14 00:00:00,300420.SZ,9800.0,5.2663,Sell,51.60974000000001,641
2019-08-21 00:00:00,603811.SH,3900.0,5.1278,Buy,19.99842,642
2019-08-29 00:00:00,603129.SH,2300.0,21.9735,Sell,50.53905,643
2019-09-02 00:00:00,002536.SZ,3800.0,5.1386,Buy,19.52668,644
2019-09-10 00:00:00,002771.SZ,4200.0,14.3284,Sell,60.17928,645
2019-09-12 00:00:00,002134.SZ,5900.0,12.11,Sell,71.449,646
2019-09-17 00:00:00,600261.SH,6300.0,3.1683,Buy,19.96029,647
2019-09-17 00:00:00,300509.SZ,2900.0,6.8729,Buy,19.93141,648
2019-10-15 00:00:00,601139.SH,3000.0,6.5457,Buy,19.6371,649
2019-10-21 00:00:00,000525.SZ,3100.0,8.7377,Sell,27.08687,650
2019-10-22 00:00:00,600965.SH,3800.0,7.2815,Sell,27.669700000000002,651
2019-10-22 00:00:00,300492.SZ,5200.0,17.4316,Sell,90.64432,652
2019-10-30 00:00:00,603663.SH,4300.0,4.6113,Buy,19.828590000000002,653
2019-10-30 00:00:00,688188.SH,600.0,30.6975,Buy,18.4185,654
2019-10-30 00:00:00,002629.SZ,12900.0,1.54,Buy,19.866,655
2019-10-30 00:00:00,002739.SZ,1300.0,15.04,Buy,19.552,656
2019-10-30 00:00:00,300068.SZ,1800.0,10.6203,Buy,19.11654,657
2019-10-30 00:00:00,002006.SZ,4500.0,4.4243,Buy,19.90935,658
2019-10-30 00:00:00,002445.SZ,16100.0,1.24,Buy,19.964000000000002,659
2019-10-30 00:00:00,300101.SZ,2200.0,8.8235,Buy,19.411699999999996,660
2019-11-11 00:00:00,600666.SH,19500.0,1.0211,Buy,19.91145,661
2019-11-11 00:00:00,600518.SH,6100.0,3.2579,Buy,19.873189999999997,662
2019-11-11 00:00:00,688009.SH,3500.0,5.6796,Buy,19.8786,663
2019-11-11 00:00:00,300758.SZ,2200.0,9.0016,Buy,19.803520000000002,664
2019-11-11 00:00:00,000752.SZ,5300.0,3.75,Buy,19.875,665
2019-11-11 00:00:00,002943.SZ,1900.0,10.3336,Buy,19.63384,666
2019-11-11 00:00:00,002256.SZ,8400.0,2.38,Buy,19.992,667
2019-12-02 00:00:00,300201.SZ,4000.0,3.3694,Sell,13.4776,668
2019-12-17 00:00:00,603768.SH,1400.0,10.9921,Sell,15.388940000000002,669
2019-12-17 00:00:00,300758.SZ,1700.0,11.3439,Buy,19.28463,670
2020-01-06 00:00:00,300259.SZ,16800.0,4.6261,Sell,77.71848,671
2020-01-07 00:00:00,600666.SH,13200.0,1.5127,Buy,19.96764,672
2020-01-07 00:00:00,688188.SH,500.0,37.8643,Buy,18.932150000000004,673
2020-01-07 00:00:00,000752.SZ,4100.0,4.86,Buy,19.926000000000002,674
2020-01-07 00:00:00,002766.SZ,5600.0,3.52,Buy,19.712,675
2020-01-22 00:00:00,603158.SH,2300.0,10.8459,Sell,24.94557,676
2020-01-22 00:00:00,002739.SZ,1000.0,18.59,Buy,18.59,677
2020-01-23 00:00:00,603688.SH,5600.0,13.5598,Sell,75.93487999999999,678
2020-01-23 00:00:00,300101.SZ,1800.0,11.012,Buy,19.821600000000004,679
2020-02-03 00:00:00,601077.SH,5100.0,3.8841,Buy,19.80891,680
2020-02-03 00:00:00,601658.SH,5000.0,3.9584,Buy,19.792,681
2020-02-03 00:00:00,601916.SH,7000.0,2.8331,Buy,19.8317,682
2020-02-04 00:00:00,600400.SH,5100.0,3.8183,Sell,19.473329999999997,683
2020-02-04 00:00:00,603159.SH,1400.0,9.4814,Sell,13.27396,684
2020-02-04 00:00:00,600676.SH,3600.0,3.7635,Sell,13.5486,685
2020-02-04 00:00:00,603036.SH,3100.0,7.7426,Sell,24.00206,686
2020-02-04 00:00:00,000937.SZ,17300.0,1.5306,Sell,26.479380000000003,687
2020-02-05 00:00:00,000619.SZ,2900.0,4.7058,Sell,13.64682,688
2020-02-06 00:00:00,002629.SZ,8600.0,2.3,Buy,19.78,689
2020-02-11 00:00:00,002396.SZ,2800.0,28.4533,Sell,79.66923999999999,690
2020-02-13 00:00:00,300068.SZ,1500.0,12.8375,Buy,19.25625,691
2020-02-20 00:00:00,000895.SZ,3300.0,24.9225,Sell,82.24425000000001,692
2020-02-21 00:00:00,600416.SH,2000.0,9.55,Buy,19.1,693
2020-02-24 00:00:00,002212.SZ,3200.0,26.2204,Sell,83.90528,694
2020-02-25 00:00:00,002006.SZ,3600.0,5.4586,Buy,19.650959999999998,695
2020-02-25 00:00:00,002943.SZ,1400.0,14.0753,Buy,19.705420000000004,696
2020-02-27 00:00:00,600237.SH,10000.0,6.7174,Sell,67.174,697
2020-02-28 00:00:00,600416.SH,4900.0,11.14,Sell,54.586,698
2020-03-24 00:00:00,601579.SH,4000.0,6.9055,Sell,27.622,699
2020-04-07 00:00:00,600986.SH,5100.0,3.8927,Buy,19.85277,700
2020-04-07 00:00:00,600895.SH,1600.0,11.8669,Buy,18.987039999999997,701
2020-04-07 00:00:00,603995.SH,1600.0,12.1518,Buy,19.442880000000002,702
2020-04-07 00:00:00,600033.SH,9200.0,2.1541,Buy,19.81772,703
2020-04-07 00:00:00,601949.SH,4200.0,4.6589,Buy,19.56738,704
2020-04-07 00:00:00,600758.SH,5900.0,3.3597,Buy,19.82223,705
2020-04-07 00:00:00,601011.SH,5900.0,3.38,Buy,19.942,706
2020-04-07 00:00:00,688066.SH,600.0,32.1906,Buy,19.31436,707
2020-04-07 00:00:00,600831.SH,2400.0,8.2815,Buy,19.8756,708
2020-04-07 00:00:00,600185.SH,4700.0,4.2075,Buy,19.775249999999996,709
2020-04-07 00:00:00,600099.SH,3200.0,6.1003,Buy,19.52096,710
2020-04-07 00:00:00,600734.SH,11800.0,1.6816,Buy,19.84288,711
2020-04-07 00:00:00,600841.SH,3100.0,6.4212,Buy,19.905720000000002,712
2020-04-07 00:00:00,600435.SH,2600.0,7.477,Buy,19.4402,713
2020-04-07 00:00:00,600217.SH,3800.0,5.1792,Buy,19.68096,714
2020-04-07 00:00:00,688366.SH,300.0,51.7957,Buy,15.53871,715
2020-04-07 00:00:00,600231.SH,9600.0,2.0804,Buy,19.97184,716
2020-04-07 00:00:00,601008.SH,6100.0,3.2283,Buy,19.69263,717
2020-04-07 00:00:00,600151.SH,4500.0,4.44,Buy,19.98,718
2020-04-07 00:00:00,600691.SH,10500.0,1.9,Buy,19.95,719
2020-04-07 00:00:00,603698.SH,1800.0,10.5406,Buy,18.97308,720
2020-04-20 00:00:00,002256.SZ,8400.0,1.66,Sell,13.944,721
2020-04-28 00:00:00,002445.SZ,12600.0,1.58,Buy,19.908,722
2020-04-29 00:00:00,600722.SH,7800.0,3.23,Sell,25.194,723
2020-04-29 00:00:00,603585.SH,1200.0,10.9376,Sell,13.125119999999999,724
2020-05-07 00:00:00,600185.SH,3800.0,5.2495,Buy,19.948100000000004,725
2020-05-12 00:00:00,600238.SH,4600.0,4.28,Buy,19.688,726
2020-05-15 00:00:00,600734.SH,11800.0,1.0838,Sell,12.788840000000002,727
2020-05-27 00:00:00,600518.SH,6100.0,2.2908,Sell,13.97388,728
2020-05-28 00:00:00,600895.SH,1300.0,15.0221,Buy,19.52873,729
2020-06-03 00:00:00,600185.SH,8500.0,11.1675,Sell,94.92375,730
2020-06-04 00:00:00,600986.SH,4100.0,4.846,Buy,19.8686,731
2020-06-10 00:00:00,600238.SH,3700.0,5.39,Buy,19.943,732
2020-06-15 00:00:00,688066.SH,500.0,38.2991,Buy,19.149550000000005,733
2020-06-17 00:00:00,601011.SH,5000.0,3.9632,Buy,19.816,734
2020-06-24 00:00:00,603995.SH,1300.0,14.9086,Buy,19.38118,735
2020-07-03 00:00:00,002638.SZ,14100.0,1.81,Sell,25.521,736
2020-07-07 00:00:00,600533.SH,5600.0,3.5687,Buy,19.984720000000003,737
2020-07-09 00:00:00,601916.SH,7000.0,3.4826,Sell,24.3782,738
2020-07-09 00:00:00,603606.SH,6800.0,12.9177,Sell,87.84036,739
2020-07-10 00:00:00,688366.SH,200.0,79.5413,Buy,15.908260000000002,740
2020-07-10 00:00:00,600151.SH,3800.0,5.26,Buy,19.988,741
2020-07-14 00:00:00,603663.SH,3300.0,5.9026,Buy,19.478579999999997,742
2020-07-14 00:00:00,600841.SH,2400.0,8.0411,Buy,19.29864,743
2020-07-15 00:00:00,600691.SH,9000.0,2.21,Buy,19.89,744
2020-07-15 00:00:00,002263.SZ,28900.0,2.87,Sell,82.943,745
2020-07-16 00:00:00,002033.SZ,3700.0,5.4054,Buy,19.99998,746
2020-07-23 00:00:00,002575.SZ,5100.0,3.91,Buy,19.941,747
2020-07-24 00:00:00,600435.SH,2200.0,8.7559,Buy,19.26298,748
2020-07-28 00:00:00,002287.SZ,800.0,24.5489,Buy,19.63912,749
2020-08-04 00:00:00,002575.SZ,4100.0,4.85,Buy,19.885,750
2020-08-05 00:00:00,002287.SZ,1800.0,36.972,Sell,66.54960000000001,751
2020-08-11 00:00:00,600099.SH,2700.0,7.2283,Buy,19.51641,752
2020-08-18 00:00:00,600217.SH,3200.0,6.221,Buy,19.9072,753
2020-08-18 00:00:00,600151.SH,8300.0,8.45,Sell,70.135,754
2020-08-18 00:00:00,603698.SH,1500.0,12.866,Buy,19.299,755
2020-09-11 00:00:00,688081.SH,700.0,27.5029,Buy,19.252029999999998,756
2020-09-11 00:00:00,688360.SH,1300.0,14.656,Buy,19.0528,757
2020-09-25 00:00:00,688050.SH,100.0,113.9277,Buy,11.39277,758
2020-09-25 00:00:00,603790.SH,1600.0,12.3141,Buy,19.702560000000002,759
2020-09-25 00:00:00,600505.SH,2400.0,8.2547,Buy,19.81128,760
2020-09-28 00:00:00,002813.SZ,1400.0,17.34,Sell,24.276,761
2020-09-29 00:00:00,600725.SH,7000.0,1.97,Sell,13.790000000000001,762
2020-10-09 00:00:00,600666.SH,32700.0,0.8698,Sell,28.44246,763
2020-11-05 00:00:00,688188.SH,1100.0,73.4961,Sell,80.84571,764
2020-11-17 00:00:00,601008.SH,6100.0,4.2857,Sell,26.142770000000002,765
2020-11-19 00:00:00,000933.SZ,10700.0,6.4132,Sell,68.62123999999999,766
2020-12-03 00:00:00,601949.SH,3500.0,5.6474,Buy,19.765900000000002,767
2020-12-14 00:00:00,600996.SH,4800.0,5.73,Sell,27.504000000000005,768
2020-12-23 00:00:00,002943.SZ,3300.0,8.201,Sell,27.063300000000005,769
2021-01-07 00:00:00,600615.SH,5000.0,4.9956,Sell,24.977999999999998,770
2021-01-07 00:00:00,600439.SH,5900.0,2.2393,Sell,13.211870000000001,771
2021-01-08 00:00:00,688360.SH,1300.0,9.8119,Sell,12.755469999999999,772
2021-01-14 00:00:00,603698.SH,3300.0,16.5625,Sell,54.65625,773
2021-01-25 00:00:00,300101.SZ,4000.0,20.3925,Sell,81.57000000000001,774
2021-01-27 00:00:00,600505.SH,2400.0,5.6769,Sell,13.624559999999999,775
2021-02-01 00:00:00,688081.SH,700.0,18.8427,Sell,13.189890000000002,776
2021-02-01 00:00:00,600831.SH,2400.0,5.6492,Sell,13.558080000000002,777
2021-02-08 00:00:00,002796.SZ,2500.0,10.25,Sell,25.625,778
2021-02-09 00:00:00,600135.SH,3600.0,5.5069,Buy,19.824840000000002,779
2021-02-09 00:00:00,603895.SH,1300.0,14.4095,Buy,18.73235,780
2021-02-09 00:00:00,600617.SH,7800.0,2.5535,Buy,19.9173,781
2021-02-09 00:00:00,603022.SH,2300.0,8.5328,Buy,19.625439999999998,782
2021-02-09 00:00:00,603093.SH,2000.0,9.6663,Buy,19.3326,783
2021-02-09 00:00:00,603825.SH,1500.0,12.9827,Buy,19.47405,784
2021-02-09 00:00:00,002659.SZ,5100.0,3.85,Buy,19.635,785
2021-02-09 00:00:00,300181.SZ,4000.0,4.9032,Buy,19.6128,786
2021-02-09 00:00:00,300588.SZ,3000.0,6.49,Buy,19.47,787
2021-02-09 00:00:00,002569.SZ,2400.0,8.1,Buy,19.44,788
2021-02-09 00:00:00,300542.SZ,1800.0,10.8796,Buy,19.58328,789
2021-02-09 00:00:00,300717.SZ,1600.0,12.2835,Buy,19.653599999999997,790
2021-02-09 00:00:00,002678.SZ,3200.0,6.1888,Buy,19.80416,791
2021-02-18 00:00:00,600098.SH,4400.0,4.5406,Buy,19.978640000000002,792
2021-02-18 00:00:00,688518.SH,1600.0,11.9829,Buy,19.17264,793
2021-02-18 00:00:00,688011.SH,400.0,42.033,Buy,16.813200000000002,794
2021-02-18 00:00:00,688106.SH,800.0,23.0385,Buy,18.4308,795
2021-02-18 00:00:00,600628.SH,2500.0,7.8183,Buy,19.54575,796
2021-02-18 00:00:00,603320.SH,2200.0,9.0055,Buy,19.812099999999997,797
2021-02-18 00:00:00,603616.SH,4000.0,4.8839,Buy,19.5356,798
2021-02-18 00:00:00,600506.SH,3600.0,5.4152,Buy,19.494719999999997,799
2021-02-18 00:00:00,600956.SH,2900.0,6.6978,Buy,19.42362,800
2021-02-18 00:00:00,600684.SH,7100.0,2.79,Buy,19.809,801
2021-02-18 00:00:00,603331.SH,2500.0,7.9056,Buy,19.764,802
2021-02-18 00:00:00,603066.SH,2700.0,7.1452,Buy,19.29204,803
2021-02-18 00:00:00,601086.SH,6900.0,2.8966,Buy,19.986539999999998,804
2021-02-18 00:00:00,603383.SH,900.0,20.4414,Buy,18.397260000000003,805
2021-03-09 00:00:00,000737.SZ,12300.0,5.736,Sell,70.5528,806
2021-03-09 00:00:00,300588.SZ,2400.0,8.05,Buy,19.32,807
2021-03-12 00:00:00,603022.SH,1800.0,10.8828,Buy,19.58904,808
2021-03-15 00:00:00,600231.SH,7500.0,2.644,Buy,19.830000000000002,809
2021-03-15 00:00:00,300181.SZ,3400.0,5.8495,Buy,19.8883,810
2021-03-31 00:00:00,600956.SH,2900.0,13.519,Sell,39.2051,811
2021-03-31 00:00:00,601086.SH,5400.0,3.6593,Buy,19.76022,812
2021-04-01 00:00:00,603616.SH,3100.0,6.349,Buy,19.681900000000002,813
2021-04-16 00:00:00,600238.SH,8300.0,10.04,Sell,83.33200000000001,814
2021-04-16 00:00:00,600506.SH,3300.0,5.9682,Buy,19.69506,815
2021-04-16 00:00:00,603331.SH,2000.0,9.6344,Buy,19.2688,816
2021-04-19 00:00:00,603320.SH,1800.0,10.7649,Buy,19.37682,817
2021-04-20 00:00:00,603825.SH,1200.0,16.6062,Buy,19.927440000000004,818
2021-05-07 00:00:00,600684.SH,7100.0,4.59,Sell,32.589,819
2021-05-13 00:00:00,688050.SH,100.0,151.5174,Buy,15.151740000000002,820
2021-05-18 00:00:00,603895.SH,1100.0,17.9545,Buy,19.749950000000002,821
2021-06-01 00:00:00,688366.SH,500.0,138.436,Sell,69.218,822
2021-06-01 00:00:00,300717.SZ,1300.0,14.8461,Buy,19.29993,823
2021-06-04 00:00:00,688518.SH,1400.0,14.1433,Buy,19.80062,824
2021-06-08 00:00:00,002536.SZ,8800.0,7.3445,Sell,64.6316,825
2021-06-09 00:00:00,300542.SZ,1300.0,15.0907,Buy,19.617910000000002,826
2021-06-10 00:00:00,000752.SZ,9400.0,5.41,Sell,50.854,827
2021-06-10 00:00:00,002445.SZ,28700.0,2.95,Sell,84.665,828
2021-06-17 00:00:00,300542.SZ,3100.0,15.3082,Sell,47.45542,829
2021-06-18 00:00:00,300076.SZ,7500.0,7.29,Sell,54.675000000000004,830
2021-07-01 00:00:00,300588.SZ,5400.0,18.5,Sell,99.9,831
2021-07-01 00:00:00,002218.SZ,12800.0,5.3037,Sell,67.88736,832
2021-07-12 00:00:00,600135.SH,2900.0,6.7152,Buy,19.47408,833
2021-07-23 00:00:00,688106.SH,700.0,28.0476,Buy,19.63332,834
2021-07-27 00:00:00,688518.SH,3000.0,27.3766,Sell,82.1298,835
2021-07-29 00:00:00,002678.SZ,2400.0,8.1018,Buy,19.444320000000005,836
2021-08-02 00:00:00,603315.SH,3100.0,17.5067,Sell,54.27077,837
2021-08-02 00:00:00,002006.SZ,8100.0,10.7543,Sell,87.10983,838
2021-08-04 00:00:00,002678.SZ,5600.0,7.6671,Sell,42.935759999999995,839
2021-08-10 00:00:00,601139.SH,6900.0,9.22,Sell,63.61800000000001,840
2021-08-12 00:00:00,603995.SH,2900.0,28.121,Sell,81.5509,841
2021-08-12 00:00:00,601678.SH,10200.0,9.2688,Sell,94.54176000000001,842
2021-08-12 00:00:00,300629.SZ,3600.0,22.2376,Sell,80.05536000000001,843
2021-08-16 00:00:00,600617.SH,6400.0,3.1217,Buy,19.97888,844
2021-08-17 00:00:00,600691.SH,19500.0,4.39,Sell,85.605,845
2021-08-19 00:00:00,600098.SH,3600.0,5.546,Buy,19.965600000000002,846
2021-08-26 00:00:00,600758.SH,5000.0,3.982,Buy,19.91,847
2021-09-07 00:00:00,603383.SH,800.0,24.7343,Buy,19.787440000000004,848
2021-09-16 00:00:00,603066.SH,2300.0,8.4287,Buy,19.38601,849
2021-10-14 00:00:00,601921.SH,2400.0,8.0708,Buy,19.369920000000004,850
2021-10-14 00:00:00,603700.SH,1100.0,16.7532,Buy,18.428520000000002,851
2021-10-14 00:00:00,600834.SH,2000.0,9.8518,Buy,19.7036,852
2021-10-14 00:00:00,688109.SH,500.0,36.6547,Buy,18.32735,853
2021-10-14 00:00:00,301013.SZ,1300.0,15.3286,Buy,19.92718,854
2021-10-14 00:00:00,300594.SZ,1000.0,18.7507,Buy,18.7507,855
2021-10-14 00:00:00,300945.SZ,1000.0,19.051,Buy,19.051000000000002,856
2021-10-14 00:00:00,300909.SZ,700.0,28.1272,Buy,19.68904,857
2021-10-14 00:00:00,300978.SZ,1300.0,15.1659,Buy,19.715670000000003,858
2021-10-14 00:00:00,301025.SZ,1100.0,17.3994,Buy,19.13934,859
2021-10-14 00:00:00,300838.SZ,1200.0,15.7293,Buy,18.87516,860
2021-10-22 00:00:00,688616.SH,2000.0,9.9281,Buy,19.8562,861
2021-10-22 00:00:00,603017.SH,2300.0,8.3665,Buy,19.24295,862
2021-10-22 00:00:00,605365.SH,1100.0,17.558,Buy,19.3138,863
2021-10-22 00:00:00,688619.SH,900.0,20.0577,Buy,18.051930000000002,864
2021-10-22 00:00:00,605289.SH,1500.0,12.962,Buy,19.443,865
2021-10-22 00:00:00,688338.SH,600.0,32.4417,Buy,19.465019999999996,866
2021-10-22 00:00:00,600529.SH,700.0,26.5154,Buy,18.560779999999998,867
2021-10-22 00:00:00,688165.SH,1900.0,10.19,Buy,19.361,868
2021-10-22 00:00:00,603266.SH,2000.0,9.7262,Buy,19.4524,869
2021-10-22 00:00:00,605500.SH,2600.0,7.5204,Buy,19.553040000000003,870
2021-10-22 00:00:00,603121.SH,2700.0,7.3749,Buy,19.91223,871
2021-10-22 00:00:00,605056.SH,1200.0,15.641,Buy,18.7692,872
2021-10-22 00:00:00,605389.SH,800.0,24.3484,Buy,19.478720000000003,873
2021-10-22 00:00:00,301013.SZ,1000.0,18.4578,Buy,18.4578,874
2021-10-22 00:00:00,300675.SZ,1300.0,15.1742,Buy,19.726460000000003,875
2021-10-22 00:00:00,300637.SZ,2500.0,7.8962,Buy,19.7405,876
2021-10-22 00:00:00,300537.SZ,1100.0,17.7,Buy,19.47,877
2021-10-22 00:00:00,300315.SZ,5100.0,3.85,Buy,19.635,878
2021-10-22 00:00:00,300599.SZ,2000.0,9.959,Buy,19.918,879
2021-10-22 00:00:00,002827.SZ,2000.0,9.6378,Buy,19.275600000000004,880
2021-10-22 00:00:00,002492.SZ,4000.0,4.984,Buy,19.936,881
2021-10-22 00:00:00,300621.SZ,2200.0,8.9086,Buy,19.59892,882
2021-10-22 00:00:00,002016.SZ,3900.0,5.1253,Buy,19.988670000000003,883
2021-10-22 00:00:00,000532.SZ,1700.0,11.3951,Buy,19.371669999999998,884
2021-10-22 00:00:00,300963.SZ,2900.0,6.8211,Buy,19.781190000000002,885
2021-10-22 00:00:00,301051.SZ,600.0,32.9011,Buy,19.740660000000002,886
2021-10-22 00:00:00,300993.SZ,2300.0,8.6279,Buy,19.844170000000002,887
2021-10-22 00:00:00,300225.SZ,1400.0,13.4868,Buy,18.881520000000002,888
2021-10-22 00:00:00,300856.SZ,2200.0,8.866,Buy,19.505200000000002,889
2021-10-22 00:00:00,000779.SZ,2500.0,7.982,Buy,19.955000000000002,890
2021-10-28 00:00:00,301051.SZ,500.0,37.9251,Buy,18.96255,891
2021-10-29 00:00:00,300856.SZ,1800.0,10.7787,Buy,19.40166,892
2021-11-02 00:00:00,600529.SH,500.0,34.2904,Buy,17.145200000000003,893
2021-11-05 00:00:00,300594.SZ,1000.0,19.8823,Sell,19.8823,894
2021-11-11 00:00:00,605289.SH,1100.0,17.9248,Buy,19.717280000000002,895
2021-11-12 00:00:00,300978.SZ,1000.0,18.7628,Buy,18.7628,896
2021-11-15 00:00:00,300993.SZ,1900.0,10.5008,Buy,19.951520000000002,897
2021-11-24 00:00:00,603895.SH,2400.0,27.6112,Sell,66.26688,898
2021-11-25 00:00:00,300945.SZ,800.0,23.0864,Buy,18.469120000000004,899
2021-11-29 00:00:00,603266.SH,1700.0,11.6522,Buy,19.808740000000004,900
2021-12-01 00:00:00,603331.SH,4500.0,15.4508,Sell,69.5286,901
2021-12-02 00:00:00,603121.SH,2200.0,8.8279,Buy,19.42138,902
2021-12-02 00:00:00,002766.SZ,14100.0,6.48,Sell,91.368,903
2021-12-07 00:00:00,300675.SZ,800.0,22.3579,Buy,17.88632,904
2021-12-08 00:00:00,300675.SZ,2100.0,19.1695,Sell,40.25595,905
2021-12-09 00:00:00,300022.SZ,9700.0,4.88,Sell,47.336,906
2021-12-16 00:00:00,300315.SZ,4400.0,4.54,Buy,19.976,907
2021-12-17 00:00:00,600986.SH,9200.0,6.2461,Sell,57.46412,908
2021-12-22 00:00:00,002629.SZ,21500.0,4.42,Sell,95.03,909
2021-12-24 00:00:00,603825.SH,2700.0,26.4283,Sell,71.35641000000001,910
2021-12-30 00:00:00,300181.SZ,7400.0,8.4699,Sell,62.67726000000001,911
2022-01-04 00:00:00,301025.SZ,800.0,22.3875,Buy,17.91,912
2022-01-12 00:00:00,000779.SZ,2100.0,9.4708,Buy,19.88868,913
2022-01-13 00:00:00,603616.SH,7100.0,8.8508,Sell,62.84068,914
2022-01-19 00:00:00,000779.SZ,4600.0,10.3737,Sell,47.71902,915
2022-01-20 00:00:00,603017.SH,2100.0,9.2366,Buy,19.396859999999997,916
2022-01-28 00:00:00,688050.SH,200.0,90.124,Sell,18.0248,917
2022-01-28 00:00:00,688011.SH,400.0,29.38,Sell,11.752,918
2022-02-09 00:00:00,002827.SZ,1600.0,12.0044,Buy,19.207040000000003,919
2022-02-15 00:00:00,002827.SZ,3600.0,12.0616,Sell,43.421760000000006,920
2022-02-16 00:00:00,688110.SH,500.0,36.1754,Buy,18.0877,921
2022-02-16 00:00:00,688285.SH,2100.0,9.2313,Buy,19.38573,922
2022-02-16 00:00:00,600234.SH,2100.0,9.31,Buy,19.551000000000002,923
2022-02-16 00:00:00,600143.SH,2000.0,9.982,Buy,19.964000000000002,924
2022-02-16 00:00:00,688681.SH,1100.0,17.5788,Buy,19.33668,925
2022-02-16 00:00:00,688798.SH,100.0,117.4635,Buy,11.746350000000001,926
2022-02-16 00:00:00,603615.SH,2400.0,8.3332,Buy,19.99968,927
2022-02-16 00:00:00,600746.SH,1600.0,12.1095,Buy,19.3752,928
2022-02-16 00:00:00,605086.SH,1300.0,14.7369,Buy,19.157970000000002,929
2022-02-16 00:00:00,688216.SH,400.0,44.7163,Buy,17.88652,930
2022-02-16 00:00:00,688288.SH,600.0,31.9908,Buy,19.19448,931
2022-02-16 00:00:00,603697.SH,2200.0,8.9067,Buy,19.59474,932
2022-02-16 00:00:00,300975.SZ,1800.0,11.042,Buy,19.8756,933
2022-02-16 00:00:00,301083.SZ,1200.0,15.9813,Buy,19.17756,934
2022-02-16 00:00:00,301082.SZ,1700.0,11.3214,Buy,19.246380000000002,935
2022-02-16 00:00:00,300461.SZ,1000.0,19.03,Buy,19.03,936
2022-02-16 00:00:00,300234.SZ,2800.0,7.1015,Buy,19.8842,937
2022-02-16 00:00:00,300972.SZ,1300.0,14.4075,Buy,18.72975,938
2022-02-16 00:00:00,001202.SZ,1600.0,12.1975,Buy,19.516000000000002,939
2022-02-16 00:00:00,000966.SZ,3100.0,6.2825,Buy,19.47575,940
2022-02-16 00:00:00,300991.SZ,1000.0,18.4541,Buy,18.454100000000004,941
2022-02-16 00:00:00,300853.SZ,500.0,33.3909,Buy,16.69545,942
2022-02-16 00:00:00,300339.SZ,1000.0,19.551,Buy,19.551000000000002,943
2022-02-16 00:00:00,300906.SZ,600.0,28.6501,Buy,17.19006,944
2022-02-16 00:00:00,300905.SZ,900.0,21.0866,Buy,18.977940000000004,945
2022-02-16 00:00:00,003023.SZ,1100.0,18.0735,Buy,19.88085,946
2022-02-16 00:00:00,301180.SZ,700.0,26.4312,Buy,18.50184,947
2022-02-16 00:00:00,300255.SZ,2800.0,7.1351,Buy,19.97828,948
2022-02-16 00:00:00,301036.SZ,700.0,27.0005,Buy,18.90035,949
2022-02-16 00:00:00,001211.SZ,900.0,21.2708,Buy,19.143720000000002,950
2022-02-16 00:00:00,301077.SZ,1200.0,16.2319,Buy,19.478279999999998,951
2022-02-16 00:00:00,003030.SZ,800.0,23.8098,Buy,19.04784,952
2022-02-16 00:00:00,000547.SZ,1300.0,14.964,Buy,19.453200000000002,953
2022-02-16 00:00:00,002900.SZ,1300.0,15.3222,Buy,19.918860000000002,954
2022-02-22 00:00:00,002659.SZ,4200.0,4.74,Buy,19.908,955
2022-02-24 00:00:00,002659.SZ,9300.0,4.5,Sell,41.85,956
2022-03-04 00:00:00,002492.SZ,3300.0,6.0303,Buy,19.899990000000003,957
2022-03-07 00:00:00,001202.SZ,1200.0,15.501,Buy,18.601200000000002,958
2022-03-08 00:00:00,300225.SZ,1400.0,8.8784,Sell,12.429759999999998,959
2022-03-10 00:00:00,688009.SH,3500.0,3.9594,Sell,13.8579,960
2022-03-16 00:00:00,002739.SZ,2300.0,12.17,Sell,27.991,961
2022-03-16 00:00:00,301051.SZ,1100.0,23.5027,Sell,25.852970000000003,962
2022-03-22 00:00:00,300972.SZ,1000.0,19.2523,Buy,19.2523,963
2022-03-30 00:00:00,002016.SZ,2800.0,7.0625,Buy,19.775000000000002,964
2022-03-31 00:00:00,300621.SZ,1700.0,11.5533,Buy,19.640610000000002,965
2022-04-06 00:00:00,002016.SZ,6700.0,6.9309,Sell,46.43703,966
2022-04-06 00:00:00,300963.SZ,2900.0,4.7489,Sell,13.77181,967
2022-04-07 00:00:00,601009.SH,9600.0,8.8404,Sell,84.86784000000002,968
2022-04-11 00:00:00,688288.SH,600.0,21.2509,Sell,12.75054,969
2022-04-11 00:00:00,000547.SZ,1300.0,10.092,Sell,13.1196,970
2022-04-12 00:00:00,688109.SH,500.0,24.7517,Sell,12.37585,971
2022-04-12 00:00:00,301013.SZ,2300.0,11.4452,Sell,26.32396,972
2022-04-12 00:00:00,300537.SZ,1100.0,12.19,Sell,13.409,973
2022-04-12 00:00:00,301180.SZ,700.0,18.773,Sell,13.1411,974
2022-04-14 00:00:00,300978.SZ,2300.0,11.3543,Sell,26.11489,975
2022-04-14 00:00:00,301025.SZ,1900.0,13.6387,Sell,25.913529999999998,976
2022-04-18 00:00:00,688106.SH,1500.0,17.6828,Sell,26.5242,977
2022-04-20 00:00:00,688216.SH,400.0,26.2643,Sell,10.50572,978
2022-04-22 00:00:00,600529.SH,1200.0,20.0241,Sell,24.028920000000003,979
2022-04-25 00:00:00,605100.SH,2300.0,8.6154,Buy,19.81542,980
2022-04-25 00:00:00,688182.SH,1800.0,10.8955,Buy,19.611900000000002,981
2022-04-25 00:00:00,688103.SH,700.0,27.4681,Buy,19.22767,982
2022-04-25 00:00:00,688395.SH,1100.0,16.6902,Buy,18.35922,983
2022-04-25 00:00:00,603533.SH,1500.0,12.9858,Buy,19.4787,984
2022-04-25 00:00:00,603218.SH,1300.0,14.9551,Buy,19.44163,985
2022-04-25 00:00:00,688255.SH,1100.0,17.4733,Buy,19.220629999999996,986
2022-04-25 00:00:00,688488.SH,2100.0,9.29,Buy,19.509,987
2022-04-25 00:00:00,688357.SH,300.0,52.3575,Buy,15.70725,988
2022-04-25 00:00:00,603353.SH,1200.0,15.5901,Buy,18.70812,989
2022-04-25 00:00:00,688283.SH,1100.0,17.152,Buy,18.8672,990
2022-04-25 00:00:00,688788.SH,900.0,20.0123,Buy,18.01107,991
2022-04-25 00:00:00,688258.SH,1200.0,16.1454,Buy,19.37448,992
2022-04-25 00:00:00,603789.SH,2700.0,7.33,Buy,19.791,993
2022-04-25 00:00:00,688670.SH,700.0,25.156,Buy,17.6092,994
2022-04-25 00:00:00,300615.SZ,2300.0,8.4998,Buy,19.54954,995
2022-04-25 00:00:00,301042.SZ,900.0,21.083,Buy,18.9747,996
2022-04-25 00:00:00,300537.SZ,2000.0,9.76,Buy,19.52,997
2022-04-25 00:00:00,300228.SZ,3700.0,5.2825,Buy,19.54525,998
2022-04-25 00:00:00,300036.SZ,1200.0,15.5841,Buy,18.70092,999
2022-04-25 00:00:00,000908.SZ,9100.0,2.1766,Buy,19.807060000000003,1000
2022-04-25 00:00:00,001212.SZ,1300.0,15.0726,Buy,19.59438,1001
2022-04-26 00:00:00,601921.SH,2400.0,5.5285,Sell,13.2684,1002
2022-04-26 00:00:00,688619.SH,900.0,12.7241,Sell,11.451690000000001,1003
2022-04-26 00:00:00,688681.SH,1100.0,10.9725,Sell,12.06975,1004
2022-04-26 00:00:00,603790.SH,1600.0,8.1403,Sell,13.02448,1005
2022-04-26 00:00:00,605389.SH,800.0,15.8127,Sell,12.65016,1006
2022-04-26 00:00:00,300975.SZ,1800.0,6.7956,Sell,12.23208,1007
2022-04-26 00:00:00,300461.SZ,1000.0,12.62,Sell,12.620000000000001,1008
2022-04-26 00:00:00,300853.SZ,500.0,20.9506,Sell,10.4753,1009
2022-04-26 00:00:00,300339.SZ,1000.0,12.9808,Sell,12.980800000000002,1010
2022-04-26 00:00:00,300945.SZ,1800.0,13.3558,Sell,24.040440000000004,1011
2022-04-26 00:00:00,301036.SZ,700.0,18.1079,Sell,12.67553,1012
2022-04-27 00:00:00,603628.SH,2200.0,8.7081,Buy,19.15782,1013
2022-04-27 00:00:00,688616.SH,2000.0,6.8325,Sell,13.665000000000001,1014
2022-04-27 00:00:00,605365.SH,1100.0,12.2678,Sell,13.494580000000001,1015
2022-04-27 00:00:00,600218.SH,2600.0,7.4186,Buy,19.28836,1016
2022-04-27 00:00:00,688338.SH,600.0,22.7144,Sell,13.62864,1017
2022-04-27 00:00:00,688686.SH,200.0,89.0333,Buy,17.80666,1018
2022-04-27 00:00:00,688787.SH,700.0,27.1061,Buy,18.97427,1019
2022-04-27 00:00:00,688171.SH,1400.0,13.8138,Buy,19.33932,1020
2022-04-27 00:00:00,605086.SH,1300.0,10.6175,Sell,13.80275,1021
2022-04-27 00:00:00,688699.SH,300.0,54.2942,Buy,16.288259999999998,1022
2022-04-27 00:00:00,688165.SH,1900.0,6.88,Sell,13.072000000000001,1023
2022-04-27 00:00:00,688186.SH,1000.0,19.096,Buy,19.096,1024
2022-04-27 00:00:00,688267.SH,1000.0,18.781,Buy,18.781,1025
2022-04-27 00:00:00,688328.SH,1000.0,18.4209,Buy,18.4209,1026
2022-04-27 00:00:00,603121.SH,4900.0,5.4034,Sell,26.476660000000003,1027
2022-04-27 00:00:00,605177.SH,1000.0,18.3307,Buy,18.3307,1028
2022-04-27 00:00:00,605056.SH,1200.0,10.8546,Sell,13.025519999999998,1029
2022-04-27 00:00:00,689009.SH,600.0,32.9036,Buy,19.742160000000002,1030
2022-04-27 00:00:00,688246.SH,1000.0,19.42,Buy,19.42,1031
2022-04-27 00:00:00,301179.SZ,1900.0,10.1619,Buy,19.307609999999997,1032
2022-04-27 00:00:00,301083.SZ,1200.0,11.2045,Sell,13.4454,1033
2022-04-27 00:00:00,301082.SZ,1700.0,7.8894,Sell,13.41198,1034
2022-04-27 00:00:00,300096.SZ,3300.0,5.98,Buy,19.734,1035
2022-04-27 00:00:00,301166.SZ,400.0,46.453,Buy,18.581200000000003,1036
2022-04-27 00:00:00,001202.SZ,2800.0,9.6564,Sell,27.03792,1037
2022-04-27 00:00:00,000966.SZ,3100.0,4.5265,Sell,14.032150000000001,1038
2022-04-27 00:00:00,300991.SZ,1000.0,13.0984,Sell,13.0984,1039
2022-04-27 00:00:00,300905.SZ,900.0,14.6512,Sell,13.18608,1040
2022-04-27 00:00:00,002331.SZ,3300.0,5.9872,Buy,19.757759999999998,1041
2022-04-27 00:00:00,300827.SZ,1500.0,13.1192,Buy,19.6788,1042
2022-04-27 00:00:00,300834.SZ,700.0,25.8255,Buy,18.07785,1043
2022-04-28 00:00:00,002900.SZ,1300.0,9.8406,Sell,12.79278,1044
2022-04-29 00:00:00,603093.SH,2000.0,6.8035,Sell,13.607000000000001,1045
2022-04-29 00:00:00,603697.SH,2200.0,6.3157,Sell,13.89454,1046
2022-04-29 00:00:00,300972.SZ,2300.0,12.0095,Sell,27.62185,1047
2022-05-09 00:00:00,603700.SH,1100.0,11.8456,Sell,13.03016,1048
2022-05-09 00:00:00,300315.SZ,9500.0,3.01,Sell,28.594999999999995,1049
2022-05-11 00:00:00,688283.SH,900.0,21.7205,Buy,19.548450000000003,1050
2022-05-12 00:00:00,688686.SH,100.0,115.4508,Buy,11.54508,1051
2022-05-13 00:00:00,688186.SH,800.0,22.9153,Buy,18.33224,1052
2022-05-13 00:00:00,300827.SZ,1200.0,15.6393,Buy,18.76716,1053
2022-05-17 00:00:00,600628.SH,2200.0,8.9076,Buy,19.59672,1054
2022-05-17 00:00:00,301166.SZ,300.0,60.6403,Buy,18.19209,1055
2022-05-18 00:00:00,000908.SZ,8000.0,2.4777,Buy,19.8216,1056
2022-05-20 00:00:00,600841.SH,5500.0,7.6787,Sell,42.23285,1057
2022-05-23 00:00:00,603628.SH,1500.0,13.1011,Buy,19.651650000000004,1058
2022-05-23 00:00:00,688103.SH,500.0,38.9311,Buy,19.46555,1059
2022-05-30 00:00:00,001212.SZ,1300.0,21.9149,Sell,28.48937,1060
2022-05-31 00:00:00,600218.SH,2100.0,9.1822,Buy,19.282619999999998,1061
2022-06-07 00:00:00,600098.SH,8000.0,6.0123,Sell,48.098400000000005,1062
2022-06-07 00:00:00,688285.SH,2100.0,9.2021,Sell,19.32441,1063
2022-06-07 00:00:00,688182.SH,1200.0,15.5719,Buy,18.68628,1064
2022-06-07 00:00:00,688787.SH,500.0,37.7327,Buy,18.866350000000004,1065
2022-06-07 00:00:00,688171.SH,1100.0,17.4581,Buy,19.203910000000004,1066
2022-06-07 00:00:00,688699.SH,200.0,70.1637,Buy,14.032740000000002,1067
2022-06-10 00:00:00,688258.SH,1200.0,27.8798,Sell,33.455760000000005,1068
2022-06-10 00:00:00,301179.SZ,1500.0,12.5378,Buy,18.806700000000003,1069
2022-06-13 00:00:00,603533.SH,1200.0,16.4763,Buy,19.771559999999997,1070
2022-07-04 00:00:00,002033.SZ,7900.0,8.2163,Sell,64.90877,1071
2022-07-05 00:00:00,603218.SH,800.0,22.4505,Buy,17.960400000000003,1072
2022-07-05 00:00:00,688267.SH,800.0,23.5039,Buy,18.803120000000003,1073
2022-07-05 00:00:00,688255.SH,900.0,21.4048,Buy,19.26432,1074
2022-07-15 00:00:00,300827.SZ,2700.0,29.4443,Sell,79.49961,1075
2022-07-18 00:00:00,600033.SH,7500.0,2.6612,Buy,19.959,1076
2022-07-18 00:00:00,688488.SH,1500.0,12.9,Buy,19.35,1077
2022-07-18 00:00:00,688328.SH,800.0,22.9262,Buy,18.340960000000003,1078
2022-07-18 00:00:00,688670.SH,600.0,32.3021,Buy,19.38126,1079
2022-07-21 00:00:00,600033.SH,16700.0,2.5568,Sell,42.69856,1080
2022-07-21 00:00:00,688395.SH,900.0,20.891,Buy,18.8019,1081
2022-07-21 00:00:00,689009.SH,400.0,47.5128,Buy,19.005119999999998,1082
2022-07-21 00:00:00,688246.SH,700.0,27.46,Buy,19.222,1083
2022-07-27 00:00:00,688798.SH,100.0,81.0065,Sell,8.10065,1084
2022-08-02 00:00:00,688255.SH,2000.0,29.8235,Sell,59.647,1085
2022-08-02 00:00:00,300615.SZ,1800.0,10.8771,Buy,19.578780000000002,1086
2022-08-02 00:00:00,301042.SZ,800.0,24.2876,Buy,19.430080000000004,1087
2022-08-02 00:00:00,300228.SZ,3100.0,6.2902,Buy,19.49962,1088
2022-08-04 00:00:00,002575.SZ,9200.0,6.26,Sell,57.592,1089
2022-08-05 00:00:00,688788.SH,700.0,25.3069,Buy,17.71483,1090
2022-08-05 00:00:00,300537.SZ,2000.0,19.43,Sell,38.86,1091
2022-08-05 00:00:00,002331.SZ,2500.0,7.9098,Buy,19.7745,1092
2022-08-08 00:00:00,300036.SZ,1000.0,19.1271,Buy,19.1271,1093
2022-08-09 00:00:00,300068.SZ,3300.0,24.397,Sell,80.5101,1094
2022-08-11 00:00:00,688283.SH,2000.0,39.2205,Sell,78.441,1095
2022-08-11 00:00:00,688328.SH,1800.0,37.1214,Sell,66.81852,1096
2022-08-19 00:00:00,603789.SH,2300.0,8.67,Buy,19.941,1097
2022-08-24 00:00:00,688686.SH,300.0,195.1652,Sell,58.54956,1098
2022-08-24 00:00:00,603353.SH,1000.0,18.4138,Buy,18.4138,1099
2022-08-31 00:00:00,300856.SZ,4000.0,19.8562,Sell,79.4248,1100
2022-09-05 00:00:00,600617.SH,14200.0,4.1112,Sell,58.37904,1101
2022-09-23 00:00:00,688580.SH,600.0,29.3372,Buy,17.60232,1102
2022-09-23 00:00:00,688057.SH,1500.0,12.589,Buy,18.8835,1103
2022-09-23 00:00:00,688332.SH,600.0,32.3418,Buy,19.405079999999998,1104
2022-09-23 00:00:00,603703.SH,2100.0,9.4473,Buy,19.839330000000004,1105
2022-09-23 00:00:00,301191.SZ,500.0,36.4072,Buy,18.2036,1106
2022-09-23 00:00:00,301135.SZ,1000.0,18.4752,Buy,18.4752,1107
2022-09-23 00:00:00,301083.SZ,1700.0,11.446,Buy,19.4582,1108
2022-09-23 00:00:00,300644.SZ,1400.0,14.0095,Buy,19.6133,1109
2022-09-23 00:00:00,300077.SZ,1400.0,14.17,Buy,19.838,1110
2022-09-23 00:00:00,300998.SZ,800.0,23.0199,Buy,18.41592,1111
2022-09-23 00:00:00,003023.SZ,900.0,21.1052,Buy,18.994680000000002,1112
2022-09-23 00:00:00,002451.SZ,3300.0,5.8939,Buy,19.449870000000004,1113
2022-09-23 00:00:00,300964.SZ,1100.0,17.7934,Buy,19.57274,1114
2022-09-23 00:00:00,300549.SZ,1600.0,11.9055,Buy,19.0488,1115
2022-09-23 00:00:00,002405.SZ,1600.0,12.45,Buy,19.92,1116
2022-09-23 00:00:00,002313.SZ,3600.0,5.45,Buy,19.62,1117
2022-09-23 00:00:00,002406.SZ,4600.0,4.3028,Buy,19.79288,1118
2022-09-23 00:00:00,002590.SZ,2600.0,7.5157,Buy,19.54082,1119
2022-09-23 00:00:00,301085.SZ,700.0,26.7722,Buy,18.740540000000003,1120
2022-09-23 00:00:00,301237.SZ,800.0,23.0916,Buy,18.47328,1121
2022-09-23 00:00:00,300429.SZ,2400.0,8.13,Buy,19.512000000000004,1122
2022-09-26 00:00:00,688004.SH,1300.0,14.3274,Buy,18.62562,1123
2022-09-27 00:00:00,300906.SZ,600.0,20.481,Sell,12.2886,1124
2022-09-29 00:00:00,600746.SH,1600.0,8.3161,Sell,13.305760000000001,1125
2022-09-29 00:00:00,003023.SZ,2000.0,29.5657,Sell,59.1314,1126
2022-10-10 00:00:00,605178.SH,1000.0,19.02,Buy,19.02,1127
2022-10-10 00:00:00,601678.SH,4100.0,4.8777,Buy,19.99857,1128
2022-10-10 00:00:00,603679.SH,1800.0,10.6334,Buy,19.14012,1129
2022-10-10 00:00:00,688280.SH,2400.0,8.08,Buy,19.392,1130
2022-10-10 00:00:00,688230.SH,500.0,36.1596,Buy,18.0798,1131
2022-10-10 00:00:00,001211.SZ,900.0,14.649,Sell,13.184099999999999,1132
2022-10-11 00:00:00,300599.SZ,2000.0,6.8895,Sell,13.779,1133
2022-10-12 00:00:00,688699.SH,500.0,46.6647,Sell,23.33235,1134
2022-10-17 00:00:00,688580.SH,400.0,41.2595,Buy,16.503800000000002,1135
2022-10-24 00:00:00,603703.SH,1700.0,11.5611,Buy,19.653869999999998,1136
2022-11-07 00:00:00,688103.SH,1200.0,75.6461,Sell,90.77532000000001,1137
2022-11-07 00:00:00,688230.SH,400.0,43.4595,Buy,17.3838,1138
2022-11-09 00:00:00,600217.SH,7000.0,5.3391,Sell,37.37370000000001,1139
2022-11-14 00:00:00,603789.SH,5000.0,10.53,Sell,52.65,1140
2022-11-15 00:00:00,688357.SH,200.0,70.4202,Buy,14.08404,1141
2022-11-15 00:00:00,605177.SH,800.0,22.2662,Buy,17.812960000000004,1142
2022-11-17 00:00:00,301191.SZ,400.0,47.0284,Buy,18.81136,1143
2022-11-18 00:00:00,688004.SH,1100.0,17.865,Buy,19.6515,1144
2022-11-18 00:00:00,300096.SZ,2900.0,6.81,Buy,19.749,1145
2022-11-18 00:00:00,300909.SZ,500.0,34.0937,Buy,17.04685,1146
2022-11-18 00:00:00,301085.SZ,600.0,31.0447,Buy,18.62682,1147
2022-11-22 00:00:00,605100.SH,2300.0,10.911,Sell,25.095299999999998,1148
2022-11-30 00:00:00,601949.SH,7700.0,5.0653,Sell,39.00281,1149
2022-12-06 00:00:00,603679.SH,1500.0,12.9022,Buy,19.3533,1150
2022-12-12 00:00:00,603289.SH,4800.0,10.5964,Sell,50.862719999999996,1151
2022-12-16 00:00:00,301338.SZ,700.0,26.6413,Buy,18.64891,1152
2022-12-16 00:00:00,301231.SZ,900.0,21.8515,Buy,19.66635,1153
2022-12-16 00:00:00,301027.SZ,1300.0,14.9618,Buy,19.45034,1154
2022-12-19 00:00:00,003030.SZ,700.0,27.5369,Buy,19.27583,1155
2022-12-23 00:00:00,300234.SZ,2800.0,4.951,Sell,13.8628,1156
2022-12-26 00:00:00,603809.SH,3700.0,5.2938,Buy,19.58706,1157
2022-12-26 00:00:00,600116.SH,2500.0,7.7566,Buy,19.3915,1158
2022-12-26 00:00:00,605080.SH,600.0,31.4028,Buy,18.84168,1159
2022-12-26 00:00:00,301296.SZ,1200.0,15.636,Buy,18.7632,1160
2023-02-02 00:00:00,688787.SH,1200.0,74.4083,Sell,89.28996,1161
2023-02-02 00:00:00,300998.SZ,700.0,27.888,Buy,19.521600000000003,1162
2023-02-03 00:00:00,603809.SH,3000.0,6.4572,Buy,19.3716,1163
2023-02-03 00:00:00,688332.SH,500.0,39.1893,Buy,19.59465,1164
2023-02-03 00:00:00,300213.SZ,7300.0,6.2244,Sell,45.438120000000005,1165
2023-02-06 00:00:00,301083.SZ,1700.0,12.807,Sell,21.771900000000002,1166
2023-02-06 00:00:00,301296.SZ,1000.0,18.6884,Buy,18.6884,1167
2023-02-07 00:00:00,002406.SZ,4600.0,4.9432,Sell,22.73872,1168
2023-02-08 00:00:00,300077.SZ,1200.0,16.23,Buy,19.476,1169
2023-02-08 00:00:00,300964.SZ,900.0,20.9896,Buy,18.89064,1170
2023-02-10 00:00:00,301231.SZ,700.0,26.9767,Buy,18.88369,1171
2023-02-10 00:00:00,002590.SZ,2200.0,8.958,Buy,19.707600000000003,1172
2023-02-10 00:00:00,301085.SZ,1300.0,39.5303,Sell,51.38939,1173
2023-02-15 00:00:00,002451.SZ,2800.0,6.989,Buy,19.569200000000002,1174
2023-02-23 00:00:00,300644.SZ,1000.0,18.5511,Buy,18.5511,1175
2023-02-27 00:00:00,605080.SH,500.0,39.1821,Buy,19.59105,1176
2023-03-03 00:00:00,300964.SZ,2000.0,29.2225,Sell,58.445,1177
2023-03-09 00:00:00,605178.SH,800.0,23.78,Buy,19.024,1178
2023-03-15 00:00:00,300637.SZ,2500.0,8.4146,Sell,21.0365,1179
2023-03-15 00:00:00,300429.SZ,2400.0,9.38,Sell,22.512000000000004,1180
2023-03-16 00:00:00,600895.SH,2900.0,14.573,Sell,42.261700000000005,1181
2023-03-27 00:00:00,603578.SH,3900.0,15.6371,Sell,60.98469,1182
2023-03-27 00:00:00,002313.SZ,2800.0,6.92,Buy,19.376,1183
2023-03-29 00:00:00,300549.SZ,1400.0,13.9633,Buy,19.54862,1184
2023-03-30 00:00:00,603533.SH,2700.0,23.4359,Sell,63.27693,1185
2023-04-03 00:00:00,688246.SH,1700.0,49.34,Sell,83.878,1186
2023-04-06 00:00:00,002405.SZ,1300.0,15.24,Buy,19.812,1187
2023-04-11 00:00:00,688066.SH,1100.0,72.3154,Sell,79.54694,1188
2023-04-14 00:00:00,600234.SH,2100.0,6.27,Sell,13.167,1189
2023-04-14 00:00:00,688004.SH,2400.0,38.4948,Sell,92.38752,1190
2023-04-19 00:00:00,688488.SH,3600.0,14.87,Sell,53.532000000000004,1191
2023-04-21 00:00:00,002569.SZ,2400.0,5.23,Sell,12.552000000000001,1192
2023-04-26 00:00:00,300255.SZ,2800.0,5.05,Sell,14.14,1193
2023-04-28 00:00:00,300615.SZ,4100.0,17.2978,Sell,70.92098,1194
2023-05-09 00:00:00,601658.SH,4300.0,4.6021,Buy,19.78903,1195
2023-05-23 00:00:00,300549.SZ,3000.0,20.3129,Sell,60.9387,1196
2023-06-13 00:00:00,605178.SH,1800.0,24.23,Sell,43.614000000000004,1197
2023-06-14 00:00:00,601086.SH,12300.0,4.4336,Sell,54.533280000000005,1198
2023-06-20 00:00:00,688182.SH,3000.0,27.0038,Sell,81.0114,1199
2023-06-21 00:00:00,603383.SH,1700.0,44.777,Sell,76.1209,1200
2023-07-04 00:00:00,002590.SZ,4800.0,10.7126,Sell,51.420480000000005,1201
2023-07-05 00:00:00,688280.SH,2100.0,9.5,Buy,19.95,1202
2023-07-10 00:00:00,002114.SZ,5200.0,8.14,Sell,42.328,1203
2023-07-17 00:00:00,605289.SH,2600.0,30.7085,Sell,79.8421,1204
2023-07-19 00:00:00,301338.SZ,500.0,38.2104,Buy,19.1052,1205
2023-07-24 00:00:00,301338.SZ,1200.0,33.762,Sell,40.5144,1206
2023-08-01 00:00:00,600231.SH,17100.0,2.63,Sell,44.973,1207
2023-08-04 00:00:00,000908.SZ,17100.0,2.204,Sell,37.6884,1208
2023-08-23 00:00:00,688357.SH,500.0,40.1769,Sell,20.08845,1209
2023-08-24 00:00:00,301166.SZ,700.0,36.5283,Sell,25.56981,1210
2023-08-28 00:00:00,300909.SZ,1200.0,21.6951,Sell,26.034119999999998,1211
2023-09-21 00:00:00,688267.SH,1800.0,14.4875,Sell,26.0775,1212
2023-09-27 00:00:00,301191.SZ,900.0,82.2454,Sell,74.02086,1213
2023-10-18 00:00:00,603266.SH,3700.0,17.2788,Sell,63.931560000000005,1214
2023-10-19 00:00:00,603615.SH,2000.0,9.6673,Buy,19.3346,1215
2023-10-19 00:00:00,603353.SH,2200.0,28.2297,Sell,62.105340000000005,1216
2023-10-24 00:00:00,605080.SH,1100.0,23.1847,Sell,25.503169999999997,1217
2023-10-24 00:00:00,300423.SZ,3500.0,7.89,Sell,27.615000000000002,1218
2023-10-24 00:00:00,002405.SZ,2900.0,9.21,Sell,26.709000000000003,1219
2023-10-24 00:00:00,301296.SZ,2200.0,12.2383,Sell,26.924260000000004,1220
2023-11-02 00:00:00,603679.SH,3300.0,16.3743,Sell,54.03519,1221
2023-11-03 00:00:00,603218.SH,2100.0,12.6619,Sell,26.58999,1222
2023-11-10 00:00:00,002313.SZ,6400.0,8.78,Sell,56.19199999999999,1223
2023-11-16 00:00:00,600506.SH,6900.0,11.2451,Sell,77.59119,1224
2023-11-29 00:00:00,002331.SZ,5800.0,10.9682,Sell,63.61556,1225
2023-11-30 00:00:00,301042.SZ,1700.0,26.7204,Sell,45.42468,1226
2023-12-08 00:00:00,600218.SH,4700.0,10.6407,Sell,50.01129,1227
2023-12-11 00:00:00,600099.SH,5900.0,10.7936,Sell,63.68224,1228
2023-12-15 00:00:00,603066.SH,5000.0,14.2808,Sell,71.404,1229
2023-12-25 00:00:00,601177.SH,4700.0,10.4205,Sell,48.976350000000004,1230
2023-12-27 00:00:00,603628.SH,3700.0,17.028,Sell,63.0036,1231
2023-12-27 00:00:00,689009.SH,1000.0,27.1596,Sell,27.1596,1232
2024-01-04 00:00:00,300096.SZ,6200.0,4.51,Sell,27.962,1233
2024-01-08 00:00:00,603099.SH,4000.0,23.8821,Sell,95.5284,1234
2024-01-08 00:00:00,300077.SZ,2600.0,10.22,Sell,26.572,1235
2024-01-10 00:00:00,000532.SZ,1700.0,13.3557,Sell,22.704690000000003,1236
2024-01-16 00:00:00,600143.SH,2000.0,6.9128,Sell,13.825600000000001,1237
2024-01-22 00:00:00,688788.SH,1600.0,14.3157,Sell,22.90512,1238
2024-01-23 00:00:00,300834.SZ,700.0,17.711,Sell,12.397699999999999,1239
2024-01-23 00:00:00,301077.SZ,1200.0,10.8189,Sell,12.982679999999998,1240
2024-01-24 00:00:00,003030.SZ,1500.0,18.2548,Sell,27.3822,1241
2024-01-31 00:00:00,688110.SH,500.0,22.59,Sell,11.295,1242
2024-01-31 00:00:00,688280.SH,4500.0,5.46,Sell,24.57,1243
2024-02-01 00:00:00,601002.SH,3600.0,3.6865,Sell,13.2714,1244
2024-02-01 00:00:00,688186.SH,1800.0,13.4735,Sell,24.252299999999998,1245
2024-02-01 00:00:00,300998.SZ,1500.0,17.7985,Sell,26.69775,1246
2024-02-01 00:00:00,301237.SZ,800.0,15.5701,Sell,12.45608,1247
2024-02-01 00:00:00,301027.SZ,1300.0,9.6964,Sell,12.605320000000003,1248
2024-02-02 00:00:00,688670.SH,1300.0,18.62,Sell,24.206,1249
2024-02-05 00:00:00,601011.SH,10900.0,2.19,Sell,23.871000000000002,1250
2024-02-05 00:00:00,688171.SH,2500.0,8.4794,Sell,21.1985,1251
2024-02-05 00:00:00,688230.SH,900.0,22.7367,Sell,20.46303,1252
2024-02-05 00:00:00,301135.SZ,1000.0,11.1668,Sell,11.166800000000002,1253
2024-02-05 00:00:00,300758.SZ,3900.0,6.073,Sell,23.684700000000003,1254
2024-02-06 00:00:00,600628.SH,4700.0,5.6137,Sell,26.38439,1255
2024-02-06 00:00:00,603809.SH,6700.0,3.7379,Sell,25.04393,1256
2024-02-06 00:00:00,601678.SH,4100.0,3.5097,Sell,14.38977,1257
2024-02-06 00:00:00,688057.SH,1500.0,9.0632,Sell,13.594800000000001,1258
2024-02-06 00:00:00,688395.SH,2000.0,13.0191,Sell,26.0382,1259
2024-02-06 00:00:00,600764.SH,1500.0,18.4743,Sell,27.711450000000003,1260
2024-02-06 00:00:00,600533.SH,12200.0,2.14,Sell,26.108,1261
2024-02-06 00:00:00,603022.SH,4100.0,6.6328,Sell,27.19448,1262
2024-02-06 00:00:00,600834.SH,2000.0,6.289,Sell,12.578,1263
2024-02-06 00:00:00,605500.SH,2600.0,5.465,Sell,14.209,1264
2024-02-06 00:00:00,300509.SZ,6300.0,3.6366,Sell,22.910580000000003,1265
2024-02-06 00:00:00,301231.SZ,1600.0,14.3376,Sell,22.94016,1266
2024-02-06 00:00:00,300621.SZ,3900.0,6.3145,Sell,24.626549999999998,1267
2024-02-06 00:00:00,002227.SZ,3200.0,7.56,Sell,24.192,1268
2024-02-06 00:00:00,300838.SZ,1200.0,9.6841,Sell,11.620920000000002,1269
2024-02-07 00:00:00,300717.SZ,2900.0,8.2715,Sell,23.98735,1270
2024-02-08 00:00:00,603017.SH,4400.0,6.5765,Sell,28.936600000000002,1271
2024-02-08 00:00:00,300644.SZ,2400.0,11.9304,Sell,28.632960000000004,1272
2024-02-08 00:00:00,002492.SZ,7300.0,3.8779,Sell,28.30867,1273
2024-02-08 00:00:00,002451.SZ,6100.0,4.5598,Sell,27.81478,1274
2024-02-19 00:00:00,301413.SZ,700.0,25.8651,Buy,18.10557,1275
2024-02-19 00:00:00,001378.SZ,1000.0,18.6168,Buy,18.616800000000005,1276
2024-02-19 00:00:00,301555.SZ,700.0,25.1155,Buy,17.58085,1277
2024-02-21 00:00:00,600853.SH,5600.0,3.5577,Buy,19.92312,1278
2024-02-21 00:00:00,603162.SH,3100.0,6.3977,Buy,19.832870000000003,1279
2024-02-23 00:00:00,600439.SH,8900.0,2.2393,Buy,19.92977,1280
2024-02-23 00:00:00,301459.SZ,600.0,29.2773,Buy,17.566380000000002,1281
2024-02-23 00:00:00,001238.SZ,1600.0,12.3531,Buy,19.76496,1282
2024-02-23 00:00:00,301372.SZ,600.0,33.0,Buy,19.8,1283
2024-02-23 00:00:00,301157.SZ,600.0,31.4499,Buy,18.86994,1284
2024-02-27 00:00:00,603137.SH,1700.0,11.6658,Buy,19.831860000000002,1285
2024-02-28 00:00:00,301413.SZ,600.0,29.3645,Buy,17.6187,1286
2024-02-29 00:00:00,603065.SH,2000.0,9.9505,Buy,19.901,1287
2024-03-06 00:00:00,301555.SZ,500.0,35.4711,Buy,17.73555,1288
2024-03-07 00:00:00,001378.SZ,900.0,21.6193,Buy,19.45737,1289
2024-03-15 00:00:00,301157.SZ,500.0,39.5919,Buy,19.79595,1290
2024-03-18 00:00:00,600439.SH,7100.0,2.7966,Buy,19.85586,1291
2024-03-19 00:00:00,603615.SH,4400.0,19.8323,Sell,87.26212,1292
2024-03-22 00:00:00,301459.SZ,500.0,33.7151,Buy,16.85755,1293
2024-03-25 00:00:00,300635.SZ,2000.0,9.5373,Buy,19.0746,1294
2024-03-28 00:00:00,600610.SH,3500.0,5.62,Buy,19.67,1295
2024-04-02 00:00:00,603663.SH,7600.0,12.7693,Sell,97.04668,1296
2024-04-03 00:00:00,001238.SZ,1300.0,14.8805,Buy,19.344649999999998,1297
2024-04-16 00:00:00,688562.SH,1300.0,14.3421,Buy,18.64473,1298
2024-04-16 00:00:00,688419.SH,1300.0,14.786,Buy,19.221799999999998,1299
2024-04-16 00:00:00,600410.SH,4400.0,4.5224,Buy,19.898560000000003,1300
2024-04-16 00:00:00,688244.SH,1200.0,16.1256,Buy,19.35072,1301
2024-04-16 00:00:00,688584.SH,1300.0,15.2308,Buy,19.800040000000003,1302
2024-04-16 00:00:00,603135.SH,2100.0,9.2056,Buy,19.331760000000003,1303
2024-04-16 00:00:00,688581.SH,400.0,43.8031,Buy,17.521240000000002,1304
2024-04-16 00:00:00,688512.SH,2200.0,8.73,Buy,19.206,1305
2024-04-16 00:00:00,600405.SH,5300.0,3.76,Buy,19.928,1306
2024-04-16 00:00:00,688238.SH,4100.0,4.79,Buy,19.639,1307
2024-04-16 00:00:00,300231.SZ,2700.0,7.24,Buy,19.548000000000002,1308
2024-04-16 00:00:00,301558.SZ,2300.0,8.4874,Buy,19.521019999999996,1309
2024-04-16 00:00:00,301382.SZ,1400.0,13.8022,Buy,19.323079999999997,1310
2024-04-16 00:00:00,300378.SZ,1300.0,14.9116,Buy,19.385080000000002,1311
2024-04-16 00:00:00,300032.SZ,6200.0,3.21,Buy,19.902,1312
2024-04-16 00:00:00,001287.SZ,1100.0,17.9738,Buy,19.77118,1313
2024-04-16 00:00:00,001208.SZ,2900.0,6.8208,Buy,19.78032,1314
2024-04-16 00:00:00,300204.SZ,3600.0,5.45,Buy,19.62,1315
2024-04-16 00:00:00,300168.SZ,3800.0,5.2,Buy,19.76,1316
2024-04-16 00:00:00,000532.SZ,2100.0,9.4177,Buy,19.777169999999998,1317
2024-04-16 00:00:00,002717.SZ,10800.0,1.84,Buy,19.872,1318
2024-04-16 00:00:00,300359.SZ,5200.0,3.83,Buy,19.916,1319
2024-04-16 00:00:00,002527.SZ,2900.0,6.81,Buy,19.749,1320
2024-04-16 00:00:00,002370.SZ,6800.0,2.9,Buy,19.72,1321
2024-04-16 00:00:00,300480.SZ,1300.0,14.3223,Buy,18.618990000000004,1322
2024-04-16 00:00:00,002123.SZ,2700.0,7.21,Buy,19.467,1323
2024-04-16 00:00:00,300560.SZ,1600.0,11.7987,Buy,18.877920000000003,1324
2024-04-16 00:00:00,300238.SZ,2300.0,8.58,Buy,19.734,1325
2024-04-16 00:00:00,301512.SZ,700.0,27.6753,Buy,19.372709999999998,1326
2024-04-18 00:00:00,000528.SZ,7700.0,10.1244,Sell,77.95787999999999,1327
2024-04-19 00:00:00,301213.SZ,900.0,20.5588,Buy,18.502920000000003,1328
2024-04-19 00:00:00,301320.SZ,1400.0,13.364,Buy,18.709600000000002,1329
2024-04-19 00:00:00,002713.SZ,6500.0,3.0488,Buy,19.8172,1330
2024-04-19 00:00:00,301515.SZ,1000.0,18.744,Buy,18.744,1331
2024-04-19 00:00:00,301418.SZ,600.0,32.7834,Buy,19.67004,1332
2024-04-23 00:00:00,688433.SH,800.0,23.2372,Buy,18.589760000000002,1333
2024-04-23 00:00:00,301255.SZ,900.0,21.5194,Buy,19.36746,1334
2024-04-23 00:00:00,301419.SZ,1100.0,17.3613,Buy,19.09743,1335
2024-04-23 00:00:00,301408.SZ,1800.0,10.7454,Buy,19.341720000000002,1336
2024-04-23 00:00:00,301338.SZ,1100.0,18.1464,Buy,19.96104,1337
2024-04-23 00:00:00,301448.SZ,1100.0,17.4989,Buy,19.248789999999996,1338
2024-04-23 00:00:00,301083.SZ,1600.0,12.3287,Buy,19.72592,1339
2024-04-23 00:00:00,002369.SZ,5200.0,3.81,Buy,19.812,1340
2024-04-23 00:00:00,002292.SZ,3200.0,6.17,Buy,19.744,1341
2024-04-23 00:00:00,301509.SZ,500.0,38.8074,Buy,19.4037,1342
2024-04-23 00:00:00,002569.SZ,4400.0,4.46,Buy,19.624,1343
2024-04-23 00:00:00,300380.SZ,1300.0,14.4103,Buy,18.73339,1344
2024-04-23 00:00:00,301041.SZ,900.0,20.1906,Buy,18.17154,1345
2024-04-23 00:00:00,300612.SZ,1500.0,13.18,Buy,19.77,1346
2024-04-23 00:00:00,300688.SZ,900.0,21.28,Buy,19.152,1347
2024-04-24 00:00:00,301213.SZ,700.0,25.6896,Buy,17.982719999999997,1348
2024-04-25 00:00:00,688581.SH,300.0,52.7215,Buy,15.81645,1349
2024-04-29 00:00:00,688419.SH,1000.0,19.3254,Buy,19.3254,1350
2024-04-30 00:00:00,600579.SH,3200.0,6.12,Buy,19.584,1351
2024-04-30 00:00:00,688217.SH,700.0,25.6963,Buy,17.98741,1352
2024-04-30 00:00:00,603231.SH,1100.0,17.4752,Buy,19.222720000000002,1353
2024-04-30 00:00:00,600152.SH,3500.0,5.57,Buy,19.495,1354
2024-04-30 00:00:00,600159.SH,7600.0,2.61,Buy,19.836000000000002,1355
2024-04-30 00:00:00,688244.SH,900.0,20.701,Buy,18.6309,1356
2024-04-30 00:00:00,603335.SH,4200.0,4.7,Buy,19.740000000000002,1357
2024-04-30 00:00:00,603399.SH,2700.0,7.37,Buy,19.899,1358
2024-04-30 00:00:00,600067.SH,10700.0,1.859,Buy,19.8913,1359
2024-04-30 00:00:00,688458.SH,600.0,29.0474,Buy,17.42844,1360
2024-04-30 00:00:00,688238.SH,3200.0,6.17,Buy,19.744,1361
2024-04-30 00:00:00,002725.SZ,2000.0,9.5576,Buy,19.1152,1362
2024-04-30 00:00:00,002355.SZ,4400.0,4.46,Buy,19.624,1363
2024-04-30 00:00:00,000892.SZ,6600.0,3.0,Buy,19.8,1364
2024-04-30 00:00:00,000518.SZ,8700.0,2.29,Buy,19.923000000000002,1365
2024-04-30 00:00:00,000532.SZ,1600.0,12.0398,Buy,19.26368,1366
2024-04-30 00:00:00,300380.SZ,1100.0,17.2287,Buy,18.95157,1367
2024-04-30 00:00:00,002256.SZ,9800.0,2.03,Buy,19.894,1368
2024-05-06 00:00:00,300204.SZ,2900.0,6.89,Buy,19.981,1369
2024-05-07 00:00:00,300238.SZ,1800.0,10.67,Buy,19.206,1370
2024-05-08 00:00:00,301382.SZ,1200.0,16.034,Buy,19.2408,1371
2024-05-10 00:00:00,603021.SH,5700.0,3.47,Buy,19.779,1372
2024-05-10 00:00:00,688229.SH,700.0,27.4,Buy,19.18,1373
2024-05-10 00:00:00,600889.SH,4200.0,4.7,Buy,19.740000000000002,1374
2024-05-10 00:00:00,600302.SH,4600.0,4.32,Buy,19.872,1375
2024-05-10 00:00:00,605080.SH,1000.0,18.5575,Buy,18.5575,1376
2024-05-10 00:00:00,002474.SZ,4000.0,5.0,Buy,20.0,1377
2024-05-10 00:00:00,301591.SZ,600.0,29.2711,Buy,17.56266,1378
2024-05-10 00:00:00,301533.SZ,600.0,28.8055,Buy,17.2833,1379
2024-05-10 00:00:00,301499.SZ,800.0,23.0198,Buy,18.41584,1380
2024-05-10 00:00:00,301396.SZ,2000.0,9.7693,Buy,19.5386,1381
2024-05-10 00:00:00,300094.SZ,5900.0,3.37,Buy,19.883,1382
2024-05-10 00:00:00,300483.SZ,2200.0,9.05,Buy,19.91,1383
2024-05-10 00:00:00,301568.SZ,600.0,31.248,Buy,18.7488,1384
2024-05-10 00:00:00,000518.SZ,7100.0,2.8,Buy,19.88,1385
2024-05-10 00:00:00,002685.SZ,6800.0,2.9,Buy,19.72,1386
2024-05-10 00:00:00,000716.SZ,4400.0,4.5405,Buy,19.9782,1387
2024-05-10 00:00:00,301378.SZ,800.0,22.9645,Buy,18.3716,1388
2024-05-13 00:00:00,603231.SH,900.0,20.411,Buy,18.3699,1389
2024-05-13 00:00:00,002569.SZ,3500.0,5.68,Buy,19.88,1390
2024-05-15 00:00:00,600889.SH,3100.0,6.26,Buy,19.406,1391
2024-05-15 00:00:00,301558.SZ,1900.0,10.45,Buy,19.855,1392
2024-05-15 00:00:00,301448.SZ,900.0,20.925,Buy,18.8325,1393
2024-05-17 00:00:00,688004.SH,1500.0,12.7536,Buy,19.1304,1394
2024-05-17 00:00:00,688653.SH,1900.0,10.52,Buy,19.988,1395
2024-05-17 00:00:00,600375.SH,4400.0,4.4732,Buy,19.682080000000003,1396
2024-05-17 00:00:00,603042.SH,2100.0,9.4084,Buy,19.75764,1397
2024-05-17 00:00:00,002134.SZ,2400.0,8.03,Buy,19.272000000000002,1398
2024-05-17 00:00:00,001373.SZ,600.0,29.4139,Buy,17.64834,1399
2024-05-17 00:00:00,301566.SZ,1200.0,16.5251,Buy,19.83012,1400
2024-05-17 00:00:00,300686.SZ,2600.0,7.5,Buy,19.5,1401
2024-05-17 00:00:00,300237.SZ,14200.0,1.4,Buy,19.88,1402
2024-05-17 00:00:00,301251.SZ,1000.0,19.4384,Buy,19.4384,1403
2024-05-17 00:00:00,002055.SZ,3000.0,6.61,Buy,19.830000000000002,1404
2024-05-20 00:00:00,301591.SZ,500.0,34.6699,Buy,17.334950000000003,1405
2024-05-21 00:00:00,301338.SZ,900.0,22.2072,Buy,19.98648,1406
2024-05-21 00:00:00,300032.SZ,4800.0,4.09,Buy,19.632,1407
2024-05-21 00:00:00,300480.SZ,1100.0,17.451,Buy,19.1961,1408
2024-05-21 00:00:00,300688.SZ,700.0,25.95,Buy,18.165,1409
2024-05-23 00:00:00,600889.SH,7300.0,6.5,Sell,47.45,1410
2024-05-23 00:00:00,300359.SZ,4400.0,4.51,Buy,19.844,1411
2024-05-23 00:00:00,301041.SZ,800.0,24.3001,Buy,19.440080000000002,1412
2024-05-27 00:00:00,603305.SH,1600.0,12.0704,Buy,19.31264,1413
2024-05-27 00:00:00,603429.SH,4200.0,4.7184,Buy,19.81728,1414
2024-05-27 00:00:00,603306.SH,900.0,20.1002,Buy,18.09018,1415
2024-05-27 00:00:00,688693.SH,800.0,22.8099,Buy,18.247919999999997,1416
2024-05-27 00:00:00,301528.SZ,600.0,31.3893,Buy,18.833579999999998,1417
2024-05-27 00:00:00,300417.SZ,2600.0,7.56,Buy,19.656,1418
2024-05-27 00:00:00,300042.SZ,800.0,22.6242,Buy,18.099359999999997,1419
2024-05-27 00:00:00,003043.SZ,700.0,26.1087,Buy,18.27609,1420
2024-05-27 00:00:00,002199.SZ,3500.0,5.57,Buy,19.495,1421
2024-05-27 00:00:00,300302.SZ,2000.0,9.9,Buy,19.8,1422
2024-05-27 00:00:00,002778.SZ,1800.0,10.71,Buy,19.278,1423
2024-05-27 00:00:00,000590.SZ,2700.0,7.35,Buy,19.845,1424
2024-05-28 00:00:00,301418.SZ,400.0,41.0892,Buy,16.43568,1425
2024-05-29 00:00:00,002713.SZ,6500.0,2.072,Sell,13.468,1426
2024-05-30 00:00:00,688039.SH,800.0,24.9,Buy,19.92,1427
2024-05-30 00:00:00,601033.SH,1400.0,14.0873,Buy,19.72222,1428
2024-05-30 00:00:00,688683.SH,1100.0,17.0855,Buy,18.79405,1429
2024-05-30 00:00:00,688162.SH,900.0,21.79,Buy,19.611,1430
2024-05-30 00:00:00,603895.SH,1100.0,17.99,Buy,19.789,1431
2024-05-30 00:00:00,688339.SH,800.0,24.5803,Buy,19.664240000000003,1432
2024-05-30 00:00:00,600753.SH,3000.0,6.52,Buy,19.56,1433
2024-05-30 00:00:00,301007.SZ,1600.0,12.4548,Buy,19.927680000000002,1434
2024-05-30 00:00:00,300780.SZ,1400.0,14.26,Buy,19.964000000000002,1435
2024-05-30 00:00:00,300486.SZ,3500.0,5.7072,Buy,19.9752,1436
2024-05-30 00:00:00,002717.SZ,10800.0,1.18,Sell,12.744,1437
2024-05-30 00:00:00,301169.SZ,600.0,28.7,Buy,17.22,1438
2024-05-30 00:00:00,002658.SZ,3500.0,5.6227,Buy,19.679450000000003,1439
2024-05-31 00:00:00,001208.SZ,2300.0,8.3956,Buy,19.30988,1440
2024-06-03 00:00:00,301083.SZ,1400.0,14.2754,Buy,19.98556,1441
2024-06-06 00:00:00,605289.SH,1100.0,18.1453,Buy,19.95983,1442
2024-06-06 00:00:00,603696.SH,2900.0,6.8613,Buy,19.89777,1443
2024-06-06 00:00:00,603258.SH,1200.0,16.1321,Buy,19.358520000000002,1444
2024-06-06 00:00:00,603183.SH,6400.0,3.1045,Buy,19.8688,1445
2024-06-06 00:00:00,603488.SH,3000.0,6.5831,Buy,19.749299999999998,1446
2024-06-06 00:00:00,603716.SH,3500.0,5.69,Buy,19.915,1447
2024-06-06 00:00:00,002647.SZ,6600.0,2.995,Buy,19.767,1448
2024-06-06 00:00:00,301177.SZ,1000.0,19.057,Buy,19.057000000000002,1449
2024-06-06 00:00:00,300149.SZ,4800.0,4.13,Buy,19.824,1450
2024-06-06 00:00:00,300030.SZ,5400.0,3.64,Buy,19.656,1451
2024-06-06 00:00:00,002798.SZ,6100.0,3.26,Buy,19.886,1452
2024-06-06 00:00:00,000816.SZ,10500.0,1.89,Buy,19.845,1453
2024-06-06 00:00:00,301507.SZ,1700.0,11.2898,Buy,19.19266,1454
2024-06-06 00:00:00,000980.SZ,12500.0,1.6,Buy,20.0,1455
2024-06-06 00:00:00,002609.SZ,2700.0,7.1901,Buy,19.41327,1456
2024-06-06 00:00:00,000710.SZ,2700.0,7.17,Buy,19.359,1457
2024-06-06 00:00:00,002207.SZ,5000.0,4.0,Buy,20.0,1458
2024-06-06 00:00:00,300454.SZ,300.0,52.7864,Buy,15.83592,1459
2024-06-06 00:00:00,000712.SZ,2400.0,8.22,Buy,19.728,1460
2024-06-06 00:00:00,002679.SZ,2800.0,6.9434,Buy,19.44152,1461
2024-06-06 00:00:00,301228.SZ,2200.0,8.88,Buy,19.536,1462
2024-06-21 00:00:00,688693.SH,800.0,48.4723,Sell,38.77784,1463
2024-06-21 00:00:00,301251.SZ,700.0,26.1173,Buy,18.28211,1464
2024-06-21 00:00:00,002199.SZ,2400.0,8.3,Buy,19.92,1465
2024-06-24 00:00:00,002256.SZ,9800.0,1.35,Sell,13.23,1466
2024-06-25 00:00:00,603216.SH,2300.0,8.5487,Buy,19.662010000000002,1467
2024-06-25 00:00:00,600610.SH,3500.0,4.0,Sell,14.0,1468
2024-06-25 00:00:00,001332.SZ,1200.0,15.7873,Buy,18.94476,1469
2024-07-05 00:00:00,603065.SH,2000.0,7.0207,Sell,14.0414,1470
2024-07-05 00:00:00,688653.SH,1300.0,14.76,Buy,19.188,1471
2024-07-05 00:00:00,000590.SZ,2700.0,5.33,Sell,14.391,1472
2024-07-09 00:00:00,688580.SH,1000.0,23.7925,Sell,23.7925,1473
2024-07-09 00:00:00,301228.SZ,1700.0,11.26,Buy,19.142,1474
2024-07-09 00:00:00,301169.SZ,500.0,35.69,Buy,17.845,1475
2024-07-11 00:00:00,603021.SH,5700.0,2.55,Sell,14.534999999999998,1476
2024-07-17 00:00:00,688217.SH,700.0,18.2111,Sell,12.74777,1477
2024-07-17 00:00:00,601077.SH,4100.0,4.8086,Buy,19.71526,1478
2024-07-17 00:00:00,600753.SH,3000.0,4.54,Sell,13.620000000000001,1479
2024-07-17 00:00:00,300481.SZ,1600.0,12.4145,Buy,19.863200000000003,1480
2024-07-25 00:00:00,301372.SZ,600.0,22.91,Sell,13.746,1481
2024-08-12 00:00:00,300149.SZ,4800.0,5.57,Sell,26.736,1482
2024-08-12 00:00:00,301507.SZ,1400.0,13.9341,Buy,19.507740000000002,1483
2024-08-12 00:00:00,300204.SZ,6500.0,8.07,Sell,52.455,1484
2024-08-12 00:00:00,000712.SZ,1900.0,10.09,Buy,19.171,1485
2024-08-13 00:00:00,603488.SH,2300.0,8.5677,Buy,19.70571,1486
2024-08-13 00:00:00,603716.SH,2800.0,7.01,Buy,19.628,1487
2024-08-20 00:00:00,688433.SH,800.0,15.7324,Sell,12.58592,1488
2024-08-20 00:00:00,002369.SZ,4700.0,4.22,Buy,19.834,1489
2024-08-20 00:00:00,301509.SZ,500.0,26.2189,Sell,13.10945,1490
2024-08-21 00:00:00,002647.SZ,5200.0,3.7789,Buy,19.650280000000002,1491
2024-08-23 00:00:00,603305.SH,1600.0,8.4111,Sell,13.457759999999999,1492
2024-08-26 00:00:00,301591.SZ,1100.0,22.3535,Sell,24.588850000000004,1493
2024-08-27 00:00:00,001287.SZ,1100.0,17.3129,Sell,19.04419,1494
2024-08-29 00:00:00,688229.SH,500.0,34.77,Buy,17.385,1495
2024-08-30 00:00:00,300686.SZ,1900.0,10.26,Buy,19.494,1496
2024-09-04 00:00:00,600777.SH,10400.0,1.91,Buy,19.864,1497
2024-09-09 00:00:00,603306.SH,900.0,22.6661,Sell,20.399490000000004,1498
2024-09-10 00:00:00,603107.SH,1300.0,15.1547,Buy,19.70111,1499
2024-09-11 00:00:00,300238.SZ,4100.0,10.04,Sell,41.164,1500
2024-09-18 00:00:00,300042.SZ,800.0,15.2826,Sell,12.22608,1501
2024-09-18 00:00:00,002207.SZ,4100.0,4.83,Buy,19.803,1502
2024-09-19 00:00:00,688162.SH,900.0,15.6373,Sell,14.07357,1503
2024-09-19 00:00:00,300480.SZ,2400.0,11.0868,Sell,26.60832,1504
2024-09-20 00:00:00,300030.SZ,3600.0,5.42,Buy,19.512,1505
2024-09-23 00:00:00,300030.SZ,9000.0,5.04,Sell,45.36,1506
2024-09-27 00:00:00,001332.SZ,1000.0,19.6692,Buy,19.6692,1507
2024-09-27 00:00:00,301378.SZ,800.0,25.56,Sell,20.448,1508
2024-09-30 00:00:00,300378.SZ,800.0,22.5891,Buy,18.071279999999998,1509
2024-09-30 00:00:00,002685.SZ,5200.0,3.8,Buy,19.76,1510
2024-09-30 00:00:00,300302.SZ,1300.0,14.61,Buy,18.993000000000002,1511
2024-10-08 00:00:00,603216.SH,1800.0,10.65,Buy,19.17,1512
2024-10-08 00:00:00,603258.SH,900.0,21.0419,Buy,18.93771,1513
2024-10-09 00:00:00,300380.SZ,2400.0,46.8062,Sell,112.33488,1514
2024-10-09 00:00:00,300612.SZ,1200.0,15.41,Buy,18.492,1515
2024-10-09 00:00:00,002123.SZ,1900.0,10.21,Buy,19.399,1516
2024-10-09 00:00:00,300635.SZ,1900.0,10.22,Buy,19.418,1517
2024-10-09 00:00:00,300560.SZ,1300.0,15.17,Buy,19.721,1518
2024-10-10 00:00:00,600410.SH,3700.0,5.2711,Buy,19.50307,1519
2024-10-10 00:00:00,300231.SZ,1800.0,10.9769,Buy,19.75842,1520
2024-10-24 00:00:00,002647.SZ,11800.0,7.0206,Sell,82.84308,1521
2024-10-24 00:00:00,300481.SZ,1300.0,14.7574,Buy,19.18462,1522
2024-10-24 00:00:00,301499.SZ,700.0,27.1784,Buy,19.024880000000003,1523
2024-10-24 00:00:00,301419.SZ,900.0,20.2288,Buy,18.20592,1524
2024-10-24 00:00:00,301396.SZ,1400.0,14.1847,Buy,19.85858,1525
2024-10-24 00:00:00,002134.SZ,2400.0,18.95,Sell,45.480000000000004,1526
2024-10-24 00:00:00,000816.SZ,8400.0,2.38,Buy,19.992,1527
2024-10-24 00:00:00,000980.SZ,9200.0,2.16,Buy,19.872,1528
2024-10-24 00:00:00,002685.SZ,12000.0,6.9,Sell,82.8,1529
2024-10-24 00:00:00,300237.SZ,10000.0,2.0,Buy,20.0,1530
2024-10-24 00:00:00,002778.SZ,1400.0,14.12,Buy,19.768,1531
2024-10-25 00:00:00,688004.SH,1200.0,16.61,Buy,19.932000000000002,1532
2024-10-25 00:00:00,600067.SH,8600.0,2.3121,Buy,19.88406,1533
2024-10-25 00:00:00,301320.SZ,1200.0,16.239,Buy,19.4868,1534
2024-10-28 00:00:00,002725.SZ,2000.0,14.5012,Sell,29.0024,1535
2024-10-28 00:00:00,000710.SZ,2100.0,9.48,Buy,19.908,1536
2024-11-01 00:00:00,600439.SH,16000.0,5.1,Sell,81.60000000000001,1537
2024-11-01 00:00:00,603399.SH,2200.0,8.98,Buy,19.756,1538
2024-11-01 00:00:00,600375.SH,3300.0,5.9955,Buy,19.785149999999998,1539
2024-11-01 00:00:00,603183.SH,5400.0,3.6916,Buy,19.934639999999998,1540
2024-11-01 00:00:00,002474.SZ,3300.0,5.95,Buy,19.635,1541
2024-11-15 00:00:00,002569.SZ,7900.0,10.13,Sell,80.027,1542
2024-11-15 00:00:00,002679.SZ,2300.0,8.6618,Buy,19.92214,1543
2024-11-15 00:00:00,002527.SZ,2500.0,7.92,Buy,19.8,1544
2024-11-18 00:00:00,688039.SH,700.0,28.05,Buy,19.635,1545
2024-11-18 00:00:00,688562.SH,1100.0,17.28,Buy,19.008,1546
2024-11-20 00:00:00,600104.SH,3000.0,16.6502,Sell,49.95060000000001,1547
2024-11-20 00:00:00,600152.SH,2700.0,7.27,Buy,19.629,1548
2024-11-20 00:00:00,688584.SH,900.0,21.5262,Buy,19.373579999999997,1549
2024-11-20 00:00:00,603429.SH,2900.0,6.84,Buy,19.836000000000002,1550
2024-11-29 00:00:00,688332.SH,1100.0,81.0626,Sell,89.16886000000001,1551
2024-11-29 00:00:00,688512.SH,1400.0,13.43,Buy,18.802,1552
2024-11-29 00:00:00,600302.SH,3500.0,5.58,Buy,19.53,1553
2024-11-29 00:00:00,600405.SH,4100.0,4.8,Buy,19.68,1554
2024-11-29 00:00:00,300094.SZ,4200.0,4.67,Buy,19.614,1555
2024-12-02 00:00:00,600410.SH,8100.0,12.2294,Sell,99.05814,1556
2024-12-02 00:00:00,301177.SZ,800.0,24.3065,Buy,19.4452,1557
2024-12-02 00:00:00,301007.SZ,1200.0,16.328,Buy,19.5936,1558
2024-12-02 00:00:00,300780.SZ,1000.0,18.59,Buy,18.59,1559
2024-12-02 00:00:00,003043.SZ,600.0,32.7122,Buy,19.627320000000005,1560
2024-12-02 00:00:00,002798.SZ,4400.0,4.51,Buy,19.844,1561
2024-12-02 00:00:00,000712.SZ,4300.0,17.75,Sell,76.325,1562
2024-12-02 00:00:00,002370.SZ,5300.0,3.71,Buy,19.663,1563
2024-12-03 00:00:00,688683.SH,900.0,21.1514,Buy,19.03626,1564
2024-12-03 00:00:00,600579.SH,2500.0,7.8,Buy,19.5,1565
2024-12-03 00:00:00,603696.SH,2300.0,8.5885,Buy,19.75355,1566
2024-12-04 00:00:00,000716.SZ,4400.0,8.7227,Sell,38.37988,1567
2024-12-04 00:00:00,002055.SZ,2500.0,7.84,Buy,19.6,1568
2024-12-05 00:00:00,603895.SH,800.0,22.25,Buy,17.8,1569
2024-12-13 00:00:00,002369.SZ,9900.0,8.26,Sell,81.774,1570
2024-12-13 00:00:00,300486.SZ,2400.0,8.3159,Buy,19.958159999999996,1571
2024-12-13 00:00:00,301566.SZ,900.0,20.005,Buy,18.0045,1572
2024-12-13 00:00:00,002609.SZ,2200.0,8.9114,Buy,19.60508,1573
2024-12-13 00:00:00,300454.SZ,300.0,64.1862,Buy,19.255860000000002,1574
2024-12-13 00:00:00,301512.SZ,600.0,32.2804,Buy,19.368240000000004,1575
2024-12-16 00:00:00,000816.SZ,18900.0,4.43,Sell,83.727,1576
2024-12-17 00:00:00,605289.SH,1000.0,19.6746,Buy,19.6746,1577
2024-12-17 00:00:00,603335.SH,3800.0,5.26,Buy,19.988,1578
2024-12-17 00:00:00,600853.SH,4500.0,4.3736,Buy,19.681199999999997,1579
2024-12-17 00:00:00,301408.SZ,1600.0,12.1637,Buy,19.461920000000003,1580
2024-12-27 00:00:00,600579.SH,5700.0,11.71,Sell,66.747,1581
2024-12-27 00:00:00,603042.SH,1600.0,11.9297,Buy,19.08752,1582
2024-12-27 00:00:00,002355.SZ,2900.0,6.78,Buy,19.662,1583
2024-12-30 00:00:00,002292.SZ,2100.0,9.27,Buy,19.467,1584
2025-01-14 00:00:00,301413.SZ,1300.0,61.3904,Sell,79.80752000000001,1585
2025-01-14 00:00:00,300417.SZ,1700.0,11.1709,Buy,18.99053,1586
2025-01-14 00:00:00,300168.SZ,2700.0,7.36,Buy,19.872,1587
2025-01-15 00:00:00,605080.SH,700.0,27.3216,Buy,19.12512,1588
2025-01-15 00:00:00,301568.SZ,500.0,36.9932,Buy,18.4966,1589
2025-01-21 00:00:00,600777.SH,8100.0,2.46,Buy,19.926000000000002,1590
2025-02-11 00:00:00,300378.SZ,2100.0,41.5129,Sell,87.17709,1591
2025-02-12 00:00:00,688244.SH,2100.0,27.3779,Sell,57.493590000000005,1592
2025-02-12 00:00:00,688458.SH,500.0,36.74,Buy,18.37,1593
2025-02-13 00:00:00,688039.SH,1500.0,37.2,Sell,55.80000000000001,1594
2025-02-13 00:00:00,688229.SH,1200.0,63.0,Sell,75.60000000000001,1595
2025-02-13 00:00:00,301255.SZ,700.0,26.6365,Buy,18.645550000000004,1596
2025-02-13 00:00:00,000532.SZ,3700.0,17.1965,Sell,63.627050000000004,1597
2025-02-13 00:00:00,002123.SZ,4600.0,20.78,Sell,95.58800000000001,1598
2025-02-14 00:00:00,301382.SZ,2600.0,32.7236,Sell,85.08136,1599
2025-02-14 00:00:00,000892.SZ,5300.0,3.76,Buy,19.928,1600
2025-02-17 00:00:00,300168.SZ,6500.0,9.94,Sell,64.61,1601
2025-02-17 00:00:00,300454.SZ,600.0,99.823,Sell,59.8938,1602
2025-02-18 00:00:00,301396.SZ,3400.0,29.7695,Sell,101.2163,1603
2025-02-18 00:00:00,000710.SZ,4800.0,11.52,Sell,55.296,1604
2025-02-24 00:00:00,002527.SZ,5400.0,18.0,Sell,97.2,1605
2025-02-26 00:00:00,301459.SZ,1100.0,48.3741,Sell,53.21151,1606
2025-03-06 00:00:00,600302.SH,8100.0,5.15,Sell,41.715,1607
2025-03-13 00:00:00,603716.SH,6300.0,14.62,Sell,92.10600000000001,1608
2025-03-21 00:00:00,603135.SH,1800.0,11.0507,Buy,19.891260000000003,1609
2025-04-01 00:00:00,301228.SZ,3900.0,21.7,Sell,84.63,1610
2025-04-01 00:00:00,002658.SZ,2800.0,6.9529,Buy,19.46812,1611
2025-04-08 00:00:00,301558.SZ,4200.0,6.8,Sell,28.560000000000002,1612
2025-04-08 00:00:00,300237.SZ,24200.0,1.27,Sell,30.734,1613
2025-04-08 00:00:00,301555.SZ,1200.0,20.5811,Sell,24.69732,1614
2025-04-08 00:00:00,002055.SZ,5500.0,4.74,Sell,26.07,1615
2025-04-22 00:00:00,603696.SH,5200.0,14.8374,Sell,77.15447999999999,1616
2025-05-09 00:00:00,600777.SH,18500.0,3.21,Sell,59.385,1617
2025-05-15 00:00:00,603488.SH,5300.0,8.5876,Sell,45.51428,1618
2025-05-15 00:00:00,300032.SZ,11000.0,5.5,Sell,60.5,1619
2025-06-04 00:00:00,301533.SZ,500.0,35.1894,Buy,17.5947,1620
2025-06-16 00:00:00,300483.SZ,1800.0,10.86,Buy,19.548000000000002,1621
2025-06-17 00:00:00,301528.SZ,500.0,39.1702,Buy,19.585100000000004,1622
2025-06-19 00:00:00,300483.SZ,4000.0,13.38,Sell,53.52,1623
2025-06-20 00:00:00,002207.SZ,9100.0,9.62,Sell,87.542,1624
2025-06-27 00:00:00,603137.SH,1400.0,14.1755,Buy,19.8457,1625
2025-07-01 00:00:00,301007.SZ,2800.0,30.4083,Sell,85.14324,1626
2025-07-02 00:00:00,600152.SH,6200.0,7.4,Sell,45.88,1627
2025-07-02 00:00:00,001238.SZ,2900.0,28.0295,Sell,81.28555,1628
2025-07-04 00:00:00,300993.SZ,4200.0,15.3865,Sell,64.6233,1629
2025-07-08 00:00:00,301408.SZ,3400.0,14.3341,Sell,48.73594,1630
2025-07-15 00:00:00,603811.SH,8500.0,8.4233,Sell,71.59804999999999,1631
2025-07-22 00:00:00,002370.SZ,12100.0,5.2,Sell,62.92,1632
2025-07-28 00:00:00,301515.SZ,800.0,22.26,Buy,17.808,1633
2025-07-30 00:00:00,600435.SH,4800.0,17.3646,Sell,83.35008,1634
2025-08-04 00:00:00,301213.SZ,1600.0,50.9163,Sell,81.46608,1635
2025-08-05 00:00:00,300486.SZ,5900.0,20.3801,Sell,120.24258999999999,1636
2025-08-07 00:00:00,603320.SH,4000.0,20.5867,Sell,82.3468,1637
2025-08-07 00:00:00,301338.SZ,2000.0,41.6143,Sell,83.22860000000001,1638
2025-08-18 00:00:00,688584.SH,2200.0,27.2266,Sell,59.898520000000005,1639
2025-08-26 00:00:00,301448.SZ,2000.0,40.75,Sell,81.5,1640
2025-09-09 00:00:00,603429.SH,7100.0,13.07,Sell,92.797,1641
2025-09-10 00:00:00,301177.SZ,1800.0,37.3262,Sell,67.18716,1642
2025-09-17 00:00:00,001332.SZ,2200.0,36.4405,Sell,80.16910000000001,1643
2025-09-18 00:00:00,605289.SH,2100.0,44.9328,Sell,94.35888000000001,1644
2025-09-18 00:00:00,600159.SH,6500.0,3.07,Buy,19.955000000000002,1645
2025-09-30 00:00:00,688339.SH,600.0,30.48,Buy,18.288,1646
2025-10-14 00:00:00,000980.SZ,21700.0,3.6,Sell,78.12,1647
2025-10-21 00:00:00,603162.SH,2600.0,7.5956,Buy,19.74856,1648
2025-10-22 00:00:00,301251.SZ,1700.0,46.5437,Sell,79.12429000000002,1649
2025-10-23 00:00:00,603162.SH,5700.0,7.2598,Sell,41.38086,1650
2025-10-24 00:00:00,002474.SZ,7300.0,7.94,Sell,57.962,1651
2025-11-03 00:00:00,000892.SZ,11900.0,7.85,Sell,93.415,1652
2025-11-05 00:00:00,600067.SH,19300.0,4.4058,Sell,85.03194,1653
2025-11-14 00:00:00,300302.SZ,3300.0,22.2,Sell,73.26,1654
2025-11-14 00:00:00,300560.SZ,2900.0,18.78,Sell,54.462,1655
2025-11-18 00:00:00,002679.SZ,5100.0,15.1756,Sell,77.39556,1656
2025-11-20 00:00:00,301507.SZ,3100.0,16.4871,Sell,51.11001,1657
2025-11-24 00:00:00,603216.SH,4100.0,22.7838,Sell,93.41358000000001,1658
2025-12-15 00:00:00,001208.SZ,5200.0,17.9012,Sell,93.08623999999999,1659
2026-01-09 00:00:00,600135.SH,6500.0,11.87,Sell,77.155,1660
2026-01-12 00:00:00,688419.SH,2300.0,35.0142,Sell,80.53266,1661
2026-01-12 00:00:00,001373.SZ,500.0,37.95,Buy,18.975,1662
2026-01-13 00:00:00,301515.SZ,1800.0,26.65,Sell,47.97,1663
2026-01-29 00:00:00,300780.SZ,2400.0,32.71,Sell,78.504,1664
2026-03-04 00:00:00,300228.SZ,6800.0,11.415,Sell,77.622,1665
2026-03-10 00:00:00,301179.SZ,3400.0,25.3275,Sell,86.1135,1666
2026-03-16 00:00:00,600251.SH,7100.0,11.2836,Sell,80.11355999999999,1667
2026-04-13 00:00:00,300686.SZ,4500.0,18.54,Sell,83.43,1668
2026-04-15 00:00:00,301157.SZ,1100.0,73.6802,Sell,81.04822,1669
2026-04-20 00:00:00,688683.SH,2000.0,40.6735,Sell,81.34700000000001,1670
2026-04-28 00:00:00,301169.SZ,1100.0,65.8,Sell,72.38,1671
2026-04-30 00:00:00,603399.SH,4900.0,19.39,Sell,95.011,1672
2026-05-07 00:00:00,002798.SZ,10500.0,7.67,Sell,80.535,1673
2026-05-15 00:00:00,002199.SZ,5900.0,13.88,Sell,81.892,1674
2026-05-20 00:00:00,003043.SZ,1300.0,65.5541,Sell,85.22033,1675
2026-05-25 00:00:00,000518.SZ,15800.0,4.54,Sell,71.732,1676
2026-05-28 00:00:00,301419.SZ,2000.0,40.63,Sell,81.26,1677
2026-05-28 00:00:00,301568.SZ,1100.0,80.01,Sell,88.011,1678
2026-06-04 00:00:00,301566.SZ,2100.0,38.6,Sell,81.06,1679
2026-06-11 00:00:00,603135.SH,3900.0,12.8,Sell,49.92,1680
2026-06-18 00:00:00,603258.SH,2100.0,12.67,Sell,26.607,1681
2026-06-18 00:00:00,300094.SZ,10100.0,2.65,Sell,26.765,1682
2026-06-26 00:00:00,300036.SZ,2200.0,11.21,Sell,24.662000000000003,1683
2026-06-30 00:00:00,688339.SH,1400.0,18.7,Sell,26.18,1684
2026-06-30 00:00:00,301528.SZ,1100.0,81.9,Sell,90.09,1685
2026-07-14 00:00:00,603137.SH,3100.0,32.37,Sell,100.347,1686
2026-09-17 00:00:00,688004.SH,2700.0,37.1,Sell,100.17,1687
