date,strategy
2013-01-04 00:00:00,0.0
2013-01-07 00:00:00,0.0
2013-01-08 00:00:00,0.0
2013-01-09 00:00:00,0.0
2013-01-10 00:00:00,0.0
2013-01-11 00:00:00,0.0
2013-01-14 00:00:00,0.0
2013-01-15 00:00:00,0.0
2013-01-16 00:00:00,0.0
2013-01-17 00:00:00,0.0
2013-01-18 00:00:00,0.0
2013-01-21 00:00:00,0.0
2013-01-22 00:00:00,0.0
2013-01-23 00:00:00,0.0
2013-01-24 00:00:00,0.0
2013-01-25 00:00:00,0.0
2013-01-28 00:00:00,0.0
2013-01-29 00:00:00,0.0
2013-01-30 00:00:00,0.0
2013-01-31 00:00:00,0.0
2013-02-01 00:00:00,0.0
2013-02-04 00:00:00,0.0
2013-02-05 00:00:00,0.0
2013-02-06 00:00:00,0.0
2013-02-07 00:00:00,0.0
2013-02-08 00:00:00,0.0
2013-02-18 00:00:00,0.0
2013-02-19 00:00:00,0.0
2013-02-20 00:00:00,0.0
2013-02-21 00:00:00,0.0
2013-02-22 00:00:00,0.0
2013-02-25 00:00:00,0.0
2013-02-26 00:00:00,0.0
2013-02-27 00:00:00,0.0
2013-02-28 00:00:00,0.0
2013-03-01 00:00:00,0.0
2013-03-04 00:00:00,0.0
2013-03-05 00:00:00,0.0
2013-03-06 00:00:00,0.0
2013-03-07 00:00:00,0.0
2013-03-08 00:00:00,0.0
2013-03-11 00:00:00,0.0
2013-03-12 00:00:00,0.0
2013-03-13 00:00:00,0.0
2013-03-14 00:00:00,0.0
2013-03-15 00:00:00,0.0
2013-03-18 00:00:00,0.0
2013-03-19 00:00:00,0.0
2013-03-20 00:00:00,0.0
2013-03-21 00:00:00,0.0
2013-03-22 00:00:00,0.0
2013-03-25 00:00:00,0.0
2013-03-26 00:00:00,0.0
2013-03-27 00:00:00,0.0
2013-03-28 00:00:00,0.0
2013-03-29 00:00:00,0.0
2013-04-01 00:00:00,0.0
2013-04-02 00:00:00,0.0
2013-04-03 00:00:00,0.0
2013-04-08 00:00:00,0.0
2013-04-09 00:00:00,0.0
2013-04-10 00:00:00,0.0
2013-04-11 00:00:00,0.0
2013-04-12 00:00:00,0.0
2013-04-15 00:00:00,0.0
2013-04-16 00:00:00,0.0
2013-04-17 00:00:00,0.0
2013-04-18 00:00:00,0.0
2013-04-19 00:00:00,0.0
2013-04-22 00:00:00,0.0
2013-04-23 00:00:00,0.0
2013-04-24 00:00:00,0.0
2013-04-25 00:00:00,0.0
2013-04-26 00:00:00,0.0
2013-05-02 00:00:00,0.0
2013-05-03 00:00:00,0.0
2013-05-06 00:00:00,0.0
2013-05-07 00:00:00,0.0
2013-05-08 00:00:00,0.0
2013-05-09 00:00:00,0.0
2013-05-10 00:00:00,0.0
2013-05-13 00:00:00,0.0
2013-05-14 00:00:00,0.0
2013-05-15 00:00:00,0.0
2013-05-16 00:00:00,0.0
2013-05-17 00:00:00,0.0
2013-05-20 00:00:00,0.0
2013-05-21 00:00:00,0.0
2013-05-22 00:00:00,0.0
2013-05-23 00:00:00,0.0
2013-05-24 00:00:00,0.0
2013-05-27 00:00:00,0.0
2013-05-28 00:00:00,0.0
2013-05-29 00:00:00,0.0
2013-05-30 00:00:00,0.0
2013-05-31 00:00:00,0.0
2013-06-03 00:00:00,0.0
2013-06-04 00:00:00,0.0
2013-06-05 00:00:00,0.0
2013-06-06 00:00:00,0.0
2013-06-07 00:00:00,0.0
2013-06-13 00:00:00,0.0
2013-06-14 00:00:00,0.0
2013-06-17 00:00:00,0.0
2013-06-18 00:00:00,0.0
2013-06-19 00:00:00,0.0
2013-06-20 00:00:00,0.0
2013-06-21 00:00:00,0.0
2013-06-24 00:00:00,0.0
2013-06-25 00:00:00,0.0
2013-06-26 00:00:00,0.0
2013-06-27 00:00:00,0.0
2013-06-28 00:00:00,0.0
2013-07-01 00:00:00,0.0
2013-07-02 00:00:00,0.0
2013-07-03 00:00:00,0.0
2013-07-04 00:00:00,0.0
2013-07-05 00:00:00,0.0
2013-07-08 00:00:00,0.0
2013-07-09 00:00:00,0.0
2013-07-10 00:00:00,0.0
2013-07-11 00:00:00,0.0
2013-07-12 00:00:00,0.0
2013-07-15 00:00:00,0.0
2013-07-16 00:00:00,0.0
2013-07-17 00:00:00,0.0
2013-07-18 00:00:00,0.0
2013-07-19 00:00:00,0.0
2013-07-22 00:00:00,0.0
2013-07-23 00:00:00,0.0
2013-07-24 00:00:00,0.0
2013-07-25 00:00:00,0.0
2013-07-26 00:00:00,0.0
2013-07-29 00:00:00,0.0
2013-07-30 00:00:00,0.0
2013-07-31 00:00:00,0.0
2013-08-01 00:00:00,0.0
2013-08-02 00:00:00,0.0
2013-08-05 00:00:00,0.0
2013-08-06 00:00:00,0.0
2013-08-07 00:00:00,0.0
2013-08-08 00:00:00,0.0
2013-08-09 00:00:00,0.0
2013-08-12 00:00:00,0.0
2013-08-13 00:00:00,0.0
2013-08-14 00:00:00,0.0
2013-08-15 00:00:00,0.0
2013-08-16 00:00:00,0.0
2013-08-19 00:00:00,0.0
2013-08-20 00:00:00,0.0
2013-08-21 00:00:00,0.0
2013-08-22 00:00:00,0.0
2013-08-23 00:00:00,0.0
2013-08-26 00:00:00,0.0
2013-08-27 00:00:00,0.0
2013-08-28 00:00:00,0.0
2013-08-29 00:00:00,0.0
2013-08-30 00:00:00,0.0
2013-09-02 00:00:00,0.0
2013-09-03 00:00:00,0.0
2013-09-04 00:00:00,0.0
2013-09-05 00:00:00,0.0
2013-09-06 00:00:00,0.0
2013-09-09 00:00:00,0.0
2013-09-10 00:00:00,0.0
2013-09-11 00:00:00,0.0
2013-09-12 00:00:00,0.0
2013-09-13 00:00:00,0.0
2013-09-16 00:00:00,0.0
2013-09-17 00:00:00,0.0
2013-09-18 00:00:00,0.0
2013-09-23 00:00:00,0.0
2013-09-24 00:00:00,0.0
2013-09-25 00:00:00,0.0
2013-09-26 00:00:00,0.0
2013-09-27 00:00:00,0.0
2013-09-30 00:00:00,0.0
2013-10-08 00:00:00,0.0
2013-10-09 00:00:00,0.0
2013-10-10 00:00:00,0.0
2013-10-11 00:00:00,0.0
2013-10-14 00:00:00,0.0
2013-10-15 00:00:00,0.0
2013-10-16 00:00:00,0.0
2013-10-17 00:00:00,0.0
2013-10-18 00:00:00,0.0
2013-10-21 00:00:00,0.0
2013-10-22 00:00:00,0.0
2013-10-23 00:00:00,0.0
2013-10-24 00:00:00,0.0
2013-10-25 00:00:00,0.0
2013-10-28 00:00:00,0.0
2013-10-29 00:00:00,0.0
2013-10-30 00:00:00,0.0
2013-10-31 00:00:00,0.0
2013-11-01 00:00:00,0.0
2013-11-04 00:00:00,0.0
2013-11-05 00:00:00,0.0
2013-11-06 00:00:00,0.0
2013-11-07 00:00:00,0.0
2013-11-08 00:00:00,0.0
2013-11-11 00:00:00,0.0
2013-11-12 00:00:00,0.0
2013-11-13 00:00:00,0.0
2013-11-14 00:00:00,0.0
2013-11-15 00:00:00,0.0
2013-11-18 00:00:00,0.0
2013-11-19 00:00:00,0.0
2013-11-20 00:00:00,0.0
2013-11-21 00:00:00,0.0
2013-11-22 00:00:00,0.0
2013-11-25 00:00:00,0.0
2013-11-26 00:00:00,0.0
2013-11-27 00:00:00,0.0
2013-11-28 00:00:00,0.0
2013-11-29 00:00:00,0.0
2013-12-02 00:00:00,0.0
2013-12-03 00:00:00,0.0
2013-12-04 00:00:00,0.0
2013-12-05 00:00:00,0.0
2013-12-06 00:00:00,0.0
2013-12-09 00:00:00,0.0
2013-12-10 00:00:00,0.0
2013-12-11 00:00:00,0.0
2013-12-12 00:00:00,0.0
2013-12-13 00:00:00,0.0
2013-12-16 00:00:00,0.0
2013-12-17 00:00:00,0.0
2013-12-18 00:00:00,0.0
2013-12-19 00:00:00,0.0
2013-12-20 00:00:00,0.0
2013-12-23 00:00:00,0.0
2013-12-24 00:00:00,0.0
2013-12-25 00:00:00,0.0
2013-12-26 00:00:00,0.0
2013-12-27 00:00:00,0.0
2013-12-30 00:00:00,0.0
2013-12-31 00:00:00,0.0
2014-01-02 00:00:00,0.0
2014-01-03 00:00:00,0.0
2014-01-06 00:00:00,0.0
2014-01-07 00:00:00,0.0
2014-01-08 00:00:00,0.0
2014-01-09 00:00:00,0.0
2014-01-10 00:00:00,0.0
2014-01-13 00:00:00,0.0
2014-01-14 00:00:00,0.0
2014-01-15 00:00:00,0.0
2014-01-16 00:00:00,0.0
2014-01-17 00:00:00,0.0
2014-01-20 00:00:00,0.0
2014-01-21 00:00:00,0.0
2014-01-22 00:00:00,0.0
2014-01-23 00:00:00,0.0
2014-01-24 00:00:00,0.0
2014-01-27 00:00:00,0.0
2014-01-28 00:00:00,0.0
2014-01-29 00:00:00,0.0
2014-01-30 00:00:00,0.0
2014-02-07 00:00:00,0.0
2014-02-10 00:00:00,0.0
2014-02-11 00:00:00,0.0
2014-02-12 00:00:00,0.0
2014-02-13 00:00:00,0.0
2014-02-14 00:00:00,0.0
2014-02-17 00:00:00,0.0
2014-02-18 00:00:00,0.0
2014-02-19 00:00:00,0.0
2014-02-20 00:00:00,0.0
2014-02-21 00:00:00,0.0
2014-02-24 00:00:00,0.0
2014-02-25 00:00:00,0.0
2014-02-26 00:00:00,0.0
2014-02-27 00:00:00,0.0
2014-02-28 00:00:00,0.0
2014-03-03 00:00:00,0.0
2014-03-04 00:00:00,0.0
2014-03-05 00:00:00,0.0
2014-03-06 00:00:00,0.0
2014-03-07 00:00:00,0.0
2014-03-10 00:00:00,0.0
2014-03-11 00:00:00,0.0
2014-03-12 00:00:00,0.0
2014-03-13 00:00:00,0.0
2014-03-14 00:00:00,0.0
2014-03-17 00:00:00,0.0
2014-03-18 00:00:00,0.0
2014-03-19 00:00:00,0.0
2014-03-20 00:00:00,0.0
2014-03-21 00:00:00,0.0
2014-03-24 00:00:00,0.0
2014-03-25 00:00:00,0.0
2014-03-26 00:00:00,0.0
2014-03-27 00:00:00,0.0
2014-03-28 00:00:00,0.0
2014-03-31 00:00:00,0.0
2014-04-01 00:00:00,0.0
2014-04-02 00:00:00,0.0
2014-04-03 00:00:00,0.0
2014-04-04 00:00:00,0.0
2014-04-08 00:00:00,0.0
2014-04-09 00:00:00,-5.917453999992883e-05
2014-04-10 00:00:00,-0.0004039339026029598
2014-04-11 00:00:00,-0.0012122013517054109
2014-04-14 00:00:00,0.0003753385887452776
2014-04-15 00:00:00,-0.0008345749595821683
2014-04-16 00:00:00,0.000455191312732417
2014-04-17 00:00:00,7.470545169807608e-05
2014-04-18 00:00:00,-0.00047415087198110495
2014-04-21 00:00:00,-0.0011518937439155552
2014-04-22 00:00:00,-0.00010407591483785339
2014-04-23 00:00:00,0.0002793205100179996
2014-04-24 00:00:00,-0.0011981378482101013
2014-04-25 00:00:00,-0.001969655964764949
2014-04-28 00:00:00,-0.003884737133301952
2014-04-29 00:00:00,0.0007923686229607263
2014-04-30 00:00:00,0.00022606903797117717
2014-05-05 00:00:00,0.0008602345615249529
2014-05-06 00:00:00,0.0001849380701202108
2014-05-07 00:00:00,-0.0012630057630715896
2014-05-08 00:00:00,-2.9534016078081038e-05
2014-05-09 00:00:00,-0.00032128023297117725
2014-05-12 00:00:00,0.0024768980521803208
2014-05-13 00:00:00,7.797930466768577e-05
2014-05-14 00:00:00,-0.0007003288723576029
2014-05-15 00:00:00,-0.0020692285909015284
2014-05-16 00:00:00,-0.0006501699637331271
2014-05-19 00:00:00,-0.0010737002099195925
2014-05-20 00:00:00,0.0010839189760021295
2014-05-21 00:00:00,0.001690624932953133
2014-05-22 00:00:00,-0.0010884830549683366
2014-05-23 00:00:00,0.004992138810668401
2014-05-26 00:00:00,0.004270628227855289
2014-05-27 00:00:00,-0.002667105644947876
2014-05-28 00:00:00,0.003821961329128598
2014-05-29 00:00:00,-0.0060521852168594625
2014-05-30 00:00:00,0.001087634071280874
2014-06-03 00:00:00,0.00016198240554254895
2014-06-04 00:00:00,-0.002846662195674532
2014-06-05 00:00:00,0.008996193228593796
2014-06-06 00:00:00,-0.0008044227522209235
2014-06-09 00:00:00,-0.0005602183599235921
2014-06-10 00:00:00,0.005111778272356204
2014-06-11 00:00:00,0.0015657234649222307
2014-06-12 00:00:00,-0.004659501473950556
2014-06-13 00:00:00,0.008453299588526919
2014-06-16 00:00:00,0.002099453418245689
2014-06-17 00:00:00,-0.005729526746410252
2014-06-18 00:00:00,-0.0002249200875285018
2014-06-19 00:00:00,-0.01801306878098341
2014-06-20 00:00:00,0.0077815761147823626
2014-06-23 00:00:00,0.004152756023398041
2014-06-24 00:00:00,0.005669641948614412
2014-06-25 00:00:00,0.0006636596159497188
2014-06-26 00:00:00,0.010095576513456717
2014-06-27 00:00:00,0.007136708635063771
2014-06-30 00:00:00,0.003644123562783985
2014-07-01 00:00:00,0.004901613451008258
2014-07-02 00:00:00,0.0021079224411080233
2014-07-03 00:00:00,0.006610256137222992
2014-07-04 00:00:00,-0.0019346018696992928
2014-07-07 00:00:00,-0.0049565595782739
2014-07-08 00:00:00,0.003609525960698967
2014-07-09 00:00:00,-0.015415230779086686
2014-07-10 00:00:00,0.0033481322875474895
2014-07-11 00:00:00,0.009960584893707658
2014-07-14 00:00:00,0.012443992738812026
2014-07-15 00:00:00,0.0025135532592592824
2014-07-16 00:00:00,-0.003011036165015968
2014-07-17 00:00:00,-0.007094746163972765
2014-07-18 00:00:00,0.00784034337485795
2014-07-21 00:00:00,-0.0033487658226938333
2014-07-22 00:00:00,0.007503345508702797
2014-07-23 00:00:00,-0.0028840481515274297
2014-07-24 00:00:00,0.0012108575187408377
2014-07-25 00:00:00,0.007598674559659457
2014-07-28 00:00:00,0.011783419926462813
2014-07-29 00:00:00,0.009375958668103035
2014-07-30 00:00:00,0.0041316654898369
2014-07-31 00:00:00,0.009888700957151109
2014-08-01 00:00:00,-0.006308480302705699
2014-08-04 00:00:00,0.011460766070914286
2014-08-05 00:00:00,0.002778223349493736
2014-08-06 00:00:00,0.0038317045462548105
2014-08-07 00:00:00,-0.010751919655641151
2014-08-08 00:00:00,0.004214342382795833
2014-08-11 00:00:00,0.010199373331148287
2014-08-12 00:00:00,0.007425139614070098
2014-08-13 00:00:00,0.004837918171431088
2014-08-14 00:00:00,-0.005148314967133083
2014-08-15 00:00:00,0.009726375065485904
2014-08-18 00:00:00,0.013437887577417262
2014-08-19 00:00:00,0.010644059808939454
2014-08-20 00:00:00,0.0027977015612163925
2014-08-21 00:00:00,0.0027413888031599942
2014-08-22 00:00:00,0.011017634745674743
2014-08-25 00:00:00,-0.0039006661129895592
2014-08-26 00:00:00,-0.027574634896412542
2014-08-27 00:00:00,0.004955154907468229
2014-08-28 00:00:00,-0.00019437734410632235
2014-08-29 00:00:00,0.013056450620442472
2014-09-01 00:00:00,0.016269748785603166
2014-09-02 00:00:00,0.01397358507205193
2014-09-03 00:00:00,0.008940837166857563
2014-09-04 00:00:00,0.004248599614774307
2014-09-05 00:00:00,0.002400779796008168
2014-09-09 00:00:00,0.004599240669138416
2014-09-10 00:00:00,0.007697592268469444
2014-09-11 00:00:00,0.003667786846550003
2014-09-12 00:00:00,0.010871837331064116
2014-09-15 00:00:00,0.01066379756193947
2014-09-16 00:00:00,-0.03303760849483117
2014-09-17 00:00:00,0.008253229984892974
2014-09-18 00:00:00,0.006616200899343783
2014-09-19 00:00:00,0.018296728922816863
2014-09-22 00:00:00,-0.010014535764134358
2014-09-23 00:00:00,0.018679816342011435
2014-09-24 00:00:00,0.011593831214235628
2014-09-25 00:00:00,-0.001280841384794007
2014-09-26 00:00:00,0.008278452726000696
2014-09-29 00:00:00,0.01666615335531496
2014-09-30 00:00:00,0.005792872628399559
2014-10-08 00:00:00,0.01082193236897
2014-10-09 00:00:00,0.010333113334405564
2014-10-10 00:00:00,-0.003011914864213927
2014-10-13 00:00:00,0.004720341481830648
2014-10-14 00:00:00,-0.004221398564171919
2014-10-15 00:00:00,0.00037298913806305123
2014-10-16 00:00:00,-0.017376417747916983
2014-10-17 00:00:00,-0.009696881138099522
2014-10-20 00:00:00,0.012491025172415071
2014-10-21 00:00:00,-0.003417316807406645
2014-10-22 00:00:00,-0.011127299148487202
2014-10-23 00:00:00,-0.0204195252580629
2014-10-24 00:00:00,0.0021371749858236644
2014-10-27 00:00:00,0.0018090681389488772
2014-10-28 00:00:00,0.023184053488275014
2014-10-29 00:00:00,0.015002987277292101
2014-10-30 00:00:00,0.001308413000488562
2014-10-31 00:00:00,0.00461255144909356
2014-11-03 00:00:00,0.009860661209259325
2014-11-04 00:00:00,-0.0063897158848293945
2014-11-05 00:00:00,-0.005885849820427169
2014-11-06 00:00:00,0.006196350434744646
2014-11-07 00:00:00,-0.010689744649526767
2014-11-10 00:00:00,0.00905064444369974
2014-11-11 00:00:00,-0.030452563217104767
2014-11-12 00:00:00,0.01669226461402551
2014-11-13 00:00:00,-0.011363669930881781
2014-11-14 00:00:00,-0.003240498743337872
2014-11-17 00:00:00,0.011073902369343136
2014-11-18 00:00:00,0.001373795870886818
2014-11-19 00:00:00,0.0039635905554122886
2014-11-20 00:00:00,0.0002534544892272006
2014-11-21 00:00:00,0.012502084581751838
2014-11-24 00:00:00,0.010422220110409164
2014-11-25 00:00:00,0.008047992454591757
2014-11-26 00:00:00,0.00598917366601448
2014-11-27 00:00:00,0.005100330791262708
2014-11-28 00:00:00,0.0012171360147956722
2014-12-01 00:00:00,-0.0013136840597810506
2014-12-02 00:00:00,0.010633522695471465
2014-12-03 00:00:00,0.013207143622224082
2014-12-04 00:00:00,0.0129500124354065
2014-12-05 00:00:00,-0.02907298436797734
2014-12-08 00:00:00,0.013924864731808428
2014-12-09 00:00:00,-0.042147862340232045
2014-12-10 00:00:00,0.031808408822481704
2014-12-11 00:00:00,0.022556188108533215
2014-12-12 00:00:00,0.016658974501068347
2014-12-15 00:00:00,0.005426709705529387
2014-12-16 00:00:00,-0.003997224553493939
2014-12-17 00:00:00,-0.012954972311508661
2014-12-18 00:00:00,-0.0013526186419698938
2014-12-19 00:00:00,-0.005644578207083528
2014-12-22 00:00:00,-0.032820529979711854
2014-12-23 00:00:00,-0.016166891304578268
2014-12-24 00:00:00,0.011796177749923142
2014-12-25 00:00:00,0.021485023454981267
2014-12-26 00:00:00,0.009218738800666149
2014-12-29 00:00:00,-0.006440383172997111
2014-12-30 00:00:00,-0.01845794612711782
2014-12-31 00:00:00,0.015314992897463409
2015-01-05 00:00:00,0.02156885061774183
2015-01-06 00:00:00,0.00298100899414222
2015-01-07 00:00:00,-0.000995771795044842
2015-01-08 00:00:00,-0.008937547745743513
2015-01-09 00:00:00,-0.012206940529710164
2015-01-12 00:00:00,-0.019815808443021887
2015-01-13 00:00:00,0.01428681882891869
2015-01-14 00:00:00,-0.0032428600275137276
2015-01-15 00:00:00,0.011387168679010573
2015-01-16 00:00:00,0.005526269860094413
2015-01-19 00:00:00,-0.047296657465037306
2015-01-20 00:00:00,0.03529978276892454
2015-01-21 00:00:00,0.031078487920744413
2015-01-22 00:00:00,0.010964023104193199
2015-01-23 00:00:00,-0.0036381899712902843
2015-01-26 00:00:00,0.025546077121533894
2015-01-27 00:00:00,0.008440803720885626
2015-01-28 00:00:00,0.0010705238018600127
2015-01-29 00:00:00,-0.010851180708229102
2015-01-30 00:00:00,-0.010475689584795167
2015-02-02 00:00:00,-0.01024042158896643
2015-02-03 00:00:00,0.01860765393460495
2015-02-04 00:00:00,-0.001692932732460073
2015-02-05 00:00:00,-0.010740342987798468
2015-02-06 00:00:00,-0.0178889584691303
2015-02-09 00:00:00,0.0002673698903206123
2015-02-10 00:00:00,0.005137871980763098
2015-02-11 00:00:00,0.009203545663588386
2015-02-12 00:00:00,0.0031225444786051604
2015-02-13 00:00:00,0.014926736108000771
2015-02-16 00:00:00,0.01766142959021022
2015-02-17 00:00:00,0.0029813717168734044
2015-02-25 00:00:00,0.002860834711379212
2015-02-26 00:00:00,0.009106360502497912
2015-02-27 00:00:00,0.005471787659568683
2015-03-02 00:00:00,0.021637808639653366
2015-03-03 00:00:00,0.00045058044221790716
2015-03-04 00:00:00,0.01327718156469504
2015-03-05 00:00:00,0.0036823160093959473
2015-03-06 00:00:00,0.0013053433326146724
2015-03-09 00:00:00,0.010635321437232337
2015-03-10 00:00:00,0.008017774038933334
2015-03-11 00:00:00,0.003186449532742497
2015-03-12 00:00:00,-0.004699422490877181
2015-03-13 00:00:00,0.009245665868112152
2015-03-16 00:00:00,0.024852495465258473
2015-03-17 00:00:00,0.01929684327148129
2015-03-18 00:00:00,0.018748919884777004
2015-03-19 00:00:00,0.0073795468061663705
2015-03-20 00:00:00,0.015269522652818113
2015-03-23 00:00:00,0.030866128742847332
2015-03-24 00:00:00,0.0004484037490084525
2015-03-25 00:00:00,-0.001868846164528537
2015-03-26 00:00:00,-0.012508241687117283
2015-03-27 00:00:00,0.0154561680234373
2015-03-30 00:00:00,0.006191681325172782
2015-03-31 00:00:00,-0.0029673233005073074
2015-04-01 00:00:00,0.01713573764788312
2015-04-02 00:00:00,0.014734770745288284
2015-04-03 00:00:00,0.019199418751267183
2015-04-07 00:00:00,0.017382934024814167
2015-04-08 00:00:00,0.0014396029361924967
2015-04-09 00:00:00,-0.0013170770824071365
2015-04-10 00:00:00,0.0234278351351902
2015-04-13 00:00:00,0.012218281136275877
2015-04-14 00:00:00,-0.0027172516852834727
2015-04-15 00:00:00,-0.016897694537882257
2015-04-16 00:00:00,0.013418208051004799
2015-04-17 00:00:00,0.0024398609670623905
2015-04-20 00:00:00,-0.007194958677466223
2015-04-21 00:00:00,0.01432831387828526
2015-04-22 00:00:00,0.017431112698899298
2015-04-23 00:00:00,0.007783041291013593
2015-04-24 00:00:00,-0.003588415941872869
2015-04-27 00:00:00,0.0011360439375529552
2015-04-28 00:00:00,-0.019285927016488458
2015-04-29 00:00:00,0.014176020433608105
2015-04-30 00:00:00,-0.00013964729376569895
2015-05-04 00:00:00,0.009612415756685033
2015-05-05 00:00:00,-0.015952800485807273
2015-05-06 00:00:00,-0.007910854691181357
2015-05-07 00:00:00,-0.01576179963330615
2015-05-08 00:00:00,0.011686452391072244
2015-05-11 00:00:00,0.014059918662200577
2015-05-12 00:00:00,0.006706324711623246
2015-05-13 00:00:00,0.009999657848557497
2015-05-14 00:00:00,0.0012927552887898042
2015-05-15 00:00:00,-0.004132097808986157
2015-05-18 00:00:00,0.003667942937723989
2015-05-19 00:00:00,0.010821120429079123
2015-05-20 00:00:00,0.005361040608890644
2015-05-21 00:00:00,0.00754614917403007
2015-05-22 00:00:00,0.012904460421962582
2015-05-25 00:00:00,0.011448370785753337
2015-05-26 00:00:00,0.009495386151218366
2015-05-27 00:00:00,0.018348590964428313
2015-05-28 00:00:00,-0.004351707389397053
2015-05-29 00:00:00,0.0008372872206645621
2015-06-01 00:00:00,0.010262177662782479
2015-06-02 00:00:00,0.006286095963059735
2015-06-03 00:00:00,0.000979544811056332
2015-06-04 00:00:00,0.002592850654779877
2015-06-05 00:00:00,0.003499804098082704
2015-06-08 00:00:00,0.0038513849327463934
2015-06-09 00:00:00,-0.00026392446625944643
2015-06-10 00:00:00,-0.0004347111991618302
2015-06-11 00:00:00,0.003911987220858837
2015-06-12 00:00:00,0.003220128682472456
2015-06-15 00:00:00,-0.0027205855475544993
2015-06-16 00:00:00,-0.008044984293894775
2015-06-17 00:00:00,0.003348796687805189
2015-06-18 00:00:00,-0.0047340730486938876
2015-06-19 00:00:00,-0.010916073433820506
2015-06-23 00:00:00,0.002597842500147607
2015-06-24 00:00:00,0.004239968903344105
2015-06-25 00:00:00,-0.005272985534443442
2015-06-26 00:00:00,-0.010889268623487158
2015-06-29 00:00:00,-0.0027335347246637554
2015-06-30 00:00:00,0.006819226240559528
2015-07-01 00:00:00,-0.006039968960126818
2015-07-02 00:00:00,-0.008975567887209213
2015-07-03 00:00:00,-0.00888832797336292
2015-07-06 00:00:00,-0.0049982098580027
2015-07-07 00:00:00,-0.006775959081313454
2015-07-08 00:00:00,-0.0052087205228871225
2015-07-09 00:00:00,0.006546328519749345
2015-07-10 00:00:00,0.005870895166912415
2015-07-13 00:00:00,0.006411908722969262
2015-07-14 00:00:00,-0.003640613472915888
2015-07-15 00:00:00,-0.006666437043499562
2015-07-16 00:00:00,0.001971976470416248
2015-07-17 00:00:00,0.0032657398894642142
2015-07-20 00:00:00,-0.0015178827114032956
2015-07-21 00:00:00,-0.0009947647583925523
2015-07-22 00:00:00,-0.0008175939986079239
2015-07-23 00:00:00,0.0030679303309411043
2015-07-24 00:00:00,-0.0026590003914015448
2015-07-27 00:00:00,-0.007792613080892741
2015-07-28 00:00:00,-0.001367899166296982
2015-07-29 00:00:00,0.002698723172522177
2015-07-30 00:00:00,-0.0013855934266298053
2015-07-31 00:00:00,0.00017407665428814667
2015-08-03 00:00:00,0.003683464684749005
2015-08-04 00:00:00,0.0025776932550176657
2015-08-05 00:00:00,-0.0018962856023173602
2015-08-06 00:00:00,0.00039189521518379067
2015-08-07 00:00:00,0.0025869707445658197
2015-08-10 00:00:00,0.004276110677851053
2015-08-11 00:00:00,-0.0008167369730137652
2015-08-12 00:00:00,-0.000576317173761276
2015-08-13 00:00:00,0.0016799872494355217
2015-08-14 00:00:00,0.0008608165394226042
2015-08-17 00:00:00,0.002590252277890004
2015-08-18 00:00:00,-0.006897411257174024
2015-08-19 00:00:00,-0.0013277913559601728
2015-08-20 00:00:00,-0.004024932979766138
2015-08-21 00:00:00,-0.009585296753066963
2015-08-24 00:00:00,-0.00989816321218917
2015-08-25 00:00:00,-0.008933896284233578
2015-08-26 00:00:00,-0.005071776382216897
2015-08-27 00:00:00,0.004275738965650033
2015-08-28 00:00:00,0.005777277488137056
2015-08-31 00:00:00,-0.004774607960742472
2015-09-01 00:00:00,-0.0034625607149988413
2015-09-02 00:00:00,-0.002640465986649909
2015-09-07 00:00:00,0.0009934118236871736
2015-09-08 00:00:00,0.004188584745288937
2015-09-09 00:00:00,0.003900311502613274
2015-09-10 00:00:00,-0.0025960241492537506
2015-09-11 00:00:00,0.0003714530804626026
2015-09-14 00:00:00,-0.009111694948838345
2015-09-15 00:00:00,-0.008682946275078929
2015-09-16 00:00:00,0.013096242989555806
2015-09-17 00:00:00,-0.003597914762867971
2015-09-18 00:00:00,0.006253901033256515
2015-09-21 00:00:00,0.009554727654514261
2015-09-22 00:00:00,0.002491760788351005
2015-09-23 00:00:00,-0.014105756101145728
2015-09-24 00:00:00,0.014503492535578921
2015-09-25 00:00:00,-0.02602960176464153
2015-09-28 00:00:00,0.011941569654708495
2015-09-29 00:00:00,-0.015808825930900272
2015-09-30 00:00:00,0.007757294793399261
2015-10-08 00:00:00,0.03662447682001324
2015-10-09 00:00:00,0.015286954100432792
2015-10-12 00:00:00,0.043736394569193315
2015-10-13 00:00:00,0.011308239532751285
2015-10-14 00:00:00,-0.014628275611454189
2015-10-15 00:00:00,0.030647676485048292
2015-10-16 00:00:00,0.013601059926569903
2015-10-19 00:00:00,-0.0005556630322008926
2015-10-20 00:00:00,0.018982170809109133
2015-10-21 00:00:00,-0.06947245443596739
2015-10-22 00:00:00,0.03698537728761231
2015-10-23 00:00:00,0.034923887891745053
2015-10-26 00:00:00,0.012092645907740174
2015-10-27 00:00:00,0.005952996564268842
2015-10-28 00:00:00,-0.01594634308703413
2015-10-29 00:00:00,0.011531139806443047
2015-10-30 00:00:00,-5.2142860945014746e-05
2015-11-02 00:00:00,-0.015464226952340177
2015-11-03 00:00:00,0.005524450681954063
2015-11-04 00:00:00,0.04716020396303189
2015-11-05 00:00:00,0.00365191665075959
2015-11-06 00:00:00,0.029056649226960607
2015-11-09 00:00:00,0.016289941681577602
2015-11-10 00:00:00,0.005677100125030643
2015-11-11 00:00:00,0.01927940259111649
2015-11-12 00:00:00,0.003609076808549494
2015-11-13 00:00:00,-0.01945473405621767
2015-11-16 00:00:00,0.021229303147713985
2015-11-17 00:00:00,-0.0016859365711309193
2015-11-18 00:00:00,-0.016883764206762297
2015-11-19 00:00:00,0.0237628212600125
2015-11-20 00:00:00,0.012203829556926449
2015-11-23 00:00:00,-0.00544058383379975
2015-11-24 00:00:00,0.00971384477330517
2015-11-25 00:00:00,0.012353509759023051
2015-11-26 00:00:00,-0.0027798449851552665
2015-11-27 00:00:00,-0.07230410371528362
2015-11-30 00:00:00,0.008323575713485187
2015-12-01 00:00:00,0.013330429095643304
2015-12-02 00:00:00,-0.0020718060911432135
2015-12-03 00:00:00,0.025812804672889378
2015-12-04 00:00:00,-0.0026292063148647404
2015-12-07 00:00:00,0.014232964935143588
2015-12-08 00:00:00,-0.02514223405378313
2015-12-09 00:00:00,-0.007672902363067169
2015-12-10 00:00:00,-0.007190304400015557
2015-12-11 00:00:00,-0.006163959032464805
2015-12-14 00:00:00,0.024408365855361547
2015-12-15 00:00:00,0.006697167080635502
2015-12-16 00:00:00,0.009469826156343064
2015-12-17 00:00:00,0.02618844749132787
2015-12-18 00:00:00,-0.0035116430927210063
2015-12-21 00:00:00,0.019584911009038475
2015-12-22 00:00:00,0.010947180772270304
2015-12-23 00:00:00,-0.011624807141687676
2015-12-24 00:00:00,-0.004701788749672309
2015-12-25 00:00:00,0.012482475309342211
2015-12-28 00:00:00,-0.02147028969230458
2015-12-29 00:00:00,0.01521574292279948
2015-12-30 00:00:00,0.007985335205740407
2015-12-31 00:00:00,-0.010864488540747952
2016-01-04 00:00:00,-0.08341661523036115
2016-01-05 00:00:00,-0.018145682607008107
2016-01-06 00:00:00,0.03161655682443354
2016-01-07 00:00:00,-0.08660416664849746
2016-01-08 00:00:00,0.024141607221553008
2016-01-11 00:00:00,-0.06478935843446254
2016-01-12 00:00:00,-0.0034567135226177825
2016-01-13 00:00:00,-0.03485765299874599
2016-01-14 00:00:00,0.03113843422832807
2016-01-15 00:00:00,-0.04255874057539932
2016-01-18 00:00:00,0.015884071057382654
2016-01-19 00:00:00,0.0361030849216144
2016-01-20 00:00:00,-0.0067756388817994395
2016-01-21 00:00:00,-0.035999997480867685
2016-01-22 00:00:00,0.01786105720016118
2016-01-25 00:00:00,0.013545951688465507
2016-01-26 00:00:00,-0.07548244583796127
2016-01-27 00:00:00,-0.011172130688515858
2016-01-28 00:00:00,-0.04016980320505614
2016-01-29 00:00:00,0.03289579050562441
2016-02-01 00:00:00,-0.011396918573652437
2016-02-02 00:00:00,0.03336393623163203
2016-02-03 00:00:00,0.005891658707441572
2016-02-04 00:00:00,0.02142225442123924
2016-02-05 00:00:00,-0.01126419464291839
2016-02-15 00:00:00,-0.002049820901327548
2016-02-16 00:00:00,0.04047636887122841
2016-02-17 00:00:00,0.008857882091097613
2016-02-18 00:00:00,-0.0019163180938297497
2016-02-19 00:00:00,0.0027474409933807564
2016-02-22 00:00:00,0.023760362684291936
2016-02-23 00:00:00,0.002955944145351719
2016-02-24 00:00:00,0.0049015186125487276
2016-02-25 00:00:00,-0.08573986717263093
2016-02-26 00:00:00,0.006144619601171852
2016-02-29 00:00:00,-0.04948535983069524
2016-03-01 00:00:00,0.022854327808797592
2016-03-02 00:00:00,0.05298036706188203
2016-03-03 00:00:00,0.00516031053596766
2016-03-04 00:00:00,-0.025749729069935667
2016-03-07 00:00:00,0.02598067244458746
2016-03-08 00:00:00,0.009244370390119494
2016-03-09 00:00:00,-0.025469511718304028
2016-03-10 00:00:00,-0.018504897007044274
2016-03-11 00:00:00,0.005492095110258832
2016-03-14 00:00:00,0.031710718548789485
2016-03-15 00:00:00,-0.004474369176397763
2016-03-16 00:00:00,-0.013258161832740534
2016-03-17 00:00:00,0.028813068964263833
2016-03-18 00:00:00,0.029878397387662625
2016-03-21 00:00:00,0.023922246162081162
2016-03-22 00:00:00,-0.003883730440116362
2016-03-23 00:00:00,0.007379423888116854
2016-03-24 00:00:00,-0.013168869178044829
2016-03-25 00:00:00,0.00888859488631244
2016-03-28 00:00:00,0.0027283923271266275
2016-03-29 00:00:00,-0.02030312900815312
2016-03-30 00:00:00,0.033790303760429685
2016-03-31 00:00:00,0.0023773664034063557
2016-04-01 00:00:00,0.006430350178050492
2016-04-05 00:00:00,0.025119258668157896
2016-04-06 00:00:00,0.005490580497121034
2016-04-07 00:00:00,-0.014826108965341867
2016-04-08 00:00:00,-0.012259060016766243
2016-04-11 00:00:00,0.02426609672669655
2016-04-12 00:00:00,9.234642305488983e-05
2016-04-13 00:00:00,0.018567056016762562
2016-04-14 00:00:00,0.01061810179733591
2016-04-15 00:00:00,-0.0005161687306662888
2016-04-18 00:00:00,-0.01036176544113232
2016-04-19 00:00:00,-0.000324630997189046
2016-04-20 00:00:00,-0.04339425563145616
2016-04-21 00:00:00,-0.006271540092493755
2016-04-22 00:00:00,0.00866305118331101
2016-04-25 00:00:00,-0.0013046752845986553
2016-04-26 00:00:00,0.012538890007843584
2016-04-27 00:00:00,-0.001586798552407287
2016-04-28 00:00:00,-0.0034651065633451994
2016-04-29 00:00:00,0.0027751968704563534
2016-05-03 00:00:00,0.02934281377210124
2016-05-04 00:00:00,0.0022092335395662577
2016-05-05 00:00:00,0.00898179693065293
2016-05-06 00:00:00,-0.044579432930349605
2016-05-09 00:00:00,-0.04508924863875874
2016-05-10 00:00:00,0.0022256061784458048
2016-05-11 00:00:00,-0.0027845922234903675
2016-05-12 00:00:00,-0.010278006598637757
2016-05-13 00:00:00,0.0005898025138662
2016-05-16 00:00:00,0.014972777923660141
2016-05-17 00:00:00,-0.0031279610848472528
2016-05-18 00:00:00,-0.03385961538152049
2016-05-19 00:00:00,0.004636280960764294
2016-05-20 00:00:00,0.014474164870354356
2016-05-23 00:00:00,0.01247098666603108
2016-05-24 00:00:00,-0.007784130413063806
2016-05-25 00:00:00,-0.0008212574748353019
2016-05-26 00:00:00,0.0008854187506681654
2016-05-27 00:00:00,-0.0009202501582885603
2016-05-30 00:00:00,-0.002823177967445023
2016-05-31 00:00:00,0.034323689032658145
2016-06-01 00:00:00,0.004365328957222969
2016-06-02 00:00:00,0.008998565004299408
2016-06-03 00:00:00,0.0032449188619787517
2016-06-06 00:00:00,0.001953172065744413
2016-06-07 00:00:00,0.0026997463489026874
2016-06-08 00:00:00,-0.00034541654072761663
2016-06-13 00:00:00,-0.04339142912255756
2016-06-14 00:00:00,0.008133641739951125
2016-06-15 00:00:00,0.025909208119678118
2016-06-16 00:00:00,-0.0001483096470371592
2016-06-17 00:00:00,0.01011405282339184
2016-06-20 00:00:00,0.004918187911523875
2016-06-21 00:00:00,-0.0021115880350933702
2016-06-22 00:00:00,0.021691731763867628
2016-06-23 00:00:00,-0.008611467187941257
2016-06-24 00:00:00,-0.011607660220699145
2016-06-27 00:00:00,0.01970325373906534
2016-06-28 00:00:00,0.006322668255382302
2016-06-29 00:00:00,0.005818108039543635
2016-06-30 00:00:00,0.0031175142731003636
2016-07-01 00:00:00,-0.00500203070955707
2016-07-04 00:00:00,0.019257506261814772
2016-07-05 00:00:00,0.008437588635505033
2016-07-06 00:00:00,0.011961937687893442
2016-07-07 00:00:00,0.002758731700869488
2016-07-08 00:00:00,-0.005941573689408619
2016-07-11 00:00:00,0.004772302572063625
2016-07-12 00:00:00,0.014709465075367412
2016-07-13 00:00:00,-0.001213035203496915
2016-07-14 00:00:00,0.0022122112581302034
2016-07-15 00:00:00,-0.0015224846170214246
2016-07-18 00:00:00,-0.0015726881606338283
2016-07-19 00:00:00,0.002480530659288327
2016-07-20 00:00:00,-0.0005107038211104031
2016-07-21 00:00:00,0.0020277121147231902
2016-07-22 00:00:00,-0.003448147061464013
2016-07-25 00:00:00,0.0016243962689290736
2016-07-26 00:00:00,0.014174191327662289
2016-07-27 00:00:00,-0.038121646651898544
2016-07-28 00:00:00,0.005852183484506446
2016-07-29 00:00:00,-0.00351338057823114
2016-08-01 00:00:00,-0.014659453290982394
2016-08-02 00:00:00,0.009023103723063475
2016-08-03 00:00:00,0.005158782713148735
2016-08-04 00:00:00,0.0020543562275772143
2016-08-05 00:00:00,-0.0026720117628511453
2016-08-08 00:00:00,0.014261147588287892
2016-08-09 00:00:00,0.0074043426380427935
2016-08-10 00:00:00,-0.003908082841604821
2016-08-11 00:00:00,-0.013956931997560429
2016-08-12 00:00:00,0.012151638530896403
2016-08-15 00:00:00,0.01951015329713801
2016-08-16 00:00:00,0.005812097782368353
2016-08-17 00:00:00,0.0024204793967905758
2016-08-18 00:00:00,-0.0029476556169084622
2016-08-19 00:00:00,4.9903899138614705e-05
2016-08-22 00:00:00,-0.007407178653698665
2016-08-23 00:00:00,-0.001173861185597036
2016-08-24 00:00:00,0.0015743454526497835
2016-08-25 00:00:00,-0.0007972377715214085
2016-08-26 00:00:00,0.004463975861996428
2016-08-29 00:00:00,0.004438211192184349
2016-08-30 00:00:00,-0.00093564625341791
2016-08-31 00:00:00,0.002351068879443474
2016-09-01 00:00:00,-0.00820996493823234
2016-09-02 00:00:00,-0.0004376583118578248
2016-09-05 00:00:00,0.010192150046559822
2016-09-06 00:00:00,0.011757178224552467
2016-09-07 00:00:00,0.002846140049684198
2016-09-08 00:00:00,0.00544207879173686
2016-09-09 00:00:00,-0.006458320165929177
2016-09-12 00:00:00,-0.025327628171375793
2016-09-13 00:00:00,0.0032278704744497233
2016-09-14 00:00:00,-0.0029583818392187045
2016-09-19 00:00:00,0.010757335167421944
2016-09-20 00:00:00,0.001591766744004408
2016-09-21 00:00:00,0.004265518225271103
2016-09-22 00:00:00,0.007731102961733072
2016-09-23 00:00:00,0.00022816171895256865
2016-09-26 00:00:00,-0.020835702857535887
2016-09-27 00:00:00,0.008118989352790429
2016-09-28 00:00:00,-0.0023336441414556486
2016-09-29 00:00:00,0.007111508644310538
2016-09-30 00:00:00,0.004243608548391897
2016-10-10 00:00:00,0.016977347181355684
2016-10-11 00:00:00,0.006487737912289182
2016-10-12 00:00:00,0.0009468216249466366
2016-10-13 00:00:00,0.003247401623771351
2016-10-14 00:00:00,-0.0026338020696717868
2016-10-17 00:00:00,-0.00838865010440848
2016-10-18 00:00:00,0.01809067906594386
2016-10-19 00:00:00,0.0036289804702680506
2016-10-20 00:00:00,0.003539716209236099
2016-10-21 00:00:00,-0.0009367977790053494
2016-10-24 00:00:00,0.010170568488209186
2016-10-25 00:00:00,0.0077373154676041445
2016-10-26 00:00:00,-0.0008738237172841723
2016-10-27 00:00:00,-0.0012282822082834155
2016-10-28 00:00:00,-0.008506261330354037
2016-10-31 00:00:00,0.0026599881217501675
2016-11-01 00:00:00,0.009326328900054248
2016-11-02 00:00:00,-0.008275960919818748
2016-11-03 00:00:00,0.006609849822458713
2016-11-04 00:00:00,0.000899570369684799
2016-11-07 00:00:00,0.01090704690161659
2016-11-08 00:00:00,0.00852513316974246
2016-11-09 00:00:00,-0.002241799553349355
2016-11-10 00:00:00,0.01778509513249782
2016-11-11 00:00:00,0.011998869411007362
2016-11-14 00:00:00,0.008364074836749946
2016-11-15 00:00:00,-0.0008320508601347143
2016-11-16 00:00:00,-0.002452064283940958
2016-11-17 00:00:00,-0.00041370407003060716
2016-11-18 00:00:00,-0.006321355381960325
2016-11-21 00:00:00,0.00486682953097306
2016-11-22 00:00:00,0.013353458714538524
2016-11-23 00:00:00,-0.006365199910782771
2016-11-24 00:00:00,0.0012038868818893267
2016-11-25 00:00:00,0.00494109911297147
2016-11-28 00:00:00,0.004593160087746018
2016-11-29 00:00:00,-0.005391033171926463
2016-11-30 00:00:00,-0.013388090463318014
2016-12-01 00:00:00,0.005537584534986761
2016-12-02 00:00:00,-0.01885622167497325
2016-12-05 00:00:00,-0.006304908670255571
2016-12-06 00:00:00,0.002105447036687691
2016-12-07 00:00:00,0.015768516943656774
2016-12-08 00:00:00,-0.004348106641307803
2016-12-09 00:00:00,-0.0012882399481692897
2016-12-12 00:00:00,-0.035991491181606716
2016-12-13 00:00:00,0.009927504057029468
2016-12-14 00:00:00,-0.0006330874584105084
2016-12-15 00:00:00,0.005982195363316567
2016-12-16 00:00:00,0.005838968479976447
2016-12-19 00:00:00,0.004238709115686801
2016-12-20 00:00:00,-0.00308062166741474
2016-12-21 00:00:00,0.006542809548864437
2016-12-22 00:00:00,-0.0033745876179165357
2016-12-23 00:00:00,-0.012724096291183318
2016-12-26 00:00:00,-0.0008226735274888819
2016-12-27 00:00:00,0.0023093760836643273
2016-12-28 00:00:00,0.0012361776953375703
2016-12-29 00:00:00,-0.003791115426622138
2016-12-30 00:00:00,0.0029782958210160526
2017-01-03 00:00:00,0.013386265016280818
2017-01-04 00:00:00,0.010676764955963147
2017-01-05 00:00:00,0.0023533191541742493
2017-01-06 00:00:00,-0.005259233580910183
2017-01-09 00:00:00,0.012617228088600552
2017-01-10 00:00:00,-0.0034362620340205874
2017-01-11 00:00:00,-0.009907552334435077
2017-01-12 00:00:00,-0.010975536601205538
2017-01-13 00:00:00,-0.01473970903518651
2017-01-16 00:00:00,-0.024271216801184936
2017-01-17 00:00:00,0.004360239393827792
2017-01-18 00:00:00,0.0007045842629262999
2017-01-19 00:00:00,-0.0040930327239552255
2017-01-20 00:00:00,0.012066273513771986
2017-01-23 00:00:00,0.01227567241458738
2017-01-24 00:00:00,0.0009670553517555636
2017-01-25 00:00:00,0.0025685646431494735
2017-01-26 00:00:00,0.009473784161127874
2017-02-03 00:00:00,-0.005890980049248817
2017-02-06 00:00:00,0.008988849700547696
2017-02-07 00:00:00,-0.0003616221609213932
2017-02-08 00:00:00,0.0051336650718629695
2017-02-09 00:00:00,0.007344937624860437
2017-02-10 00:00:00,0.005725098503264636
2017-02-13 00:00:00,0.006988509645075247
2017-02-14 00:00:00,0.0031104125842533747
2017-02-15 00:00:00,-0.011416801454329661
2017-02-16 00:00:00,0.008259856605652205
2017-02-17 00:00:00,-0.007248291246517602
2017-02-20 00:00:00,0.015123152309879373
2017-02-21 00:00:00,0.0024548219249971304
2017-02-22 00:00:00,0.00418739920771527
2017-02-23 00:00:00,-0.002990834579771229
2017-02-24 00:00:00,-0.0018979018765141742
2017-02-27 00:00:00,-0.009097156030772546
2017-02-28 00:00:00,0.004765431197655712
2017-03-01 00:00:00,0.0038426172144869764
2017-03-02 00:00:00,-0.004531479438797947
2017-03-03 00:00:00,-0.00034487109070968636
2017-03-06 00:00:00,0.008227945200235176
2017-03-07 00:00:00,0.0007704732142967963
2017-03-08 00:00:00,-0.006190878875436234
2017-03-09 00:00:00,-0.00976334916274535
2017-03-10 00:00:00,-0.0013738405012883037
2017-03-13 00:00:00,0.006485016157118828
2017-03-14 00:00:00,-0.0007590695283687943
2017-03-15 00:00:00,0.001141299582997135
2017-03-16 00:00:00,0.00970971131789633
2017-03-17 00:00:00,-0.00923489553348178
2017-03-20 00:00:00,0.004579633433999586
2017-03-21 00:00:00,0.0007368474106304035
2017-03-22 00:00:00,-0.004529229912620392
2017-03-23 00:00:00,-0.0009020298779516267
2017-03-24 00:00:00,0.0025344102858566586
2017-03-27 00:00:00,-0.0054536679542861455
2017-03-28 00:00:00,-0.0049363863777959205
2017-03-29 00:00:00,-0.004102901474853482
2017-03-30 00:00:00,-0.012282431549305306
2017-03-31 00:00:00,0.0021645508787746515
2017-04-05 00:00:00,0.022362554630406484
2017-04-06 00:00:00,0.0030112602324074977
2017-04-07 00:00:00,-0.003482146389851115
2017-04-10 00:00:00,0.0007776196950814995
2017-04-11 00:00:00,0.014697787323273204
2017-04-12 00:00:00,-0.013687267230076627
2017-04-13 00:00:00,0.005690568571901089
2017-04-14 00:00:00,-0.01146483990754621
2017-04-17 00:00:00,-0.011225994183363674
2017-04-18 00:00:00,-0.00430037021665286
2017-04-19 00:00:00,-0.016685729872011335
2017-04-20 00:00:00,-0.002899409168616973
2017-04-21 00:00:00,-0.0035212186055085803
2017-04-24 00:00:00,-0.026963368894674544
2017-04-25 00:00:00,0.002487563807664017
2017-04-26 00:00:00,0.001772463260699908
2017-04-27 00:00:00,0.0009347119095119982
2017-04-28 00:00:00,0.0025943890094781707
2017-05-02 00:00:00,0.0004392147207818997
2017-05-03 00:00:00,-0.0006066787608324242
2017-05-04 00:00:00,-0.001075201107074819
2017-05-05 00:00:00,-0.01331124430891728
2017-05-08 00:00:00,-0.017480635198204864
2017-05-09 00:00:00,0.0065528397863794385
2017-05-10 00:00:00,-0.018163926982200373
2017-05-11 00:00:00,-0.005937070810421274
2017-05-12 00:00:00,0.00038810926703702897
2017-05-15 00:00:00,9.274634264722081e-05
2017-05-16 00:00:00,0.015036347645049686
2017-05-17 00:00:00,0.004433868914807126
2017-05-18 00:00:00,-0.005418699844608743
2017-05-19 00:00:00,-0.0007412119484047075
2017-05-22 00:00:00,-0.01824557304380947
2017-05-23 00:00:00,-0.021369808843563987
2017-05-24 00:00:00,0.00010022926847086389
2017-05-25 00:00:00,0.007907388751767552
2017-05-26 00:00:00,0.0037516922074829484
2017-05-31 00:00:00,0.008459399233845533
2017-06-01 00:00:00,-0.0149897637388553
2017-06-02 00:00:00,0.007529681304520031
2017-06-05 00:00:00,0.005854250122902416
2017-06-06 00:00:00,0.006010471698718156
2017-06-07 00:00:00,0.015976249018021527
2017-06-08 00:00:00,-0.0010596345622372327
2017-06-09 00:00:00,0.002545341018437508
2017-06-12 00:00:00,-0.003467288846861427
2017-06-13 00:00:00,0.01003750008832971
2017-06-14 00:00:00,-0.0022988297642035915
2017-06-15 00:00:00,0.005114968822286681
2017-06-16 00:00:00,-0.003929485832895652
2017-06-19 00:00:00,0.004311062238828267
2017-06-20 00:00:00,-0.0003492796728794545
2017-06-21 00:00:00,0.0040503771345494766
2017-06-22 00:00:00,-0.012210773080413073
2017-06-23 00:00:00,0.0023908585477585564
2017-06-26 00:00:00,0.013060541317947427
2017-06-27 00:00:00,0.00698574655456663
2017-06-28 00:00:00,-0.00502551584185118
2017-06-29 00:00:00,0.004136057821259254
2017-06-30 00:00:00,0.0030762441322036427
2017-07-03 00:00:00,0.006111164915981737
2017-07-04 00:00:00,-0.0032522425792185228
2017-07-05 00:00:00,0.005055161558926713
2017-07-06 00:00:00,0.001859428165485788
2017-07-07 00:00:00,0.0073418417439263806
2017-07-10 00:00:00,4.8251853961289726e-06
2017-07-11 00:00:00,-0.009461817877428724
2017-07-12 00:00:00,-0.0012565498657314267
2017-07-13 00:00:00,0.005976611434933332
2017-07-14 00:00:00,0.000767014251144893
2017-07-17 00:00:00,-0.026436722821411185
2017-07-18 00:00:00,0.012439259591044083
2017-07-19 00:00:00,0.018073475896863256
2017-07-20 00:00:00,0.005959368244953023
2017-07-21 00:00:00,0.003822593189899637
2017-07-24 00:00:00,0.0053362219870791705
2017-07-25 00:00:00,-0.002584963083552938
2017-07-26 00:00:00,0.003300383921971406
2017-07-27 00:00:00,1.7454565527152965e-05
2017-07-28 00:00:00,0.005259243699158089
2017-07-31 00:00:00,0.013801604328988581
2017-08-01 00:00:00,-0.004335389589397165
2017-08-02 00:00:00,-0.0004202535211554892
2017-08-03 00:00:00,0.0008854944354783623
2017-08-04 00:00:00,-0.0022503199438761445
2017-08-07 00:00:00,0.007915101744354391
2017-08-08 00:00:00,0.0017093763239430793
2017-08-09 00:00:00,0.00864118429116223
2017-08-10 00:00:00,-0.0068643308200081465
2017-08-11 00:00:00,-0.01938415691791373
2017-08-14 00:00:00,0.010766554174483023
2017-08-15 00:00:00,0.002720254200879735
2017-08-16 00:00:00,-0.0020657351161381676
2017-08-17 00:00:00,0.006368640646524204
2017-08-18 00:00:00,-0.000658969739547044
2017-08-21 00:00:00,0.004375710034912661
2017-08-22 00:00:00,-0.005830604406801498
2017-08-23 00:00:00,-0.007758940853240581
2017-08-24 00:00:00,-0.002905442520128809
2017-08-25 00:00:00,0.007740070124804488
2017-08-28 00:00:00,0.006794445917400749
2017-08-29 00:00:00,-0.00018001583816174005
2017-08-30 00:00:00,0.005552439482710891
2017-08-31 00:00:00,0.001427878270985783
2017-09-01 00:00:00,0.008839004454315624
2017-09-04 00:00:00,0.0019605971513252385
2017-09-05 00:00:00,-0.002995805749374525
2017-09-06 00:00:00,0.002202038131745132
2017-09-07 00:00:00,-0.005080935381734597
2017-09-08 00:00:00,0.0018097140246489118
2017-09-11 00:00:00,0.006186908228440036
2017-09-12 00:00:00,0.005114966887162176
2017-09-13 00:00:00,0.005892744221239532
2017-09-14 00:00:00,-0.004023857104491602
2017-09-15 00:00:00,-0.007462280582258063
2017-09-18 00:00:00,0.009370683699949423
2017-09-19 00:00:00,-0.004488961402285607
2017-09-20 00:00:00,0.008248133070554164
2017-09-21 00:00:00,-0.008887749502197173
2017-09-22 00:00:00,-0.005114615256076704
2017-09-25 00:00:00,-0.009658527494653346
2017-09-26 00:00:00,0.004948651678380767
2017-09-27 00:00:00,0.00508240173320007
2017-09-28 00:00:00,-0.0016726716076536086
2017-09-29 00:00:00,0.0032600410484484588
2017-10-09 00:00:00,0.006884639940182069
2017-10-10 00:00:00,0.0014041619025619845
2017-10-11 00:00:00,0.0031123419992109547
2017-10-12 00:00:00,-0.005799255319898555
2017-10-13 00:00:00,0.0022978438137619683
2017-10-16 00:00:00,-0.008566499580754061
2017-10-17 00:00:00,0.00022402909698526763
2017-10-18 00:00:00,-0.008404754034191053
2017-10-19 00:00:00,-0.010097519646164899
2017-10-20 00:00:00,0.006140458043191854
2017-10-23 00:00:00,0.0037623940897895114
2017-10-24 00:00:00,-0.00021370380824492496
2017-10-25 00:00:00,0.004900327443630781
2017-10-26 00:00:00,0.0020047181913571688
2017-10-27 00:00:00,-0.003599885587878049
2017-10-30 00:00:00,-0.017339701352435122
2017-10-31 00:00:00,0.002126290736121028
2017-11-01 00:00:00,-0.0004062191135694171
2017-11-02 00:00:00,-0.008652738599412513
2017-11-03 00:00:00,-0.004224024198090648
2017-11-06 00:00:00,0.004901114869320766
2017-11-07 00:00:00,0.0035112783724793317
2017-11-08 00:00:00,0.0013534278955205092
2017-11-09 00:00:00,0.002618992944232401
2017-11-10 00:00:00,0.00012457446518743254
2017-11-13 00:00:00,-0.0018109739935997515
2017-11-14 00:00:00,-0.002503454996841792
2017-11-15 00:00:00,-0.005923914293858856
2017-11-16 00:00:00,0.0009990375213924096
2017-11-17 00:00:00,-0.0189275335756508
2017-11-20 00:00:00,0.004217717795700571
2017-11-21 00:00:00,-0.0015099892034615703
2017-11-22 00:00:00,-4.507671429687665e-05
2017-11-23 00:00:00,-0.017332921859214756
2017-11-24 00:00:00,-0.00034276926062937196
2017-11-27 00:00:00,-0.006319541254413696
2017-11-28 00:00:00,0.011281980697688931
2017-11-29 00:00:00,0.007563078471209073
2017-11-30 00:00:00,-0.0033018123891045414
2017-12-01 00:00:00,0.003265006310854801
2017-12-04 00:00:00,-0.00518382829726205
2017-12-05 00:00:00,-0.016400416356342484
2017-12-06 00:00:00,0.005352803534407258
2017-12-07 00:00:00,-0.0036176219112710184
2017-12-08 00:00:00,0.009318494128061072
2017-12-11 00:00:00,0.008364210002289374
2017-12-12 00:00:00,-0.014329475932460034
2017-12-13 00:00:00,0.006074429007497439
2017-12-14 00:00:00,-2.8234482566835695e-05
2017-12-15 00:00:00,-0.004334256925089375
2017-12-18 00:00:00,0.0003623806067531987
2017-12-19 00:00:00,0.006070661814820522
2017-12-20 00:00:00,-0.011726077635896948
2017-12-21 00:00:00,-0.0006769213894290971
2017-12-22 00:00:00,0.0007153455237622897
2017-12-25 00:00:00,-0.012085624773555681
2017-12-26 00:00:00,0.011077037639741105
2017-12-27 00:00:00,-0.005382086722972135
2017-12-28 00:00:00,0.005056713672373148
2017-12-29 00:00:00,0.00861979170587479
2018-01-02 00:00:00,0.013560755233385846
2018-01-03 00:00:00,0.007220835921086133
2018-01-04 00:00:00,0.0023096277957581623
2018-01-05 00:00:00,-0.00039964236109435447
2018-01-08 00:00:00,0.003364614842993774
2018-01-09 00:00:00,-0.00022675380774894727
2018-01-10 00:00:00,-0.0036837993243693523
2018-01-11 00:00:00,0.003827451848614105
2018-01-12 00:00:00,-0.007756599754402127
2018-01-15 00:00:00,-0.021231669619390492
2018-01-16 00:00:00,0.00606930336193412
2018-01-17 00:00:00,-0.001186928156145961
2018-01-18 00:00:00,0.004955044105602546
2018-01-19 00:00:00,-0.0006853768246211089
2018-01-22 00:00:00,0.005942420217123878
2018-01-23 00:00:00,0.002177948912214678
2018-01-24 00:00:00,0.0005279929180028731
2018-01-25 00:00:00,-0.0001659769105885056
2018-01-26 00:00:00,-0.0008190932074825241
2018-01-29 00:00:00,-0.011084663294252173
2018-01-30 00:00:00,-0.00039120787399160584
2018-01-31 00:00:00,-0.01999521215508837
2018-02-01 00:00:00,-0.038803494017092044
2018-02-02 00:00:00,-0.003337150661560817
2018-02-05 00:00:00,0.004470457275113082
2018-02-06 00:00:00,-0.04363281170914568
2018-02-07 00:00:00,0.00014265805254476405
2018-02-08 00:00:00,0.003828956776003256
2018-02-09 00:00:00,-0.028859070489500094
2018-02-12 00:00:00,0.016934993131979992
2018-02-13 00:00:00,0.00248797366942477
2018-02-14 00:00:00,0.005081498979667032
2018-02-22 00:00:00,0.018695989141774394
2018-02-23 00:00:00,0.005389432946459216
2018-02-26 00:00:00,0.020602295663184167
2018-02-27 00:00:00,-0.0012835531192285643
2018-02-28 00:00:00,-0.0005858578205767406
2018-03-01 00:00:00,0.013446411681251824
2018-03-02 00:00:00,-0.003731652242626504
2018-03-05 00:00:00,0.002710232618892583
2018-03-06 00:00:00,0.014880990663861171
2018-03-07 00:00:00,-0.00620752466518848
2018-03-08 00:00:00,0.004910586753667845
2018-03-09 00:00:00,0.010193854466944874
2018-03-12 00:00:00,0.013767286751362295
2018-03-13 00:00:00,-0.005215993568198574
2018-03-14 00:00:00,-0.005451757106456401
2018-03-15 00:00:00,-0.007657897685903858
2018-03-16 00:00:00,-0.0004124396746658654
2018-03-19 00:00:00,0.00041351399590716653
2018-03-20 00:00:00,-0.0007038602114203263
2018-03-21 00:00:00,-0.005461180740386151
2018-03-22 00:00:00,0.0018762127753508828
2018-03-23 00:00:00,-0.0520354272932404
2018-03-26 00:00:00,0.0063175565996931304
2018-03-27 00:00:00,0.021288753838398122
2018-03-28 00:00:00,-0.008279595176996501
2018-03-29 00:00:00,0.01231966559401143
2018-03-30 00:00:00,0.011944253521587012
2018-04-02 00:00:00,0.0028862018906734566
2018-04-03 00:00:00,-0.007072738610201079
2018-04-04 00:00:00,0.0005703338870730601
2018-04-09 00:00:00,-0.00031691092304497737
2018-04-10 00:00:00,0.0032839535776907347
2018-04-11 00:00:00,0.008965123683772003
2018-04-12 00:00:00,-0.0056620476695924404
2018-04-13 00:00:00,-0.0009108033892212264
2018-04-16 00:00:00,-0.014578714944580295
2018-04-17 00:00:00,-0.019104919393325703
2018-04-18 00:00:00,0.00842165392407801
2018-04-19 00:00:00,0.004203638173954749
2018-04-20 00:00:00,-0.02272552064649136
2018-04-23 00:00:00,-0.0038260690777338624
2018-04-24 00:00:00,0.021267586885993728
2018-04-25 00:00:00,0.0032186366773963027
2018-04-26 00:00:00,-0.015051412738914749
2018-04-27 00:00:00,0.003007466435631656
2018-05-02 00:00:00,-0.001848008875279139
2018-05-03 00:00:00,0.010216336958641214
2018-05-04 00:00:00,0.0014604818920807006
2018-05-07 00:00:00,0.01848725348894953
2018-05-08 00:00:00,0.008323453224821309
2018-05-09 00:00:00,0.002391918254698533
2018-05-10 00:00:00,0.005506951136605265
2018-05-11 00:00:00,-0.010480560408466233
2018-05-14 00:00:00,-0.00864481533781436
2018-05-15 00:00:00,0.01422166735489272
2018-05-16 00:00:00,-0.0015297421854922888
2018-05-17 00:00:00,-0.0043261460052609335
2018-05-18 00:00:00,0.009492363944373805
2018-05-21 00:00:00,0.013051288970813202
2018-05-22 00:00:00,0.0017624674072540536
2018-05-23 00:00:00,-0.011082587628059026
2018-05-24 00:00:00,-0.0032706623750164976
2018-05-25 00:00:00,-0.0044345393715573556
2018-05-28 00:00:00,-0.007567947742881498
2018-05-29 00:00:00,-0.007888341123010734
2018-05-30 00:00:00,-0.03848706120181511
2018-05-31 00:00:00,0.016710424182467598
2018-06-01 00:00:00,-0.010386654800135786
2018-06-04 00:00:00,0.0020849818566928136
2018-06-05 00:00:00,0.012908987830586582
2018-06-06 00:00:00,0.0006313756545468507
2018-06-07 00:00:00,-0.008382318288174817
2018-06-08 00:00:00,-0.007806447840398967
2018-06-11 00:00:00,-0.004153197448688362
2018-06-12 00:00:00,0.010241767662354073
2018-06-13 00:00:00,-0.016802101088969734
2018-06-14 00:00:00,-0.007553142003375868
2018-06-15 00:00:00,-0.02051955239458736
2018-06-19 00:00:00,-0.06226186820416524
2018-06-20 00:00:00,0.01306540664921485
2018-06-21 00:00:00,-0.015715206578051588
2018-06-22 00:00:00,0.010263971952935158
2018-06-25 00:00:00,-0.0018867657221363077
2018-06-26 00:00:00,0.007559135426057795
2018-06-27 00:00:00,-0.0065937405222193934
2018-06-28 00:00:00,-0.01433163001854354
2018-06-29 00:00:00,0.025846610022270733
2018-07-02 00:00:00,-0.007964844806103932
2018-07-03 00:00:00,0.011159421985839524
2018-07-04 00:00:00,-0.01716569387770228
2018-07-05 00:00:00,-0.021936704504497917
2018-07-06 00:00:00,-0.0018781489466215273
2018-07-09 00:00:00,0.017250881627467463
2018-07-10 00:00:00,0.0057234937090706595
2018-07-11 00:00:00,-0.026541743492983105
2018-07-12 00:00:00,0.019248931176574224
2018-07-13 00:00:00,0.006740627547503486
2018-07-16 00:00:00,-0.0017222115448624065
2018-07-17 00:00:00,0.0017297543304379825
2018-07-18 00:00:00,-7.731506152508505e-05
2018-07-19 00:00:00,-0.0104181920150056
2018-07-20 00:00:00,0.009049550720692467
2018-07-23 00:00:00,0.008235498161119015
2018-07-24 00:00:00,0.016001945718131072
2018-07-25 00:00:00,0.004264067313217712
2018-07-26 00:00:00,-0.0009570838235478663
2018-07-27 00:00:00,-0.0044812375292178075
2018-07-30 00:00:00,-0.012192973273098429
2018-07-31 00:00:00,-0.0006831580835839901
2018-08-01 00:00:00,-0.0144729842769582
2018-08-02 00:00:00,-0.022918511591858537
2018-08-03 00:00:00,-0.00979058587138193
2018-08-06 00:00:00,-0.012781936896289703
2018-08-07 00:00:00,0.026305579249939814
2018-08-08 00:00:00,-0.012505282482957347
2018-08-09 00:00:00,0.01696891205899509
2018-08-10 00:00:00,0.0002611183822547325
2018-08-13 00:00:00,-0.0001051228838717666
2018-08-14 00:00:00,0.0022646148147955625
2018-08-15 00:00:00,-0.015858174671399272
2018-08-16 00:00:00,-0.013629193750274493
2018-08-17 00:00:00,-0.015273994145435843
2018-08-20 00:00:00,0.004631415480611967
2018-08-21 00:00:00,0.009913599456379263
2018-08-22 00:00:00,-0.009272888269764912
2018-08-23 00:00:00,0.00474847709785009
2018-08-24 00:00:00,-0.003573149879711024
2018-08-27 00:00:00,0.01920755493286541
2018-08-28 00:00:00,-0.0009965670246386837
2018-08-29 00:00:00,-0.00414218022175461
2018-08-30 00:00:00,-0.017328488852366264
2018-08-31 00:00:00,-0.009402680735316804
2018-09-03 00:00:00,-0.0039841043899920825
2018-09-04 00:00:00,0.00774603646783989
2018-09-05 00:00:00,-0.014423588061991177
2018-09-06 00:00:00,-0.003330687176350544
2018-09-07 00:00:00,0.003299116253889789
2018-09-10 00:00:00,-0.013023111126448828
2018-09-11 00:00:00,0.0008028197729641473
2018-09-12 00:00:00,0.00013431537876917865
2018-09-13 00:00:00,0.008465881838706668
2018-09-14 00:00:00,-0.0060722070530725425
2018-09-17 00:00:00,-0.013903694595365335
2018-09-18 00:00:00,0.014688636969402147
2018-09-19 00:00:00,0.010387986375326674
2018-09-20 00:00:00,-0.0005453077083638069
2018-09-21 00:00:00,0.011360258449113703
2018-09-25 00:00:00,-0.00561181953902834
2018-09-26 00:00:00,0.00196725574523704
2018-09-27 00:00:00,-0.017736384138531514
2018-09-28 00:00:00,0.010163861162395982
2018-10-08 00:00:00,-0.025558559394425973
2018-10-09 00:00:00,0.00872204026667256
2018-10-10 00:00:00,0.00238765404995811
2018-10-11 00:00:00,-0.0657593384445534
2018-10-12 00:00:00,-0.006241016977988734
2018-10-15 00:00:00,-0.014508686915122526
2018-10-16 00:00:00,-0.015328294941793996
2018-10-17 00:00:00,0.005592317849165251
2018-10-18 00:00:00,-0.03102627321597673
2018-10-19 00:00:00,0.010983240771757163
2018-10-22 00:00:00,0.03563848590788665
2018-10-23 00:00:00,-0.011983560967998241
2018-10-24 00:00:00,-0.0002319206792222861
2018-10-25 00:00:00,-0.006901346156421462
2018-10-26 00:00:00,0.005947728617336834
2018-10-29 00:00:00,-0.00875876557052091
2018-10-30 00:00:00,0.0093949655245269
2018-10-31 00:00:00,0.012440969183283634
2018-11-01 00:00:00,0.000925125400342397
2018-11-02 00:00:00,0.02031459937308666
2018-11-05 00:00:00,0.006747972099913291
2018-11-06 00:00:00,-0.0020037859966883786
2018-11-07 00:00:00,0.0005456971038573233
2018-11-08 00:00:00,0.0012118052816687541
2018-11-09 00:00:00,0.004276406007685196
2018-11-12 00:00:00,0.02366528239395027
2018-11-13 00:00:00,0.020463433358988814
2018-11-14 00:00:00,-0.003957863943249484
2018-11-15 00:00:00,0.012720562774944266
2018-11-16 00:00:00,0.009011438536574934
2018-11-19 00:00:00,-0.0017366055881302689
2018-11-20 00:00:00,-0.021919646718808528
2018-11-21 00:00:00,0.010775211821049124
2018-11-22 00:00:00,0.0033790349026270317
2018-11-23 00:00:00,-0.04122887440833567
2018-11-26 00:00:00,-0.005902705866355995
2018-11-27 00:00:00,0.006452399834926181
2018-11-28 00:00:00,0.009026573544145267
2018-11-29 00:00:00,-0.021543270564505335
2018-11-30 00:00:00,0.002841180660475784
2018-12-03 00:00:00,0.030814455317167644
2018-12-04 00:00:00,0.009224859185252177
2018-12-05 00:00:00,-0.005623498002091609
2018-12-06 00:00:00,-0.013613467446546346
2018-12-07 00:00:00,0.001553347217885248
2018-12-10 00:00:00,-0.010905531516455347
2018-12-11 00:00:00,0.007491966431750097
2018-12-12 00:00:00,-0.0026720220353622093
2018-12-13 00:00:00,0.0056288750816639865
2018-12-14 00:00:00,-0.021849693785962798
2018-12-17 00:00:00,0.007148944451072836
2018-12-18 00:00:00,-0.004037736061193731
2018-12-19 00:00:00,-0.010762900692079302
2018-12-20 00:00:00,0.004619575027357659
2018-12-21 00:00:00,-0.003838627723208532
2018-12-24 00:00:00,0.007361685703625387
2018-12-25 00:00:00,-0.015139891473147316
2018-12-26 00:00:00,0.002303676370428942
2018-12-27 00:00:00,-0.015498678255455256
2018-12-28 00:00:00,0.0022651842375851494
2019-01-02 00:00:00,-0.0006613769407458614
2019-01-03 00:00:00,-0.0032762356239387502
2019-01-04 00:00:00,0.025370815338672914
2019-01-07 00:00:00,0.02302082172368669
2019-01-08 00:00:00,-0.0026837104171761883
2019-01-09 00:00:00,-0.00012444894621999048
2019-01-10 00:00:00,-0.0010220924887260896
2019-01-11 00:00:00,0.013186389078883698
2019-01-14 00:00:00,-0.005251835582463005
2019-01-15 00:00:00,0.009915774588262316
2019-01-16 00:00:00,-0.0040953176461944185
2019-01-17 00:00:00,-0.008784011124193691
2019-01-18 00:00:00,0.003276054668186701
2019-01-21 00:00:00,0.007148862586598748
2019-01-22 00:00:00,-0.012421773063685082
2019-01-23 00:00:00,0.006816910753634442
2019-01-24 00:00:00,0.0026406501593132514
2019-01-25 00:00:00,-0.008035685712012852
2019-01-28 00:00:00,-0.003758270467075109
2019-01-29 00:00:00,-0.019267008927011164
2019-01-30 00:00:00,-0.011951934630925809
2019-01-31 00:00:00,-0.0125841214238811
2019-02-01 00:00:00,0.026063978213745287
2019-02-11 00:00:00,0.022784140932843533
2019-02-12 00:00:00,0.013744457409994082
2019-02-13 00:00:00,0.01593119986876168
2019-02-14 00:00:00,0.0012897738636306055
2019-02-15 00:00:00,-0.0005154938584599478
2019-02-18 00:00:00,0.02892254636647995
2019-02-19 00:00:00,3.105855641005739e-05
2019-02-20 00:00:00,0.0018880851157956346
2019-02-21 00:00:00,0.0006387413830934996
2019-02-22 00:00:00,0.016676838681540573
2019-02-25 00:00:00,0.04478547071000971
2019-02-26 00:00:00,-0.006521020306516134
2019-02-27 00:00:00,-0.0017492477251388472
2019-02-28 00:00:00,0.007201825355463098
2019-03-01 00:00:00,0.009962228660284733
2019-03-04 00:00:00,0.01643665014290896
2019-03-05 00:00:00,0.025013879660851224
2019-03-06 00:00:00,0.022803097755961677
2019-03-07 00:00:00,0.021647448524452217
2019-03-08 00:00:00,-0.03687034935130051
2019-03-11 00:00:00,0.04284342976987143
2019-03-12 00:00:00,0.018156920689954337
2019-03-13 00:00:00,-0.018704531727632312
2019-03-14 00:00:00,-0.025929906565933414
2019-03-15 00:00:00,0.022342054322613603
2019-03-18 00:00:00,0.024915921864401502
2019-03-19 00:00:00,0.009235595212431003
2019-03-20 00:00:00,0.006959652767748903
2019-03-21 00:00:00,0.016873623409924043
2019-03-22 00:00:00,0.003607307378897806
2019-03-25 00:00:00,-0.013161059121391983
2019-03-26 00:00:00,-0.03065151553446077
2019-03-27 00:00:00,0.008521752714160113
2019-03-28 00:00:00,-0.014810809048970253
2019-03-29 00:00:00,0.019353316175662938
2019-04-01 00:00:00,0.03406101591427668
2019-04-02 00:00:00,0.007078719526832256
2019-04-03 00:00:00,0.008781716860795985
2019-04-04 00:00:00,0.006441512421667461
2019-04-08 00:00:00,0.0010609505455909662
2019-04-09 00:00:00,0.007320645820705574
2019-04-10 00:00:00,-0.0021388125621211174
2019-04-11 00:00:00,-0.02893416345443589
2019-04-12 00:00:00,0.004280473405012364
2019-04-15 00:00:00,-0.005785435114844306
2019-04-16 00:00:00,0.018401750245741866
2019-04-17 00:00:00,0.013307358385150625
2019-04-18 00:00:00,-0.005874531126330851
2019-04-19 00:00:00,0.011736473381263268
2019-04-22 00:00:00,-0.012076136268119209
2019-04-23 00:00:00,-0.019707021407736836
2019-04-24 00:00:00,0.008843491414441296
2019-04-25 00:00:00,-0.04386891103220636
2019-04-26 00:00:00,-0.01890505328878711
2019-04-29 00:00:00,-0.036894187029691605
2019-04-30 00:00:00,0.009695216540527518
2019-05-06 00:00:00,-0.07201791183576889
2019-05-07 00:00:00,0.015882138770748178
2019-05-08 00:00:00,0.0006468095981626565
2019-05-09 00:00:00,-0.0067968342369576495
2019-05-10 00:00:00,0.028454966892768274
2019-05-13 00:00:00,-0.009108663374449821
2019-05-14 00:00:00,-0.00700855554917712
2019-05-15 00:00:00,0.02099657756969031
2019-05-16 00:00:00,0.006986284911209895
2019-05-17 00:00:00,-0.03722670162399644
2019-05-20 00:00:00,-0.0019004162104806488
2019-05-21 00:00:00,0.012538690584197765
2019-05-22 00:00:00,-0.0037246359380459504
2019-05-23 00:00:00,-0.019255046683153032
2019-05-24 00:00:00,-0.009546488153468369
2019-05-27 00:00:00,0.02537164544258297
2019-05-28 00:00:00,0.0012829934988143332
2019-05-29 00:00:00,0.0023117730552317806
2019-05-30 00:00:00,-0.006336044776509175
2019-05-31 00:00:00,-0.00020842143560428905
2019-06-03 00:00:00,-0.014713872560087382
2019-06-04 00:00:00,-0.015578625180693861
2019-06-05 00:00:00,0.002887613196051797
2019-06-06 00:00:00,-0.022802299330926146
2019-06-10 00:00:00,0.011143742436864557
2019-06-11 00:00:00,0.032502677654053125
2019-06-12 00:00:00,-0.0036627560906762335
2019-06-13 00:00:00,0.008040379854113544
2019-06-14 00:00:00,-0.024460719037490475
2019-06-17 00:00:00,0.004279001465444798
2019-06-18 00:00:00,-0.00019158338312952328
2019-06-19 00:00:00,0.014247485875233057
2019-06-20 00:00:00,0.011524467990507326
2019-06-21 00:00:00,0.017131728163410243
2019-06-24 00:00:00,0.0015734363585062638
2019-06-25 00:00:00,-0.009183688355192898
2019-06-26 00:00:00,-0.0026152179035040524
2019-06-27 00:00:00,0.00726797421943659
2019-06-28 00:00:00,-0.009910395296514496
2019-07-01 00:00:00,0.02753710510765872
2019-07-02 00:00:00,0.0009884063215614969
2019-07-03 00:00:00,-0.011227346789470238
2019-07-04 00:00:00,-0.005136194173683384
2019-07-05 00:00:00,0.007022659214972471
2019-07-08 00:00:00,-0.02956396136727768
2019-07-09 00:00:00,0.0015271995511980663
2019-07-10 00:00:00,-0.00582032771931118
2019-07-11 00:00:00,0.00034507851695231295
2019-07-12 00:00:00,0.006235959103516819
2019-07-15 00:00:00,0.009162589986703384
2019-07-16 00:00:00,0.008702590521356468
2019-07-17 00:00:00,-0.0004552654395346689
2019-07-18 00:00:00,-0.017356131712768508
2019-07-19 00:00:00,0.003951353281595127
2019-07-22 00:00:00,-0.02006523826752138
2019-07-23 00:00:00,0.015187977834345112
2019-07-24 00:00:00,0.01195637833154617
2019-07-25 00:00:00,-0.0011194530795762825
2019-07-26 00:00:00,0.0015603817258755814
2019-07-29 00:00:00,0.002074966189237637
2019-07-30 00:00:00,0.0059746580347639355
2019-07-31 00:00:00,-0.007333686227196656
2019-08-01 00:00:00,0.0011148970893402055
2019-08-02 00:00:00,-0.014028729487603253
2019-08-05 00:00:00,-0.011194969682076006
2019-08-06 00:00:00,-0.029199970316789337
2019-08-07 00:00:00,-0.0072731411276892866
2019-08-08 00:00:00,0.006504856116296365
2019-08-09 00:00:00,-0.01169763092485665
2019-08-12 00:00:00,0.014491448565216558
2019-08-13 00:00:00,-0.006297887000183855
2019-08-14 00:00:00,0.007760483722543787
2019-08-15 00:00:00,-0.001290902461919874
2019-08-16 00:00:00,0.004081324253248475
2019-08-19 00:00:00,0.0246145339022934
2019-08-20 00:00:00,0.003815690604052291
2019-08-21 00:00:00,0.0036143896853455537
2019-08-22 00:00:00,0.006431217380965526
2019-08-23 00:00:00,-0.00048045814425889954
2019-08-26 00:00:00,-0.004767111704450766
2019-08-27 00:00:00,0.018534443892251895
2019-08-28 00:00:00,-0.0030446234185135257
2019-08-29 00:00:00,-0.0014735152218181558
2019-08-30 00:00:00,-0.008942969986481364
2019-09-02 00:00:00,0.020653057037070433
2019-09-03 00:00:00,0.004201762314612223
2019-09-04 00:00:00,0.011566667604014258
2019-09-05 00:00:00,0.013918726196006537
2019-09-06 00:00:00,0.00680714271324967
2019-09-09 00:00:00,0.024068882041175632
2019-09-10 00:00:00,0.0017974371995372884
2019-09-11 00:00:00,-0.004660012183767215
2019-09-12 00:00:00,0.0029371872296148904
2019-09-16 00:00:00,0.006657032640344562
2019-09-17 00:00:00,-0.019741053234555772
2019-09-18 00:00:00,-0.0008501796022999386
2019-09-19 00:00:00,0.011135347935451012
2019-09-20 00:00:00,0.0008194328048192201
2019-09-23 00:00:00,-0.005640534057023916
2019-09-24 00:00:00,0.0017989991932789717
2019-09-25 00:00:00,-0.019178789889795267
2019-09-26 00:00:00,-0.023207254458657345
2019-09-27 00:00:00,0.006410506303551777
2019-09-30 00:00:00,-0.010276232529207174
2019-10-08 00:00:00,-0.0016431255974137526
2019-10-09 00:00:00,0.00827726112194771
2019-10-10 00:00:00,0.016872075411752396
2019-10-11 00:00:00,-0.0011274031891888026
2019-10-14 00:00:00,0.014742320371453177
2019-10-15 00:00:00,-0.010397523868510561
2019-10-16 00:00:00,-0.006199468331790858
2019-10-17 00:00:00,-0.0017381330551611285
2019-10-18 00:00:00,-0.012364441630488665
2019-10-21 00:00:00,0.00012772322910903355
2019-10-22 00:00:00,0.010272101861135141
2019-10-23 00:00:00,-0.004403580571155974
2019-10-24 00:00:00,-0.0012753091064627853
2019-10-25 00:00:00,0.004860410306837704
2019-10-28 00:00:00,0.011959656726078682
2019-10-29 00:00:00,-0.0077803634958895085
2019-10-30 00:00:00,-0.006621540787226987
2019-10-31 00:00:00,-0.013401366355985322
2019-11-01 00:00:00,0.009373993584906648
2019-11-04 00:00:00,0.000404473559061147
2019-11-05 00:00:00,0.0015030605978909595
2019-11-06 00:00:00,-0.011156784214197968
2019-11-07 00:00:00,0.005044133697798658
2019-11-08 00:00:00,-0.0024402294058591956
2019-11-11 00:00:00,-0.026459336817000634
2019-11-12 00:00:00,0.0037545304181685335
2019-11-13 00:00:00,-0.005808743353179713
2019-11-14 00:00:00,0.00288228226442655
2019-11-15 00:00:00,-0.01071541834856582
2019-11-18 00:00:00,0.009722001106103662
2019-11-19 00:00:00,0.01590023019288589
2019-11-20 00:00:00,-0.001968983317576223
2019-11-21 00:00:00,-0.003205226708627662
2019-11-22 00:00:00,-0.01079438040108005
2019-11-25 00:00:00,0.0018069610610722542
2019-11-26 00:00:00,-0.0010009078332300358
2019-11-27 00:00:00,-0.002925610261306333
2019-11-28 00:00:00,-0.002953497541016592
2019-11-29 00:00:00,0.002762980543050464
2019-12-02 00:00:00,-0.001039907754825542
2019-12-03 00:00:00,0.008864902811685393
2019-12-04 00:00:00,8.45306082251085e-05
2019-12-05 00:00:00,0.009222777283315997
2019-12-06 00:00:00,0.009700435666619045
2019-12-09 00:00:00,0.0040585564169846045
2019-12-10 00:00:00,0.0033493511157485223
2019-12-11 00:00:00,-5.996365328020392e-05
2019-12-12 00:00:00,0.0033652032474376092
2019-12-13 00:00:00,0.012036861119218978
2019-12-16 00:00:00,0.014743193632633877
2019-12-17 00:00:00,0.010127098672181312
2019-12-18 00:00:00,-0.0013622353731546077
2019-12-19 00:00:00,0.01122507425382091
2019-12-20 00:00:00,-0.0054513008283131326
2019-12-23 00:00:00,-0.016840249385827732
2019-12-24 00:00:00,0.018376581939004044
2019-12-25 00:00:00,-0.0006102828880282241
2019-12-26 00:00:00,0.006739053636225734
2019-12-27 00:00:00,-0.005402630707718958
2019-12-30 00:00:00,0.0021608236967243233
2019-12-31 00:00:00,0.0014503486343959704
2020-01-02 00:00:00,0.01922130954032042
2020-01-03 00:00:00,0.0058002985323530876
2020-01-06 00:00:00,0.007814317292416328
2020-01-07 00:00:00,0.014832209236645522
2020-01-08 00:00:00,-0.011959514748412392
2020-01-09 00:00:00,0.016248303691198007
2020-01-10 00:00:00,-0.0006967491208056398
2020-01-13 00:00:00,0.009423089311766386
2020-01-14 00:00:00,-0.0013525374464457007
2020-01-15 00:00:00,-0.003437106960028302
2020-01-16 00:00:00,-0.005917607544199677
2020-01-17 00:00:00,0.0008648367222907627
2020-01-20 00:00:00,0.006784566901226308
2020-01-21 00:00:00,-0.012901580569378401
2020-01-22 00:00:00,-0.0012567134227666754
2020-01-23 00:00:00,-0.034369941578628604
2020-02-03 00:00:00,-0.08663965057758916
2020-02-04 00:00:00,-0.00989716210795244
2020-02-05 00:00:00,0.02201322911090897
2020-02-06 00:00:00,0.01803278537678854
2020-02-07 00:00:00,0.016468255450174274
2020-02-10 00:00:00,0.013052108646215865
2020-02-11 00:00:00,-0.003817803580460022
2020-02-12 00:00:00,0.01610751297575619
2020-02-13 00:00:00,-0.011866943686761666
2020-02-14 00:00:00,0.0013843743869306202
2020-02-17 00:00:00,0.02912013892985499
2020-02-18 00:00:00,0.012769041939885817
2020-02-19 00:00:00,0.0074115467378781386
2020-02-20 00:00:00,0.015125560336123778
2020-02-21 00:00:00,0.00719670882963519
2020-02-24 00:00:00,0.017008532398434806
2020-02-25 00:00:00,0.0018377804167877265
2020-02-26 00:00:00,-0.0028070106978561604
2020-02-27 00:00:00,-0.0010977483388008302
2020-02-28 00:00:00,-0.049315122127242206
2020-03-02 00:00:00,0.032325470772136766
2020-03-03 00:00:00,0.006512836039436198
2020-03-04 00:00:00,0.007391686709254941
2020-03-05 00:00:00,0.019845754242094893
2020-03-06 00:00:00,-0.002993255310116405
2020-03-09 00:00:00,-0.02129953202738799
2020-03-10 00:00:00,0.018934013957898177
2020-03-11 00:00:00,-0.004723313974561827
2020-03-12 00:00:00,-0.010817184012487768
2020-03-13 00:00:00,-0.006776567409016998
2020-03-16 00:00:00,-0.03537092051239288
2020-03-17 00:00:00,-0.012497641197591891
2020-03-18 00:00:00,-0.01683164248812896
2020-03-19 00:00:00,0.0030990090320783814
2020-03-20 00:00:00,0.011452491393351583
2020-03-23 00:00:00,-0.03036275175310965
2020-03-24 00:00:00,0.01673428215087225
2020-03-25 00:00:00,0.017456588443893084
2020-03-26 00:00:00,-0.008548256037015589
2020-03-27 00:00:00,-0.0036705702510267946
2020-03-30 00:00:00,-0.013455056458381187
2020-03-31 00:00:00,0.001909014208213211
2020-04-01 00:00:00,-0.004728509954292637
2020-04-02 00:00:00,0.013504351975386797
2020-04-03 00:00:00,-0.002031592277895289
2020-04-07 00:00:00,0.020687069031237293
2020-04-08 00:00:00,0.007765645738734728
2020-04-09 00:00:00,0.00596238351965761
2020-04-10 00:00:00,-0.020082537024120772
2020-04-13 00:00:00,-0.005841797732307419
2020-04-14 00:00:00,0.012366684697064478
2020-04-15 00:00:00,-0.009274907002043031
2020-04-16 00:00:00,0.00024068351439754387
2020-04-17 00:00:00,0.001497219660673288
2020-04-20 00:00:00,0.011507400000509538
2020-04-21 00:00:00,-0.004704599247678742
2020-04-22 00:00:00,0.004976166201954513
2020-04-23 00:00:00,-0.0024836731139549206
2020-04-24 00:00:00,-0.016312404203541853
2020-04-27 00:00:00,-0.0032369755586066917
2020-04-28 00:00:00,-0.02371562413788475
2020-04-29 00:00:00,0.0030089895730962546
2020-04-30 00:00:00,0.018761750298759372
2020-05-06 00:00:00,0.01700776156581929
2020-05-07 00:00:00,-0.0021911062979588225
2020-05-08 00:00:00,0.009641646980220298
2020-05-11 00:00:00,0.0007378699476270345
2020-05-12 00:00:00,-0.002532245374124442
2020-05-13 00:00:00,0.002385307990110608
2020-05-14 00:00:00,-0.007610761647547926
2020-05-15 00:00:00,-0.0024302200726188383
2020-05-18 00:00:00,-0.0074762241607514435
2020-05-19 00:00:00,0.0064363356076571066
2020-05-20 00:00:00,-0.010851325034327064
2020-05-21 00:00:00,-0.005455791452283032
2020-05-22 00:00:00,-0.00791485514629331
2020-05-25 00:00:00,-0.007094815631787266
2020-05-26 00:00:00,0.020687577770252208
2020-05-27 00:00:00,0.0017790602684795154
2020-05-28 00:00:00,0.00047696555497500626
2020-05-29 00:00:00,0.005857494063720603
2020-06-01 00:00:00,0.025439037378793383
2020-06-02 00:00:00,0.009595553885523689
2020-06-03 00:00:00,0.0046737846676701
2020-06-04 00:00:00,-0.000602295653212348
2020-06-05 00:00:00,-0.002113161687793297
2020-06-08 00:00:00,0.001698572052730274
2020-06-09 00:00:00,0.0031913392213933633
2020-06-10 00:00:00,-0.004317030332889993
2020-06-11 00:00:00,-0.0028918242045491427
2020-06-12 00:00:00,0.0022903415336974486
2020-06-15 00:00:00,-0.005257274914545418
2020-06-16 00:00:00,0.009247410531726175
2020-06-17 00:00:00,0.0009189377041403102
2020-06-18 00:00:00,0.004912029496221715
2020-06-19 00:00:00,0.001917775296061297
2020-06-22 00:00:00,-0.0039885463498694484
2020-06-23 00:00:00,-0.0013506797291062966
2020-06-24 00:00:00,-0.0020496152696547476
2020-06-29 00:00:00,-0.00236834623318094
2020-06-30 00:00:00,0.010088090449214215
2020-07-01 00:00:00,0.0011988211271947158
2020-07-02 00:00:00,0.011266892438594134
2020-07-03 00:00:00,0.00951014450781007
2020-07-06 00:00:00,0.0366604443288463
2020-07-07 00:00:00,0.0022080733333171843
2020-07-08 00:00:00,0.02424539157127481
2020-07-09 00:00:00,0.01945554285302009
2020-07-10 00:00:00,-0.011674116389694733
2020-07-13 00:00:00,0.034659935313705814
2020-07-14 00:00:00,0.0015533329669810136
2020-07-15 00:00:00,-0.029867649577192124
2020-07-16 00:00:00,-0.04258586687470489
2020-07-17 00:00:00,0.0014455529686674407
2020-07-20 00:00:00,0.037485356875011755
2020-07-21 00:00:00,0.0012306868917466574
2020-07-22 00:00:00,0.005384646368594481
2020-07-23 00:00:00,-0.0026343972995915843
2020-07-24 00:00:00,-0.03559312924332003
2020-07-27 00:00:00,0.004253029108707951
2020-07-28 00:00:00,0.008355861298117606
2020-07-29 00:00:00,0.025477242246582987
2020-07-30 00:00:00,0.0038669786750871182
2020-07-31 00:00:00,0.007721991072766166
2020-08-03 00:00:00,0.03712072477580186
2020-08-04 00:00:00,0.001716234468640554
2020-08-05 00:00:00,0.011987257081513603
2020-08-06 00:00:00,0.0026256520191603183
2020-08-07 00:00:00,-0.010168719792700953
2020-08-10 00:00:00,0.005706305056009331
2020-08-11 00:00:00,-0.01918939762403782
2020-08-12 00:00:00,-0.006935865806057762
2020-08-13 00:00:00,0.01119230782215408
2020-08-14 00:00:00,0.00605058772973055
2020-08-17 00:00:00,0.020384810201043768
2020-08-18 00:00:00,0.008451993738092911
2020-08-19 00:00:00,-0.011340897917324066
2020-08-20 00:00:00,-0.014792799981589777
2020-08-21 00:00:00,0.010673742876111225
2020-08-24 00:00:00,-0.0022878789885819595
2020-08-25 00:00:00,-0.0019063516597208618
2020-08-26 00:00:00,-0.017793828845754645
2020-08-27 00:00:00,0.004369185627232985
2020-08-28 00:00:00,0.0072357832573257674
2020-08-31 00:00:00,0.0020284826405427836
2020-09-01 00:00:00,0.005277671822927932
2020-09-02 00:00:00,0.005422303016756169
2020-09-03 00:00:00,-0.008378294638520467
2020-09-04 00:00:00,0.0016300549792729324
2020-09-07 00:00:00,-0.00615516357773116
2020-09-08 00:00:00,0.006895188089461879
2020-09-09 00:00:00,-0.02016735655870583
2020-09-10 00:00:00,-0.035370469728935316
2020-09-11 00:00:00,0.011554478193226192
2020-09-14 00:00:00,0.014185039319362103
2020-09-15 00:00:00,-0.0018786458621763424
2020-09-16 00:00:00,-0.0009195000974924206
2020-09-17 00:00:00,-0.0006607889924317156
2020-09-18 00:00:00,0.010447275302498671
2020-09-21 00:00:00,-0.0018449449868750412
2020-09-22 00:00:00,-0.020810605371508584
2020-09-23 00:00:00,0.006559736983931863
2020-09-24 00:00:00,-0.023704006629538976
2020-09-25 00:00:00,-0.008442991067782568
2020-09-28 00:00:00,-0.015481979546779767
2020-09-29 00:00:00,0.00515475494851092
2020-09-30 00:00:00,0.0020465166617635866
2020-10-09 00:00:00,0.02347541176835377
2020-10-12 00:00:00,0.023753687060296347
2020-10-13 00:00:00,0.0016650999372451736
2020-10-14 00:00:00,-0.007951352893573072
2020-10-15 00:00:00,-0.004569487787772997
2020-10-16 00:00:00,0.00029249973652345496
2020-10-19 00:00:00,0.002150649346640998
2020-10-20 00:00:00,0.006823957279371573
2020-10-21 00:00:00,-0.011978364791679352
2020-10-22 00:00:00,-0.006684888815079337
2020-10-23 00:00:00,-0.01064667416791798
2020-10-26 00:00:00,-9.61688203509059e-05
2020-10-27 00:00:00,-0.0016160854097559962
2020-10-28 00:00:00,0.0052817740657509216
2020-10-29 00:00:00,-0.004921030567232587
2020-10-30 00:00:00,-0.023074280317213258
2020-11-02 00:00:00,-0.0014560640270810943
2020-11-03 00:00:00,0.01936493964129693
2020-11-04 00:00:00,0.0010142157020940346
2020-11-05 00:00:00,0.014673983832687032
2020-11-06 00:00:00,-0.007854485386079246
2020-11-09 00:00:00,0.018050856134445015
2020-11-10 00:00:00,-0.009383836104099541
2020-11-11 00:00:00,-0.009509274535992152
2020-11-12 00:00:00,-0.0026691314629740948
2020-11-13 00:00:00,0.005294536318430687
2020-11-16 00:00:00,0.014791175333370044
2020-11-17 00:00:00,-0.007166091637596961
2020-11-18 00:00:00,0.010974633423910252
2020-11-19 00:00:00,0.002416657665363253
2020-11-20 00:00:00,0.005707679094307805
2020-11-23 00:00:00,0.0008842441818868174
2020-11-24 00:00:00,-0.0023778122513433697
2020-11-25 00:00:00,-0.011101320625902744
2020-11-26 00:00:00,-0.007764720045999041
2020-11-27 00:00:00,0.00637965823708897
2020-11-30 00:00:00,0.0012691860309452796
2020-12-01 00:00:00,0.004252785458668029
2020-12-02 00:00:00,-0.002523703615763151
2020-12-03 00:00:00,-0.003432086689279412
2020-12-04 00:00:00,0.003947675635334269
2020-12-07 00:00:00,-0.00231799016939771
2020-12-08 00:00:00,-0.0021158061718710153
2020-12-09 00:00:00,-0.013888538778129567
2020-12-10 00:00:00,-0.0018461265822550255
2020-12-11 00:00:00,-0.01256481092434314
2020-12-14 00:00:00,0.006096001726070277
2020-12-15 00:00:00,0.00032196699231179515
2020-12-16 00:00:00,-0.009996482940676454
2020-12-17 00:00:00,0.008277776441367068
2020-12-18 00:00:00,0.004403885784940886
2020-12-21 00:00:00,0.009973929765761724
2020-12-22 00:00:00,-0.015202771514503888
2020-12-23 00:00:00,0.010254723728255977
2020-12-24 00:00:00,-0.007611668621996581
2020-12-25 00:00:00,0.008036220788664394
2020-12-28 00:00:00,-0.0053004612049224464
2020-12-29 00:00:00,-0.011263997626202782
2020-12-30 00:00:00,0.007030582153999099
2020-12-31 00:00:00,0.011793872962448715
2021-01-04 00:00:00,0.01483304435762478
2021-01-05 00:00:00,-0.003448271646088852
2021-01-06 00:00:00,-0.01202422406169168
2021-01-07 00:00:00,-0.018645557784826794
2021-01-08 00:00:00,-0.0005900982466078286
2021-01-11 00:00:00,-0.015978459199083916
2021-01-12 00:00:00,0.008048096535073102
2021-01-13 00:00:00,-0.010880761626865909
2021-01-14 00:00:00,0.006178195407448905
2021-01-15 00:00:00,0.000684989581246187
2021-01-18 00:00:00,0.011485337190378475
2021-01-19 00:00:00,0.005134480770324634
2021-01-20 00:00:00,0.002035110694746045
2021-01-21 00:00:00,-0.0019634057376120007
2021-01-22 00:00:00,-0.008035108999236873
2021-01-25 00:00:00,-0.0076450032308132965
2021-01-26 00:00:00,-0.007994110659294784
2021-01-27 00:00:00,0.0023094327685648786
2021-01-28 00:00:00,-0.008146876349153676
2021-01-29 00:00:00,-0.011306887298826895
2021-02-01 00:00:00,0.012812742002085598
2021-02-02 00:00:00,-0.002916421351232157
2021-02-03 00:00:00,-0.0072364422998735245
2021-02-04 00:00:00,-0.01797716874475286
2021-02-05 00:00:00,-0.008775423054867448
2021-02-08 00:00:00,0.008394595736380017
2021-02-09 00:00:00,0.01135048519198878
2021-02-10 00:00:00,0.006820356927433657
2021-02-18 00:00:00,0.020710312444811363
2021-02-19 00:00:00,0.02533774357756302
2021-02-22 00:00:00,0.013491329969663735
2021-02-23 00:00:00,0.00161623281811063
2021-02-24 00:00:00,-0.0033407379545629112
2021-02-25 00:00:00,-0.0023120609384438273
2021-02-26 00:00:00,-0.00333543402758274
2021-03-01 00:00:00,0.01710345445074757
2021-03-02 00:00:00,-0.009779543211066222
2021-03-03 00:00:00,0.02252341186325557
2021-03-04 00:00:00,-0.0020936403693792016
2021-03-05 00:00:00,0.005150020590173554
2021-03-08 00:00:00,-0.007627571849666115
2021-03-09 00:00:00,-0.02255954937135929
2021-03-10 00:00:00,-0.012912338639468168
2021-03-11 00:00:00,0.018574247515107167
2021-03-12 00:00:00,0.006025916543954457
2021-03-15 00:00:00,0.002084978117643521
2021-03-16 00:00:00,0.011626501684662394
2021-03-17 00:00:00,-0.00024297960126584695
2021-03-18 00:00:00,-0.0005828459348070636
2021-03-19 00:00:00,-0.002006692863293469
2021-03-22 00:00:00,0.015968687632580414
2021-03-23 00:00:00,-0.01227045980642072
2021-03-24 00:00:00,-0.009262590926378489
2021-03-25 00:00:00,-0.0033863807177093586
2021-03-26 00:00:00,0.01306448459898979
2021-03-29 00:00:00,0.00609594368552524
2021-03-30 00:00:00,-0.004806604612875298
2021-03-31 00:00:00,-0.0027663034281913967
2021-04-01 00:00:00,-0.003643261979646706
2021-04-02 00:00:00,-0.002512438927417149
2021-04-06 00:00:00,0.009352119976704376
2021-04-07 00:00:00,0.010061852330825127
2021-04-08 00:00:00,-0.006069274061107466
2021-04-09 00:00:00,-0.0008818347561948547
2021-04-12 00:00:00,-0.009921698034882187
2021-04-13 00:00:00,-0.008423235139925489
2021-04-14 00:00:00,0.009743183393142951
2021-04-15 00:00:00,0.0025743864389908833
2021-04-16 00:00:00,0.015842364993291502
2021-04-19 00:00:00,0.006395966690191157
2021-04-20 00:00:00,-0.0024959680761743597
2021-04-21 00:00:00,-0.003527748545461673
2021-04-22 00:00:00,0.0013536886600267195
2021-04-23 00:00:00,-0.008590476520451862
2021-04-26 00:00:00,-0.007573864259556529
2021-04-27 00:00:00,-0.006141195145777489
2021-04-28 00:00:00,-0.0006531633824841121
2021-04-29 00:00:00,-0.0016909445853947602
2021-04-30 00:00:00,-0.005918345096818323
2021-05-06 00:00:00,0.00984475849749078
2021-05-07 00:00:00,0.0019318233393714745
2021-05-10 00:00:00,0.004317231968284263
2021-05-11 00:00:00,0.006401963068140226
2021-05-12 00:00:00,0.011050295177195801
2021-05-13 00:00:00,-0.0024438823783223818
2021-05-14 00:00:00,0.008077576665404873
2021-05-17 00:00:00,-0.013261032741269774
2021-05-18 00:00:00,0.0032848927079658363
2021-05-19 00:00:00,-0.0025549982602565136
2021-05-20 00:00:00,0.0004303242107626115
2021-05-21 00:00:00,0.006185345382606178
2021-05-24 00:00:00,0.005440251530962614
2021-05-25 00:00:00,0.006894289622123351
2021-05-26 00:00:00,0.005372981365329599
2021-05-27 00:00:00,0.009709914806827147
2021-05-28 00:00:00,0.000321262335029493
2021-05-31 00:00:00,0.012531506885715249
2021-06-01 00:00:00,0.008626603390849308
2021-06-02 00:00:00,-0.004819572265981176
2021-06-03 00:00:00,0.002326499296997131
2021-06-04 00:00:00,-0.0013845232767577542
2021-06-07 00:00:00,0.005414722472341982
2021-06-08 00:00:00,0.002234524738210064
2021-06-09 00:00:00,0.006266897370387214
2021-06-10 00:00:00,0.0068764959176550455
2021-06-11 00:00:00,-0.005095829819421471
2021-06-15 00:00:00,-0.0079387800716616
2021-06-16 00:00:00,-0.0035806353830521997
2021-06-17 00:00:00,0.003680434851601966
2021-06-18 00:00:00,0.007155759991296584
2021-06-21 00:00:00,0.007882352064238596
2021-06-22 00:00:00,0.0029961179777502345
2021-06-23 00:00:00,0.000996657294189962
2021-06-24 00:00:00,0.0002048286937856858
2021-06-25 00:00:00,0.005046195715715962
2021-06-28 00:00:00,0.008662361377418604
2021-06-29 00:00:00,-0.0016528617138672486
2021-06-30 00:00:00,0.008474030895278206
2021-07-01 00:00:00,-0.009319307097709784
2021-07-02 00:00:00,-0.0009412238585586596
2021-07-05 00:00:00,0.008430900441354527
2021-07-06 00:00:00,0.0021050509299838094
2021-07-07 00:00:00,0.005986975243613468
2021-07-08 00:00:00,-0.0031075690597751615
2021-07-09 00:00:00,0.007488047800200848
2021-07-12 00:00:00,0.011631655929173812
2021-07-13 00:00:00,0.004697747831798882
2021-07-14 00:00:00,-0.008217741728265171
2021-07-15 00:00:00,-0.004264812908180371
2021-07-16 00:00:00,0.001849267338178029
2021-07-19 00:00:00,-0.0027208296468391735
2021-07-20 00:00:00,0.0016265148463836532
2021-07-21 00:00:00,0.008811077553903646
2021-07-22 00:00:00,0.0025283177231389953
2021-07-23 00:00:00,0.0005956749138391615
2021-07-26 00:00:00,-0.007005905203754659
2021-07-27 00:00:00,-0.01637402485412187
2021-07-28 00:00:00,-0.01597765620541569
2021-07-29 00:00:00,0.01708246274930425
2021-07-30 00:00:00,0.007119764158649566
2021-08-02 00:00:00,0.013409608275831264
2021-08-03 00:00:00,-0.0012603219160978174
2021-08-04 00:00:00,0.011061110497367466
2021-08-05 00:00:00,-0.001893986342840659
2021-08-06 00:00:00,0.009076909932592692
2021-08-09 00:00:00,0.00802545121179099
2021-08-10 00:00:00,0.01288352658311065
2021-08-11 00:00:00,0.009733011951752468
2021-08-12 00:00:00,0.0038321367640052895
2021-08-13 00:00:00,0.005946103725112728
2021-08-16 00:00:00,0.0014537533842584605
2021-08-17 00:00:00,-0.02015526412253632
2021-08-18 00:00:00,0.006038814267295134
2021-08-19 00:00:00,-0.005673927490743469
2021-08-20 00:00:00,-0.004281769675879565
2021-08-23 00:00:00,0.01576892555991183
2021-08-24 00:00:00,0.00364202648793599
2021-08-25 00:00:00,0.010344628976479253
2021-08-26 00:00:00,-0.0020477069641833268
2021-08-27 00:00:00,0.0012825619218319595
2021-08-30 00:00:00,0.005705132598030627
2021-08-31 00:00:00,0.004290149243795671
2021-09-01 00:00:00,-0.0018419990450909696
2021-09-02 00:00:00,0.00564835085539328
2021-09-03 00:00:00,-0.0002050862942922782
2021-09-06 00:00:00,0.010917467085884036
2021-09-07 00:00:00,0.006883153288401278
2021-09-08 00:00:00,0.0043119956378128155
2021-09-09 00:00:00,0.003322055309315397
2021-09-10 00:00:00,-0.006562778397710023
2021-09-13 00:00:00,0.0011258190670904167
2021-09-14 00:00:00,-0.010647809722244883
2021-09-15 00:00:00,0.011655922986487655
2021-09-16 00:00:00,-0.006700111666695818
2021-09-17 00:00:00,-0.0014311498155940017
2021-09-22 00:00:00,0.002586130781812024
2021-09-23 00:00:00,0.0038864841713202036
2021-09-24 00:00:00,-0.018689920713477415
2021-09-27 00:00:00,-0.025257234119415273
2021-09-28 00:00:00,0.004559006109849051
2021-09-29 00:00:00,-0.02116206470598292
2021-09-30 00:00:00,0.012616504024857145
2021-10-08 00:00:00,0.014898365530881419
2021-10-11 00:00:00,-0.00025414002994661455
2021-10-12 00:00:00,-0.012176678169205757
2021-10-13 00:00:00,-0.003068824771524814
2021-10-14 00:00:00,0.004772408913490622
2021-10-15 00:00:00,-0.0043258365401419585
2021-10-18 00:00:00,0.009677947148630794
2021-10-19 00:00:00,0.0022231896133770856
2021-10-20 00:00:00,-0.0030561678965089767
2021-10-21 00:00:00,-0.0062723367072536895
2021-10-22 00:00:00,-0.011455477233476286
2021-10-25 00:00:00,0.004100737741135729
2021-10-26 00:00:00,-0.0068738909043501994
2021-10-27 00:00:00,-0.02040397171912245
2021-10-28 00:00:00,-0.0227038563868196
2021-10-29 00:00:00,0.016517020419213768
2021-11-01 00:00:00,0.014147258164862064
2021-11-02 00:00:00,-0.014257859734385425
2021-11-03 00:00:00,0.0036851370988042476
2021-11-04 00:00:00,0.011489595522025775
2021-11-05 00:00:00,-0.0009530401553327073
2021-11-08 00:00:00,0.005756831028331355
2021-11-09 00:00:00,0.013895407189831399
2021-11-10 00:00:00,0.008057646557207976
2021-11-11 00:00:00,0.009268765314915717
2021-11-12 00:00:00,0.007947645927604885
2021-11-15 00:00:00,0.00842739925844005
2021-11-16 00:00:00,-0.01059892153754105
2021-11-17 00:00:00,0.012212944996704556
2021-11-18 00:00:00,-0.00789439344068077
2021-11-19 00:00:00,0.009784075458854735
2021-11-22 00:00:00,0.002195072967679401
2021-11-23 00:00:00,0.00905539429971891
2021-11-24 00:00:00,0.0075133100860862445
2021-11-25 00:00:00,-0.0015909600018668701
2021-11-26 00:00:00,-0.002692282562736681
2021-11-29 00:00:00,0.0017549783223054227
2021-11-30 00:00:00,0.006591378225737188
2021-12-01 00:00:00,0.017381129003366302
2021-12-02 00:00:00,-0.008124144898673857
2021-12-03 00:00:00,-0.0002528802123015206
2021-12-06 00:00:00,-0.013452437712386023
2021-12-07 00:00:00,-0.00030899843144016614
2021-12-08 00:00:00,0.008758259628396381
2021-12-09 00:00:00,0.0005639374500530092
2021-12-10 00:00:00,0.005544610913779335
2021-12-13 00:00:00,0.006024789403115349
2021-12-14 00:00:00,0.008115182626980078
2021-12-15 00:00:00,0.0016987253309777017
2021-12-16 00:00:00,0.007863192646519579
2021-12-17 00:00:00,-0.002232557516834044
2021-12-20 00:00:00,-0.005113358050098937
2021-12-21 00:00:00,0.014355515493915671
2021-12-22 00:00:00,0.009548288371854508
2021-12-23 00:00:00,-0.004228316606801896
2021-12-24 00:00:00,-0.013652090088173585
2021-12-27 00:00:00,0.004558358758224079
2021-12-28 00:00:00,7.940591715827061e-05
2021-12-29 00:00:00,0.0037888920280619853
2021-12-30 00:00:00,0.010429484858348825
2021-12-31 00:00:00,0.004014562128878518
2022-01-04 00:00:00,0.012191962485409658
2022-01-05 00:00:00,-0.011625687541749308
2022-01-06 00:00:00,0.00722405347691879
2022-01-07 00:00:00,-0.011599104471453403
2022-01-10 00:00:00,0.005834967076753461
2022-01-11 00:00:00,-0.003929840892310632
2022-01-12 00:00:00,0.008782710886602096
2022-01-13 00:00:00,-0.004911669376933436
2022-01-14 00:00:00,-0.011712651642720284
2022-01-17 00:00:00,0.011877901453101636
2022-01-18 00:00:00,-0.01721456681943523
2022-01-19 00:00:00,0.007953828006308283
2022-01-20 00:00:00,-0.022198403165653247
2022-01-21 00:00:00,-0.007035684703205591
2022-01-24 00:00:00,-0.0043676757719539605
2022-01-25 00:00:00,-0.03113562096369138
2022-01-26 00:00:00,0.006594552930921482
2022-01-27 00:00:00,-0.027430323674309642
2022-01-28 00:00:00,0.012543640835283698
2022-02-07 00:00:00,0.012478841600958468
2022-02-08 00:00:00,0.015393952535130095
2022-02-09 00:00:00,0.007000203783542602
2022-02-10 00:00:00,-0.0015461259353650725
2022-02-11 00:00:00,-0.016145242859241682
2022-02-14 00:00:00,0.002520912080076876
2022-02-15 00:00:00,-0.0009199049897375966
2022-02-16 00:00:00,0.01186991080309907
2022-02-17 00:00:00,-0.004452383476890587
2022-02-18 00:00:00,0.008060029820029069
2022-02-21 00:00:00,0.0105228097465766
2022-02-22 00:00:00,-0.012023371285623252
2022-02-23 00:00:00,0.014239907943119245
2022-02-24 00:00:00,-0.02086536553694729
2022-02-25 00:00:00,0.008658320767326977
2022-02-28 00:00:00,-0.00559089188945594
2022-03-01 00:00:00,0.009585739832268736
2022-03-02 00:00:00,0.004546493842927601
2022-03-03 00:00:00,0.004066222480300086
2022-03-04 00:00:00,-0.012324858789118709
2022-03-07 00:00:00,-0.010883835323005964
2022-03-08 00:00:00,-0.03135157903121011
2022-03-09 00:00:00,-0.015740850767190673
2022-03-10 00:00:00,0.014103130054736956
2022-03-11 00:00:00,0.006471095344287248
2022-03-14 00:00:00,-0.02836855350836609
2022-03-15 00:00:00,-0.05300897820728756
2022-03-16 00:00:00,0.031050566646770417
2022-03-17 00:00:00,0.014423099832659325
2022-03-18 00:00:00,0.019439620809936775
2022-03-21 00:00:00,0.013159645360060201
2022-03-22 00:00:00,0.0018889338738572459
2022-03-23 00:00:00,-0.001424910305449445
2022-03-24 00:00:00,-0.010397270290614324
2022-03-25 00:00:00,-0.001492431170388886
2022-03-28 00:00:00,-0.00014162715445575902
2022-03-29 00:00:00,-0.008536690046331397
2022-03-30 00:00:00,0.011032378013120292
2022-03-31 00:00:00,0.005702129566597991
2022-04-01 00:00:00,-0.004204237541509226
2022-04-06 00:00:00,0.013574500073203044
2022-04-07 00:00:00,-0.017802302501440992
2022-04-08 00:00:00,-0.0037154503329217548
2022-04-11 00:00:00,-0.027794631985185836
2022-04-12 00:00:00,0.01684854937113678
2022-04-13 00:00:00,-0.017611331512163764
2022-04-14 00:00:00,0.007318041684239107
2022-04-15 00:00:00,-0.014519468532843471
2022-04-18 00:00:00,0.004150636901946614
2022-04-19 00:00:00,0.012617115015606029
2022-04-20 00:00:00,-0.005014397620624833
2022-04-21 00:00:00,-0.03222990343521903
2022-04-22 00:00:00,-0.007357746252815267
2022-04-25 00:00:00,-0.07112881138578875
2022-04-26 00:00:00,-0.04005602715437462
2022-04-27 00:00:00,0.015676081482548954
2022-04-28 00:00:00,-0.019542450883014206
2022-04-29 00:00:00,0.043462533040236506
2022-05-05 00:00:00,0.015948643144642283
2022-05-06 00:00:00,-0.009957153690664744
2022-05-09 00:00:00,0.01614886872752086
2022-05-10 00:00:00,0.01605358714070726
2022-05-11 00:00:00,0.0009977236264866463
2022-05-12 00:00:00,0.007118132404937194
2022-05-13 00:00:00,0.007120559315359376
2022-05-16 00:00:00,0.0018084767350319275
2022-05-17 00:00:00,0.0005573696975591513
2022-05-18 00:00:00,0.009408079245149636
2022-05-19 00:00:00,0.011642321758074559
2022-05-20 00:00:00,0.008144492206661802
2022-05-23 00:00:00,0.012687834462489889
2022-05-24 00:00:00,-0.0400234285711738
2022-05-25 00:00:00,0.021057619366700253
2022-05-26 00:00:00,0.005257854446786059
2022-05-27 00:00:00,0.010617762169679246
2022-05-30 00:00:00,0.013082003716501145
2022-05-31 00:00:00,0.00850537195549661
2022-06-01 00:00:00,0.00887223310590013
2022-06-02 00:00:00,0.020410183792670678
2022-06-06 00:00:00,0.014257059340311073
2022-06-07 00:00:00,-0.011218865496277153
2022-06-08 00:00:00,-0.0024939771834605606
2022-06-09 00:00:00,-0.020166452537699775
2022-06-10 00:00:00,0.019608329373352662
2022-06-13 00:00:00,0.0010453880353942235
2022-06-14 00:00:00,-0.0033972694630991507
2022-06-15 00:00:00,-0.0032765948389709143
2022-06-16 00:00:00,0.007928449993351627
2022-06-17 00:00:00,0.004202920968216173
2022-06-20 00:00:00,0.010977707037650442
2022-06-21 00:00:00,-0.004534771301360818
2022-06-22 00:00:00,-0.012744502509650979
2022-06-23 00:00:00,0.020728225375045817
2022-06-24 00:00:00,0.00898560042458807
2022-06-27 00:00:00,0.0012196885740505259
2022-06-28 00:00:00,0.021866866236197824
2022-06-29 00:00:00,-0.02270196194713614
2022-06-30 00:00:00,0.009131012523356796
2022-07-01 00:00:00,-0.007684038858097653
2022-07-04 00:00:00,0.003406291347218149
2022-07-05 00:00:00,-0.013416253502046449
2022-07-06 00:00:00,-0.010214255191630106
2022-07-07 00:00:00,0.012427490344675274
2022-07-08 00:00:00,0.002196459562148867
2022-07-11 00:00:00,-0.0047943005455840515
2022-07-12 00:00:00,-0.014307923818344892
2022-07-13 00:00:00,0.013176658163317478
2022-07-14 00:00:00,0.012328230650339167
2022-07-15 00:00:00,-0.01773354615343803
2022-07-18 00:00:00,0.028798372063986832
2022-07-19 00:00:00,0.011055224510751804
2022-07-20 00:00:00,0.009347755915668277
2022-07-21 00:00:00,-0.005492596295641139
2022-07-22 00:00:00,-0.001481990125350885
2022-07-25 00:00:00,-0.011897563565923086
2022-07-26 00:00:00,0.00936584589430045
2022-07-27 00:00:00,0.012805176203905422
2022-07-28 00:00:00,0.008302579914623465
2022-07-29 00:00:00,-0.0017033078205364038
2022-08-01 00:00:00,0.012970619126391192
2022-08-02 00:00:00,-0.037487004362284804
2022-08-03 00:00:00,-0.0015135098830338922
2022-08-04 00:00:00,0.012841903746947159
2022-08-05 00:00:00,0.01391425041004557
2022-08-08 00:00:00,0.01897484174331332
2022-08-09 00:00:00,0.00836688275848485
2022-08-10 00:00:00,0.005288806352378828
2022-08-11 00:00:00,0.009038186454615404
2022-08-12 00:00:00,-0.003347510837184098
2022-08-15 00:00:00,0.00408488172726762
2022-08-16 00:00:00,0.009264226294756206
2022-08-17 00:00:00,0.003052442554007495
2022-08-18 00:00:00,0.003986033957102952
2022-08-19 00:00:00,-0.01993858271469262
2022-08-22 00:00:00,0.002592867182005465
2022-08-23 00:00:00,0.009607044800467701
2022-08-24 00:00:00,-0.029565407772317864
2022-08-25 00:00:00,-0.004343419778686575
2022-08-26 00:00:00,-0.002743324404730463
2022-08-29 00:00:00,0.012131916330379244
2022-08-30 00:00:00,-0.007928807501413448
2022-08-31 00:00:00,-0.03376405712272912
2022-09-01 00:00:00,-0.0021249449833025125
2022-09-02 00:00:00,0.013257412491846754
2022-09-05 00:00:00,0.00499648368537331
2022-09-06 00:00:00,0.008925893855657563
2022-09-07 00:00:00,0.003945800621260487
2022-09-08 00:00:00,-0.008140617565561059
2022-09-09 00:00:00,-0.005375617334766103
2022-09-13 00:00:00,0.0034519622601425493
2022-09-14 00:00:00,-0.0036381629598445375
2022-09-15 00:00:00,-0.020723890560919278
2022-09-16 00:00:00,-0.01995333301024449
2022-09-19 00:00:00,-0.01326556838751869
2022-09-20 00:00:00,0.014781639615356168
2022-09-21 00:00:00,0.009261382054672085
2022-09-22 00:00:00,-0.006051034846251135
2022-09-23 00:00:00,-0.015732642235832373
2022-09-26 00:00:00,-0.021715985752031264
2022-09-27 00:00:00,0.0262268084972912
2022-09-28 00:00:00,-0.023386923834189166
2022-09-29 00:00:00,-0.004115538806653718
2022-09-30 00:00:00,-0.012529338976731363
2022-10-10 00:00:00,-0.019686996706228532
2022-10-11 00:00:00,0.003663018194677514
2022-10-12 00:00:00,0.030055043395545766
2022-10-13 00:00:00,0.011549508738024405
2022-10-14 00:00:00,0.02156582997738221
2022-10-17 00:00:00,0.0162082259158145
2022-10-18 00:00:00,0.002509359613455553
2022-10-19 00:00:00,-0.006683964697798417
2022-10-20 00:00:00,-0.003148215843919777
2022-10-21 00:00:00,0.003151930562874883
2022-10-24 00:00:00,-0.007933209690452303
2022-10-25 00:00:00,-0.004782661412732647
2022-10-26 00:00:00,0.019970013015682353
2022-10-27 00:00:00,-0.0028895215595204915
2022-10-28 00:00:00,-0.03444499364114684
2022-10-31 00:00:00,0.019699427443792716
2022-11-01 00:00:00,0.02432233277078777
2022-11-02 00:00:00,0.006786276158591065
2022-11-03 00:00:00,0.0065329802391094205
2022-11-04 00:00:00,0.013674115072498827
2022-11-07 00:00:00,0.009158009661623723
2022-11-08 00:00:00,-0.0003021897781110283
2022-11-09 00:00:00,0.003963192157398598
2022-11-10 00:00:00,0.004821218650244763
2022-11-11 00:00:00,0.0006423556787042983
2022-11-14 00:00:00,-0.001178210216159048
2022-11-15 00:00:00,0.01886477621415872
2022-11-16 00:00:00,-0.000962382056312383
2022-11-17 00:00:00,0.00676289969448729
2022-11-18 00:00:00,-0.008439377858768027
2022-11-21 00:00:00,0.004918152375102736
2022-11-22 00:00:00,-0.013078652549300296
2022-11-23 00:00:00,-0.009132758463467394
2022-11-24 00:00:00,0.0031935363714303833
2022-11-25 00:00:00,-0.007089257091241197
2022-11-28 00:00:00,-0.004813387368916011
2022-11-29 00:00:00,0.016986055014148738
2022-11-30 00:00:00,0.0010221115597448538
2022-12-01 00:00:00,0.004494084247608887
2022-12-02 00:00:00,0.01342422801554144
2022-12-05 00:00:00,0.0065390487241301365
2022-12-06 00:00:00,-0.007071715809967016
2022-12-07 00:00:00,-0.0005862224875015087
2022-12-08 00:00:00,-0.002503929904495883
2022-12-09 00:00:00,-0.0044595457242301295
2022-12-12 00:00:00,-0.002455927364481636
2022-12-13 00:00:00,-0.006945436903295188
2022-12-14 00:00:00,-0.006383353801945657
2022-12-15 00:00:00,0.005290448214582133
2022-12-16 00:00:00,-0.013189295180026983
2022-12-19 00:00:00,-0.027991444943056276
2022-12-20 00:00:00,-0.00440067300599889
2022-12-21 00:00:00,-0.009120964090538086
2022-12-22 00:00:00,-0.017168348037034042
2022-12-23 00:00:00,-0.0007762660212078387
2022-12-26 00:00:00,0.015233180979491667
2022-12-27 00:00:00,0.004847602779532112
2022-12-28 00:00:00,-0.015946405789116436
2022-12-29 00:00:00,0.0008561867876848428
2022-12-30 00:00:00,0.009016219949716353
2023-01-03 00:00:00,0.024715408109957204
2023-01-04 00:00:00,0.008083031907523797
2023-01-05 00:00:00,0.0028461966371697844
2023-01-06 00:00:00,-0.002623846663051377
2023-01-09 00:00:00,0.007708933538332685
2023-01-10 00:00:00,0.0006112991607769569
2023-01-11 00:00:00,-0.010012593679908255
2023-01-12 00:00:00,-0.0007173923984983288
2023-01-13 00:00:00,0.002553931695607581
2023-01-16 00:00:00,0.012099536988721349
2023-01-17 00:00:00,-0.0007064107908899553
2023-01-18 00:00:00,0.007069177418938866
2023-01-19 00:00:00,0.0108230837458958
2023-01-20 00:00:00,0.002654571025700214
2023-01-30 00:00:00,0.01706619010842636
2023-01-31 00:00:00,0.005888100155346132
2023-02-01 00:00:00,0.018162640014637077
2023-02-02 00:00:00,0.00510534325818357
2023-02-03 00:00:00,0.005848663233474438
2023-02-06 00:00:00,0.0010453862122461466
2023-02-07 00:00:00,0.005398927486228722
2023-02-08 00:00:00,-0.004525454379899374
2023-02-09 00:00:00,0.013714403169988065
2023-02-10 00:00:00,-0.000403659976842774
2023-02-13 00:00:00,0.011059947238226453
2023-02-14 00:00:00,-0.0010562572921548607
2023-02-15 00:00:00,0.003416492757394529
2023-02-16 00:00:00,-0.022747561596874966
2023-02-17 00:00:00,-0.007413946898487955
2023-02-20 00:00:00,0.014811609149339322
2023-02-21 00:00:00,0.002728030253369207
2023-02-22 00:00:00,0.0054742930955409275
2023-02-23 00:00:00,0.0003707506453782816
2023-02-24 00:00:00,0.0001852332312206606
2023-02-27 00:00:00,-0.01125987801841688
2023-02-28 00:00:00,0.010593816341994744
2023-03-01 00:00:00,0.012984193359016905
2023-03-02 00:00:00,-0.003183616791911481
2023-03-03 00:00:00,0.0007067512455070091
2023-03-06 00:00:00,0.00016648033495636483
2023-03-07 00:00:00,-0.023220474058232354
2023-03-08 00:00:00,0.010947634674482565
2023-03-09 00:00:00,0.0062337489939929824
2023-03-10 00:00:00,-0.010947395574450014
2023-03-13 00:00:00,0.0019808487218977433
2023-03-14 00:00:00,-0.014666956539760023
2023-03-15 00:00:00,0.01102561353575826
2023-03-16 00:00:00,-0.014325861142077678
2023-03-17 00:00:00,0.006760465630912149
2023-03-20 00:00:00,-0.00525309576840205
2023-03-21 00:00:00,0.017459625189637284
2023-03-22 00:00:00,0.00868694677256765
2023-03-23 00:00:00,0.000241539157645132
2023-03-24 00:00:00,0.0015126448686348937
2023-03-27 00:00:00,0.0033826835764356744
2023-03-28 00:00:00,-0.006908345497903312
2023-03-29 00:00:00,-0.006340429975793094
2023-03-30 00:00:00,-0.006359557421485418
2023-03-31 00:00:00,0.009607443992404985
2023-04-03 00:00:00,0.010503389757940074
2023-04-04 00:00:00,-0.007470863906336334
2023-04-06 00:00:00,-0.0028907439381465894
2023-04-07 00:00:00,0.006950427491998479
2023-04-10 00:00:00,-0.016855612801242148
2023-04-11 00:00:00,0.004056316457781595
2023-04-12 00:00:00,0.014205492885421611
2023-04-13 00:00:00,0.00016161185015084456
2023-04-14 00:00:00,0.005424709444341147
2023-04-17 00:00:00,-0.0006856411083457914
2023-04-18 00:00:00,-0.004411474639699486
2023-04-19 00:00:00,-0.0031738074713941744
2023-04-20 00:00:00,-0.001468575446190501
2023-04-21 00:00:00,-0.02545162066861817
2023-04-24 00:00:00,-0.004439987361684161
2023-04-25 00:00:00,-0.010568018384681799
2023-04-26 00:00:00,0.009976004361784474
2023-04-27 00:00:00,0.0017476517052832374
2023-04-28 00:00:00,0.018958228714940795
2023-05-04 00:00:00,-0.0007099079184164081
2023-05-05 00:00:00,-0.004985083585753891
2023-05-08 00:00:00,0.002895103253414355
2023-05-09 00:00:00,-0.014707865978081047
2023-05-10 00:00:00,0.007122698284231843
2023-05-11 00:00:00,0.0108523232534119
2023-05-12 00:00:00,-0.005754872284140844
2023-05-15 00:00:00,0.008945269383167531
2023-05-16 00:00:00,-0.0031960709744089932
2023-05-17 00:00:00,0.008622097531993278
2023-05-18 00:00:00,0.006863237194472127
2023-05-19 00:00:00,0.001756395743893302
2023-05-22 00:00:00,0.003985910667673398
2023-05-23 00:00:00,-0.007394610033038873
2023-05-24 00:00:00,0.0017494520783596368
2023-05-25 00:00:00,-0.002207459414067414
2023-05-26 00:00:00,0.0038126836642105033
2023-05-29 00:00:00,-0.005064809582155272
2023-05-30 00:00:00,0.00400713230391081
2023-05-31 00:00:00,-0.0028117024026664827
2023-06-01 00:00:00,0.01005437016856292
2023-06-02 00:00:00,0.003639158074345561
2023-06-05 00:00:00,0.005504079928119854
2023-06-06 00:00:00,-0.01634866145193392
2023-06-07 00:00:00,0.007471986719645107
2023-06-08 00:00:00,-0.0020314828757785897
2023-06-09 00:00:00,0.002955447545510026
2023-06-12 00:00:00,0.008186728927713993
2023-06-13 00:00:00,0.004407498768812967
2023-06-14 00:00:00,-0.0015049015982067093
2023-06-15 00:00:00,-0.002987116119055999
2023-06-16 00:00:00,0.007081609279725232
2023-06-19 00:00:00,0.0027445760360114146
2023-06-20 00:00:00,-0.0028423793181457935
2023-06-21 00:00:00,-0.006051267487866552
2023-06-26 00:00:00,-0.011716362943990033
2023-06-27 00:00:00,0.016918942996137387
2023-06-28 00:00:00,-0.001497541221018861
2023-06-29 00:00:00,0.00932268272394654
2023-06-30 00:00:00,0.009077434662584816
2023-07-03 00:00:00,0.0012553219475963662
2023-07-04 00:00:00,0.008903612770547076
2023-07-05 00:00:00,-0.0038020645034041456
2023-07-06 00:00:00,0.0009175052127239347
2023-07-07 00:00:00,-0.00609281557453456
2023-07-10 00:00:00,-0.00038400654623382824
2023-07-11 00:00:00,0.006712747399840957
2023-07-12 00:00:00,-0.009252442932398353
2023-07-13 00:00:00,0.007753561741207893
2023-07-14 00:00:00,-0.000586405418973146
2023-07-17 00:00:00,-0.004726170572528998
2023-07-18 00:00:00,-0.00016397473277163233
2023-07-19 00:00:00,-0.0013370856870000836
2023-07-20 00:00:00,-0.008375536515275006
2023-07-21 00:00:00,-0.008342867554467892
2023-07-24 00:00:00,0.0023557311805912917
2023-07-25 00:00:00,0.012844026366616745
2023-07-26 00:00:00,-0.00542847217059661
2023-07-27 00:00:00,-0.0032271968323238642
2023-07-28 00:00:00,0.0032034805357410434
2023-07-31 00:00:00,0.002363620217108675
2023-08-01 00:00:00,-0.002448897001793404
2023-08-02 00:00:00,-0.0004969083543933106
2023-08-03 00:00:00,-0.0041971979544110916
2023-08-04 00:00:00,-0.0010082328202880575
2023-08-07 00:00:00,-0.0054609196445503105
2023-08-08 00:00:00,0.000986549595069608
2023-08-09 00:00:00,-0.008788203419102691
2023-08-10 00:00:00,0.004812381025380397
2023-08-11 00:00:00,-0.010617390061887444
2023-08-14 00:00:00,0.002214741230380346
2023-08-15 00:00:00,-0.005187239728431492
2023-08-16 00:00:00,-0.007453495382178432
2023-08-17 00:00:00,0.012613562490721986
2023-08-18 00:00:00,-0.008887346745094393
2023-08-21 00:00:00,-0.007046852961247407
2023-08-22 00:00:00,-0.0006755113071977847
2023-08-23 00:00:00,-0.012200518689208462
2023-08-24 00:00:00,-0.0008339425833457925
2023-08-25 00:00:00,-0.013988998027952282
2023-08-28 00:00:00,0.005512780340989343
2023-08-29 00:00:00,0.028942791589716688
2023-08-30 00:00:00,0.007021393498269468
2023-08-31 00:00:00,-0.007859836461998726
2023-09-01 00:00:00,-5.014681731940751e-05
2023-09-04 00:00:00,0.007883626088660556
2023-09-05 00:00:00,-0.0029399153355549323
2023-09-06 00:00:00,0.006968389636010208
2023-09-07 00:00:00,-0.010407683197147799
2023-09-08 00:00:00,0.0019670336916239872
2023-09-11 00:00:00,0.0042437440414635486
2023-09-12 00:00:00,-0.0011496900595346915
2023-09-13 00:00:00,-0.0074996006051882835
2023-09-14 00:00:00,-0.005572586149259595
2023-09-15 00:00:00,0.0003780361698209056
2023-09-18 00:00:00,0.006407059601059473
2023-09-19 00:00:00,-0.00724163878723838
2023-09-20 00:00:00,-0.004544606221338676
2023-09-21 00:00:00,-0.004505702873528472
2023-09-22 00:00:00,0.015268379768694995
2023-09-25 00:00:00,-0.0004609893693973133
2023-09-26 00:00:00,-0.0047169254483340195
2023-09-27 00:00:00,0.0012442834061072716
2023-09-28 00:00:00,0.008714070987383638
2023-10-09 00:00:00,-0.0029274120691428207
2023-10-10 00:00:00,0.0004896750238740921
2023-10-11 00:00:00,-0.00047388786052082743
2023-10-12 00:00:00,0.003912128474386822
2023-10-13 00:00:00,-0.003965373837555131
2023-10-16 00:00:00,-0.0020790922175248916
2023-10-17 00:00:00,0.00011686714554537403
2023-10-18 00:00:00,-0.010258045182298114
2023-10-19 00:00:00,-0.0027003742091333827
2023-10-20 00:00:00,-0.005280032956620717
2023-10-23 00:00:00,-0.017439404996102414
2023-10-24 00:00:00,0.018204093593858772
2023-10-25 00:00:00,0.013416165892203846
2023-10-26 00:00:00,-0.0022505685840842338
2023-10-27 00:00:00,0.006346010656021361
2023-10-30 00:00:00,0.007123794939545514
2023-10-31 00:00:00,-0.0025165898050848456
2023-11-01 00:00:00,0.004021088464914779
2023-11-02 00:00:00,-0.006239388770945542
2023-11-03 00:00:00,0.009254448297169038
2023-11-06 00:00:00,0.008542392857085801
2023-11-07 00:00:00,0.0032379489814127194
2023-11-08 00:00:00,0.00025143245957348626
2023-11-09 00:00:00,-0.000205771569263824
2023-11-10 00:00:00,0.0025767417153752525
2023-11-13 00:00:00,0.005363389714760025
2023-11-14 00:00:00,0.0012860720648260049
2023-11-15 00:00:00,0.0032638394727801945
2023-11-16 00:00:00,-0.0014093388144110763
2023-11-17 00:00:00,0.006180606506461128
2023-11-20 00:00:00,0.006335207779521124
2023-11-21 00:00:00,-0.0006150834245441938
2023-11-22 00:00:00,-0.0008493190207676804
2023-11-23 00:00:00,0.008873614833218024
2023-11-24 00:00:00,-0.006755579939817347
2023-11-27 00:00:00,0.0005869016035202623
2023-11-28 00:00:00,0.005813767948299464
2023-11-29 00:00:00,-0.006358339482148145
2023-11-30 00:00:00,-0.004961134508365217
2023-12-01 00:00:00,0.0022311270256745175
2023-12-04 00:00:00,0.0020707603643239647
2023-12-05 00:00:00,-0.008469062325461407
2023-12-06 00:00:00,0.006479202630106151
2023-12-07 00:00:00,-0.0006922812216961782
2023-12-08 00:00:00,-0.010956763041555129
2023-12-11 00:00:00,0.006193448489060449
2023-12-12 00:00:00,0.0047504719107336335
2023-12-13 00:00:00,-0.0010024501296864718
2023-12-14 00:00:00,0.00016391181577635194
2023-12-15 00:00:00,-0.0011891955046675617
2023-12-18 00:00:00,-0.007637997355319004
2023-12-19 00:00:00,0.002237160831831231
2023-12-20 00:00:00,-0.004455897676007625
2023-12-21 00:00:00,0.005003121034003577
2023-12-22 00:00:00,-0.0060122866835139455
2023-12-25 00:00:00,-0.0008984774289496622
2023-12-26 00:00:00,-0.009587469286877481
2023-12-27 00:00:00,0.007412459194742205
2023-12-28 00:00:00,0.008232906381116178
2023-12-29 00:00:00,0.009146022372761742
2024-01-02 00:00:00,0.002961365776181557
2024-01-03 00:00:00,-0.0018092875744346593
2024-01-04 00:00:00,3.484485903548773e-05
2024-01-05 00:00:00,-0.005839190889804335
2024-01-08 00:00:00,-0.006898702016487568
2024-01-09 00:00:00,0.0031313786667170884
2024-01-10 00:00:00,-0.0038057353689674445
2024-01-11 00:00:00,0.005644330732832659
2024-01-12 00:00:00,-0.003029897186871522
2024-01-15 00:00:00,-0.0018346184254273146
2024-01-16 00:00:00,-0.0035427069753711793
2024-01-17 00:00:00,-0.011135075625227642
2024-01-18 00:00:00,-0.007293652949418639
2024-01-19 00:00:00,-0.0063376490636277705
2024-01-22 00:00:00,-0.027165301623299554
2024-01-23 00:00:00,-0.00358257451728472
2024-01-24 00:00:00,0.008826217169507933
2024-01-25 00:00:00,0.018921061703233155
2024-01-26 00:00:00,0.0014127180446510401
2024-01-29 00:00:00,-0.014950026911138337
2024-01-30 00:00:00,-0.01390545048835301
2024-01-31 00:00:00,-0.023961039216796376
2024-02-01 00:00:00,-0.006629325990049728
2024-02-02 00:00:00,-0.018112370342771245
2024-02-05 00:00:00,-0.033401412777486206
2024-02-06 00:00:00,0.002048704568728077
2024-02-07 00:00:00,-0.004489852230124991
2024-02-08 00:00:00,0.01713186663594568
2024-02-19 00:00:00,0.006685040613232385
2024-02-20 00:00:00,0.003325758522418898
2024-02-21 00:00:00,0.003799570868674218
2024-02-22 00:00:00,0.004686474564383314
2024-02-23 00:00:00,0.006704111218423403
2024-02-26 00:00:00,0.003153680768848144
2024-02-27 00:00:00,0.005893053452326935
2024-02-28 00:00:00,-0.018993748312511327
2024-02-29 00:00:00,0.01252426208920654
2024-03-01 00:00:00,0.00166350972267848
2024-03-04 00:00:00,0.00025102502916740654
2024-03-05 00:00:00,-0.004328519375736306
2024-03-06 00:00:00,0.003886002086604723
2024-03-07 00:00:00,-0.002462138833152383
2024-03-08 00:00:00,0.0033286187229029096
2024-03-11 00:00:00,0.005244261489286028
2024-03-12 00:00:00,0.004215221790965451
2024-03-13 00:00:00,-0.00019139001681600654
2024-03-14 00:00:00,-0.0008686628472068803
2024-03-15 00:00:00,0.00381646717279871
2024-03-18 00:00:00,0.006218600595512047
2024-03-19 00:00:00,0.0006055675186640297
2024-03-20 00:00:00,0.001548749794951787
2024-03-21 00:00:00,-0.0002886622521082183
2024-03-22 00:00:00,-0.005383466113669133
2024-03-25 00:00:00,-0.005834016506671702
2024-03-26 00:00:00,0.0001979368156785899
2024-03-27 00:00:00,-0.007972878018421503
2024-03-28 00:00:00,0.007574286157589594
2024-03-29 00:00:00,0.006569269428722935
2024-04-01 00:00:00,0.007873524041437374
2024-04-02 00:00:00,0.0032239665067952394
2024-04-03 00:00:00,-0.0014689065213946417
2024-04-08 00:00:00,-0.005912579576761834
2024-04-09 00:00:00,0.0033563826091482785
2024-04-10 00:00:00,-0.005544885401956301
2024-04-11 00:00:00,0.003927661276512007
2024-04-12 00:00:00,-0.0017627735646080778
2024-04-15 00:00:00,-0.009819998899562643
2024-04-16 00:00:00,-0.017679575551272086
2024-04-17 00:00:00,0.02544862848772711
2024-04-18 00:00:00,-0.00024330658531857008
2024-04-19 00:00:00,-0.0025597721635112203
2024-04-22 00:00:00,-0.0009190938899110712
2024-04-23 00:00:00,0.004744033042382911
2024-04-24 00:00:00,0.010423881021565773
2024-04-25 00:00:00,0.00013874658507484483
2024-04-26 00:00:00,0.00638333143068448
2024-04-29 00:00:00,0.01405863324419765
2024-04-30 00:00:00,-0.0037235043450750682
2024-05-06 00:00:00,0.012893519370011486
2024-05-07 00:00:00,0.007867893119015923
2024-05-08 00:00:00,-0.006004184257833112
2024-05-09 00:00:00,0.008133989443032563
2024-05-10 00:00:00,-0.011898173640700005
2024-05-13 00:00:00,-0.01505809501371047
2024-05-14 00:00:00,0.010383630700149915
2024-05-15 00:00:00,-0.007194174629284955
2024-05-16 00:00:00,0.005578226890756266
2024-05-17 00:00:00,0.010887236190624261
2024-05-20 00:00:00,0.0014580527530354548
2024-05-21 00:00:00,-0.007056444278395468
2024-05-22 00:00:00,0.006884321118507897
2024-05-23 00:00:00,-0.014952346190441057
2024-05-24 00:00:00,-0.01066852249971717
2024-05-27 00:00:00,0.0059353572316851455
2024-05-28 00:00:00,-0.01317234701880321
2024-05-29 00:00:00,0.0007239836152435064
2024-05-30 00:00:00,-0.004221083793935154
2024-05-31 00:00:00,0.014610257698797424
2024-06-03 00:00:00,-0.021092595906139433
2024-06-04 00:00:00,-0.016734881613014285
2024-06-05 00:00:00,-0.016280135556769215
2024-06-06 00:00:00,-0.03922766373953457
2024-06-07 00:00:00,0.02257907467329945
2024-06-11 00:00:00,0.012857779981403805
2024-06-12 00:00:00,0.019109839317991817
2024-06-13 00:00:00,0.004647370174224674
2024-06-14 00:00:00,-0.0020831548917090714
2024-06-17 00:00:00,-0.003343029742558068
2024-06-18 00:00:00,0.020196509963593456
2024-06-19 00:00:00,-0.004277526093653727
2024-06-20 00:00:00,-0.018472583993909164
2024-06-21 00:00:00,-0.009096133141222706
2024-06-24 00:00:00,-0.042742888273778146
2024-06-25 00:00:00,0.001048991267110555
2024-06-26 00:00:00,0.03822447431222442
2024-06-27 00:00:00,-0.018249549833462497
2024-06-28 00:00:00,0.007784563024493041
2024-07-01 00:00:00,0.0023430907030494996
2024-07-02 00:00:00,0.0064129268901464975
2024-07-03 00:00:00,-0.014373992093862475
2024-07-04 00:00:00,-0.030863285083495895
2024-07-05 00:00:00,0.014972849922843645
2024-07-08 00:00:00,-0.02991018232102416
2024-07-09 00:00:00,0.021651209411257755
2024-07-10 00:00:00,-0.008077158888854852
2024-07-11 00:00:00,0.032621260671593655
2024-07-12 00:00:00,-0.007344786319699592
2024-07-15 00:00:00,-0.016364987745366877
2024-07-16 00:00:00,0.0032292397423754338
2024-07-17 00:00:00,-0.01767220865782504
2024-07-18 00:00:00,-0.006164016496313152
2024-07-19 00:00:00,0.013462886567392474
2024-07-22 00:00:00,0.010623702245630806
2024-07-23 00:00:00,-0.016215663835511096
2024-07-24 00:00:00,-0.013081858453321993
2024-07-25 00:00:00,0.004607791324655386
2024-07-26 00:00:00,0.01612908508464006
2024-07-29 00:00:00,0.0045877944709715734
2024-07-30 00:00:00,0.006474907614630432
2024-07-31 00:00:00,0.03347264917525283
2024-08-01 00:00:00,0.0066556592451831875
2024-08-02 00:00:00,-0.013987381759325679
2024-08-05 00:00:00,-0.029204166090526784
2024-08-06 00:00:00,0.02116601859307532
2024-08-07 00:00:00,-0.003915732446891029
2024-08-08 00:00:00,-0.007416176445185885
2024-08-09 00:00:00,-0.009668294835687319
2024-08-12 00:00:00,-0.004683855031767381
2024-08-13 00:00:00,0.009857701748218872
2024-08-14 00:00:00,-0.001309675341979899
2024-08-15 00:00:00,0.011103198415220117
2024-08-16 00:00:00,0.002188795619654682
2024-08-19 00:00:00,-0.008007381404827929
2024-08-20 00:00:00,-0.014877882856776936
2024-08-21 00:00:00,-0.004318288877984577
2024-08-22 00:00:00,-0.02217226252397253
2024-08-23 00:00:00,-0.008242591058655657
2024-08-26 00:00:00,0.010209127900739468
2024-08-27 00:00:00,-0.014767262931165703
2024-08-28 00:00:00,0.0034438957838405226
2024-08-29 00:00:00,0.014093940343542721
2024-08-30 00:00:00,0.02162370993501006
2024-09-02 00:00:00,-0.012110210708331737
2024-09-03 00:00:00,0.010068733034207078
2024-09-04 00:00:00,-0.010191755358951227
2024-09-05 00:00:00,0.009524533934202939
2024-09-06 00:00:00,-0.02378485152627463
2024-09-09 00:00:00,0.003143413487355806
2024-09-10 00:00:00,0.009595659951431301
2024-09-11 00:00:00,-0.009901955057795675
2024-09-12 00:00:00,-0.002063848590152073
2024-09-13 00:00:00,-0.014739675437091204
2024-09-18 00:00:00,-0.010551726174105047
2024-09-19 00:00:00,0.022710646344611174
2024-09-20 00:00:00,0.0003064016093332622
2024-09-23 00:00:00,0.0043570063621463095
2024-09-24 00:00:00,0.030194924178430282
2024-09-25 00:00:00,0.013734489467187583
2024-09-26 00:00:00,0.02649963555696222
2024-09-27 00:00:00,0.05023212276620548
2024-09-30 00:00:00,0.11304446929603018
2024-10-08 00:00:00,0.10147887658074595
2024-10-09 00:00:00,-0.09207681733226747
2024-10-10 00:00:00,-0.0061018377868804485
2024-10-11 00:00:00,-0.03874888102162111
2024-10-14 00:00:00,0.03524302876964325
2024-10-15 00:00:00,-0.010468927170878106
2024-10-16 00:00:00,0.005860005093841547
2024-10-17 00:00:00,2.0461820353423477e-05
2024-10-18 00:00:00,0.03193659148663386
2024-10-21 00:00:00,0.027613857488903326
2024-10-22 00:00:00,0.006508631544134724
2024-10-23 00:00:00,0.0008683358699128618
2024-10-24 00:00:00,-0.0022271312558839185
2024-10-25 00:00:00,0.018954728686853217
2024-10-28 00:00:00,0.03057532813371222
2024-10-29 00:00:00,-0.017210211073160897
2024-10-30 00:00:00,-0.0026605115128868206
2024-10-31 00:00:00,0.015378860937693029
2024-11-01 00:00:00,-0.05237570696920757
2024-11-04 00:00:00,0.02706225174955157
2024-11-05 00:00:00,0.03347390906439873
2024-11-06 00:00:00,0.006328293349133096
2024-11-07 00:00:00,0.026043075499595503
2024-11-08 00:00:00,0.006944997686672227
2024-11-11 00:00:00,0.02799831607051706
2024-11-12 00:00:00,-0.005729135695642373
2024-11-13 00:00:00,0.0036333328563360467
2024-11-14 00:00:00,-0.030787411996928804
2024-11-15 00:00:00,-0.01419912653482136
2024-11-18 00:00:00,-0.041757730819635075
2024-11-19 00:00:00,0.026443592317169973
2024-11-20 00:00:00,0.029985762958838258
2024-11-21 00:00:00,0.005445220451723465
2024-11-22 00:00:00,-0.03250684522131131
2024-11-25 00:00:00,0.02411248822346601
2024-11-26 00:00:00,-0.010244066502941296
2024-11-27 00:00:00,0.01974853126044085
2024-11-28 00:00:00,0.0024308652643700857
2024-11-29 00:00:00,0.01752518776401457
2024-12-02 00:00:00,0.022159064295973918
2024-12-03 00:00:00,0.0022880561116536136
2024-12-04 00:00:00,-0.014732925551827925
2024-12-05 00:00:00,0.019247234710638494
2024-12-06 00:00:00,0.011049405136338342
2024-12-09 00:00:00,-0.001744300527307563
2024-12-10 00:00:00,0.007211908504209497
2024-12-11 00:00:00,0.01784808782563818
2024-12-12 00:00:00,0.011273647741050219
2024-12-13 00:00:00,-0.015823993208604947
2024-12-16 00:00:00,0.0016111910276432884
2024-12-17 00:00:00,-0.04714514898431177
2024-12-18 00:00:00,0.01039608887360699
2024-12-19 00:00:00,0.00469805803370571
2024-12-20 00:00:00,0.016054629071576176
2024-12-23 00:00:00,-0.05816932006197495
2024-12-24 00:00:00,0.004369179647632837
2024-12-25 00:00:00,-0.02902537720054643
2024-12-26 00:00:00,0.013689528390927741
2024-12-27 00:00:00,0.00582786645384048
2024-12-30 00:00:00,-0.013866660270363762
2024-12-31 00:00:00,-0.029687647436288822
2025-01-02 00:00:00,-0.013704871295112109
2025-01-03 00:00:00,-0.049258552510998976
2025-01-06 00:00:00,-0.0028458884228173
2025-01-07 00:00:00,0.03350167219751943
2025-01-08 00:00:00,0.0027463876894431305
2025-01-09 00:00:00,0.0032151692166597634
2025-01-10 00:00:00,-0.03486154142825104
2025-01-13 00:00:00,0.0027816293201909925
2025-01-14 00:00:00,0.05214385809122146
2025-01-15 00:00:00,-0.004461016362758863
2025-01-16 00:00:00,0.0063288393747760185
2025-01-17 00:00:00,-0.00048715069730143057
2025-01-20 00:00:00,0.010786717690743908
2025-01-21 00:00:00,-0.0009702908120821085
2025-01-22 00:00:00,-0.011719954383375808
2025-01-23 00:00:00,-0.0026334776848102592
2025-01-24 00:00:00,0.01945844918256623
2025-01-27 00:00:00,-0.010548719000581186
2025-02-05 00:00:00,0.027568419773603914
2025-02-06 00:00:00,0.023367519529637892
2025-02-07 00:00:00,0.014172597034150858
2025-02-10 00:00:00,0.02698846774295771
2025-02-11 00:00:00,-0.0017745652953490287
2025-02-12 00:00:00,0.014273810399688225
2025-02-13 00:00:00,-0.00802815098141385
2025-02-14 00:00:00,0.008260508831115176
2025-02-17 00:00:00,0.019561888765738278
2025-02-18 00:00:00,-0.021190599632794127
2025-02-19 00:00:00,0.019020910723788198
2025-02-20 00:00:00,0.010526525919287488
2025-02-21 00:00:00,0.008262769972551931
2025-02-24 00:00:00,0.00416914902401766
2025-02-25 00:00:00,0.0024206765155863064
2025-02-26 00:00:00,0.015475379978291626
2025-02-27 00:00:00,-0.0015646256114494328
2025-02-28 00:00:00,-0.03198818822089444
2025-03-03 00:00:00,0.000628695807212365
2025-03-04 00:00:00,0.017738728500255263
2025-03-05 00:00:00,-0.0003545938328121112
2025-03-06 00:00:00,0.013105717678512097
2025-03-07 00:00:00,-0.006247202408991792
2025-03-10 00:00:00,0.0067043953144936275
2025-03-11 00:00:00,0.003534562825114884
2025-03-12 00:00:00,0.005102887116670063
2025-03-13 00:00:00,-0.010831631024603716
2025-03-14 00:00:00,0.012152270707350254
2025-03-17 00:00:00,0.004184299237754541
2025-03-18 00:00:00,0.0023545232419353024
2025-03-19 00:00:00,-0.003705757590522163
2025-03-20 00:00:00,0.000987401450046832
2025-03-21 00:00:00,-0.016715856313199162
2025-03-24 00:00:00,-0.0253216250470365
2025-03-25 00:00:00,-0.0038532605742419568
2025-03-26 00:00:00,0.010499762243603383
2025-03-27 00:00:00,-0.0075996391382827655
2025-03-28 00:00:00,-0.011992597256915705
2025-03-31 00:00:00,-0.00676308554203231
2025-04-01 00:00:00,0.008857152092961007
2025-04-02 00:00:00,-0.0001425609272147632
2025-04-03 00:00:00,-0.005903093434019069
2025-04-07 00:00:00,-0.11067762632405664
2025-04-08 00:00:00,-0.0011843368996060644
2025-04-09 00:00:00,0.02189114628135047
2025-04-10 00:00:00,0.02137361792025616
2025-04-11 00:00:00,0.007442661265550488
2025-04-14 00:00:00,0.015335629778857829
2025-04-15 00:00:00,0.0021000793263568074
2025-04-16 00:00:00,-0.01270818376393934
2025-04-17 00:00:00,0.007549252379447369
2025-04-18 00:00:00,0.0018331654325021152
2025-04-21 00:00:00,0.014590534206611938
2025-04-22 00:00:00,0.0034096604304709732
2025-04-23 00:00:00,0.007250685676852164
2025-04-24 00:00:00,-0.005777250422246527
2025-04-25 00:00:00,0.0008049824527820437
2025-04-28 00:00:00,-0.008836111889183873
2025-04-29 00:00:00,0.011297359560925369
2025-04-30 00:00:00,0.009898704579594408
2025-05-06 00:00:00,0.022852993812837674
2025-05-07 00:00:00,0.004629155378230276
2025-05-08 00:00:00,0.01475629184698879
2025-05-09 00:00:00,-0.010478222850603514
2025-05-12 00:00:00,0.012403474427940209
2025-05-13 00:00:00,-0.002437510174551072
2025-05-14 00:00:00,-0.0016603312879363008
2025-05-15 00:00:00,-0.0024930217148799727
2025-05-16 00:00:00,0.004001436046439988
2025-05-19 00:00:00,0.007505515703229548
2025-05-20 00:00:00,0.011325014461352145
2025-05-21 00:00:00,-0.005540998930892438
2025-05-22 00:00:00,-0.008060216881686899
2025-05-23 00:00:00,-0.006965208381122467
2025-05-26 00:00:00,0.011292528843808158
2025-05-27 00:00:00,0.001222457507310537
2025-05-28 00:00:00,-0.004786632715749417
2025-05-29 00:00:00,0.014114328897899542
2025-05-30 00:00:00,-0.012554144192474137
2025-06-03 00:00:00,0.007262485036143129
2025-06-04 00:00:00,0.008894918249076289
2025-06-05 00:00:00,0.0018018007169640082
2025-06-06 00:00:00,0.0007359758060241361
2025-06-09 00:00:00,0.010700662461716748
2025-06-10 00:00:00,-0.006644202160488555
2025-06-11 00:00:00,0.005494463344534628
2025-06-12 00:00:00,0.0032201580597599477
2025-06-13 00:00:00,-0.016521818781992548
2025-06-16 00:00:00,0.010374032322604698
2025-06-17 00:00:00,0.0015324964070286828
2025-06-18 00:00:00,0.0007656448101236446
2025-06-19 00:00:00,-0.010262433624132261
2025-06-20 00:00:00,-0.005230472928905439
2025-06-23 00:00:00,0.015559259245754964
2025-06-24 00:00:00,0.01727059715380408
2025-06-25 00:00:00,0.005345010482392665
2025-06-26 00:00:00,0.0019606214821583645
2025-06-27 00:00:00,0.00890706220665649
2025-06-30 00:00:00,0.015565356253897322
2025-07-01 00:00:00,0.0011151310951291737
2025-07-02 00:00:00,-0.0034224825480784205
2025-07-03 00:00:00,0.006539317851113724
2025-07-04 00:00:00,-0.011883538371915248
2025-07-07 00:00:00,0.004935895934035539
2025-07-08 00:00:00,0.007608776563816644
2025-07-09 00:00:00,-0.0004775722565135698
2025-07-10 00:00:00,0.0005491280368792317
2025-07-11 00:00:00,-0.0003447401414787832
2025-07-14 00:00:00,0.005332164690189378
2025-07-15 00:00:00,-0.006197901380914805
2025-07-16 00:00:00,0.002175650858712297
2025-07-17 00:00:00,0.005535571078040924
2025-07-18 00:00:00,0.0015078851778593805
2025-07-21 00:00:00,0.006377643010945455
2025-07-22 00:00:00,0.0023679311900497435
2025-07-23 00:00:00,-0.006993933848118528
2025-07-24 00:00:00,0.006853918361409139
2025-07-25 00:00:00,0.0042509088311930565
2025-07-28 00:00:00,0.008239778972248812
2025-07-29 00:00:00,-0.002057861458374166
2025-07-30 00:00:00,-0.0036382074224839966
2025-07-31 00:00:00,-0.004063786294686289
2025-08-01 00:00:00,0.01043160342881655
2025-08-04 00:00:00,0.014062332593456572
2025-08-05 00:00:00,0.01075908388639446
2025-08-06 00:00:00,0.007099517100637831
2025-08-07 00:00:00,0.0004575501163441853
2025-08-08 00:00:00,-0.0005914616638799108
2025-08-11 00:00:00,0.013637277520258007
2025-08-12 00:00:00,-0.001233421808469748
2025-08-13 00:00:00,0.002463304240723163
2025-08-14 00:00:00,-0.017439262085845342
2025-08-15 00:00:00,0.010071110960911511
2025-08-18 00:00:00,0.010505571682953851
2025-08-19 00:00:00,0.0030586115329334085
2025-08-20 00:00:00,0.00674559443258671
2025-08-21 00:00:00,-0.0010329831768508546
2025-08-22 00:00:00,0.0013766786569837652
2025-08-25 00:00:00,0.004398535683984184
2025-08-26 00:00:00,0.0036866613061248277
2025-08-27 00:00:00,-0.020550710085639134
2025-08-28 00:00:00,0.00199170567751894
2025-08-29 00:00:00,-0.006686782851703765
2025-09-01 00:00:00,0.007296779635865613
2025-09-02 00:00:00,-0.011439230855088689
2025-09-03 00:00:00,-0.012241587209464333
2025-09-04 00:00:00,-0.0036687359983987866
2025-09-05 00:00:00,0.015134774727439515
2025-09-08 00:00:00,0.009748968663555235
2025-09-09 00:00:00,-0.0013229452575533873
2025-09-10 00:00:00,0.002505953763150881
2025-09-11 00:00:00,0.010827758176114699
2025-09-12 00:00:00,0.0004639413843410267
2025-09-15 00:00:00,-0.00138188781779236
2025-09-16 00:00:00,0.008081582077100968
2025-09-17 00:00:00,6.926984006105918e-05
2025-09-18 00:00:00,-0.00969449016940438
2025-09-19 00:00:00,-0.001284757772775813
2025-09-22 00:00:00,0.0034709275161930453
2025-09-23 00:00:00,-0.006339928168235698
2025-09-24 00:00:00,0.012768733282424893
2025-09-25 00:00:00,-0.004326502814632316
2025-09-26 00:00:00,-0.004791459024887423
2025-09-29 00:00:00,0.0037491707026535703
2025-09-30 00:00:00,0.0017837449249875625
2025-10-09 00:00:00,0.0012680531991320354
2025-10-10 00:00:00,-0.001350932099102642
2025-10-13 00:00:00,-0.0024443408604167827
2025-10-14 00:00:00,-0.007247239749759493
2025-10-15 00:00:00,0.008864763658119612
2025-10-16 00:00:00,-0.007343875028545166
2025-10-17 00:00:00,-0.013023828528657133
2025-10-20 00:00:00,0.007506962092219904
2025-10-21 00:00:00,0.010932086645172312
2025-10-22 00:00:00,-0.002382746103004152
2025-10-23 00:00:00,0.00335439896786216
2025-10-24 00:00:00,0.003679069844772176
2025-10-27 00:00:00,0.003652680230982641
2025-10-28 00:00:00,0.0027826583562780005
2025-10-29 00:00:00,-0.0023799859983963945
2025-10-30 00:00:00,-0.004843465428153282
2025-10-31 00:00:00,0.007749803391319032
2025-11-03 00:00:00,0.006875163749565649
2025-11-04 00:00:00,0.0018283224210806637
2025-11-05 00:00:00,0.0024181807407854805
2025-11-06 00:00:00,-0.000553219829602547
2025-11-07 00:00:00,-0.0013199626954233379
2025-11-10 00:00:00,0.003967944796177125
2025-11-11 00:00:00,0.0009872921066789164
2025-11-12 00:00:00,-0.0022019452545652962
2025-11-13 00:00:00,0.00567015795129544
2025-11-14 00:00:00,-0.00013470466365306244
2025-11-17 00:00:00,0.004679718574315261
2025-11-18 00:00:00,-0.0030216090752798186
2025-11-19 00:00:00,-0.0061713574327127985
2025-11-20 00:00:00,-0.003360420224018834
2025-11-21 00:00:00,-0.019183565736275
2025-11-24 00:00:00,0.012662343288422306
2025-11-25 00:00:00,0.007537859502513733
2025-11-26 00:00:00,-0.0036586360211684488
2025-11-27 00:00:00,0.0012747778853345881
2025-11-28 00:00:00,0.005462469818595217
2025-12-01 00:00:00,0.004379004899600858
2025-12-02 00:00:00,-0.00420492761063318
2025-12-03 00:00:00,-0.007760045762292278
2025-12-04 00:00:00,-0.005206365346918429
2025-12-05 00:00:00,0.007389459397940001
2025-12-08 00:00:00,0.006480741151559277
2025-12-09 00:00:00,-0.005405299826427901
2025-12-10 00:00:00,-0.002232315098556925
2025-12-11 00:00:00,-0.009464719577903291
2025-12-12 00:00:00,0.00017436575436469148
2025-12-15 00:00:00,0.0015801224668776648
2025-12-16 00:00:00,-0.0087325106629067
2025-12-17 00:00:00,0.0011217703857444583
2025-12-18 00:00:00,0.0031196740824694924
2025-12-19 00:00:00,0.008017507943743896
2025-12-22 00:00:00,-0.0008724592428431821
2025-12-23 00:00:00,-0.0029626454001470126
2025-12-24 00:00:00,0.005884843215730795
2025-12-25 00:00:00,0.006713443997373503
2025-12-26 00:00:00,-0.0013737570628264972
2025-12-29 00:00:00,-0.0016750294639081842
2025-12-30 00:00:00,-0.0030794588025889746
2025-12-31 00:00:00,0.00310927494381974
2026-01-05 00:00:00,0.007112299930347454
2026-01-06 00:00:00,0.004233761288749527
2026-01-07 00:00:00,0.004550302084753266
2026-01-08 00:00:00,0.010115037603407151
2026-01-09 00:00:00,0.006344445488636996
2026-01-12 00:00:00,0.012638094156100621
2026-01-13 00:00:00,-0.008387750926479254
2026-01-14 00:00:00,0.004847769716044059
2026-01-15 00:00:00,-0.0024271117254304198
2026-01-16 00:00:00,0.0003730365480896225
2026-01-19 00:00:00,0.0036719953856463317
2026-01-20 00:00:00,-0.002990413466933295
2026-01-21 00:00:00,0.0034216018648078883
2026-01-22 00:00:00,0.0060857560425189305
2026-01-23 00:00:00,0.006986373302523274
2026-01-26 00:00:00,-0.006230258314514625
2026-01-27 00:00:00,-0.0031512290833256573
2026-01-28 00:00:00,-0.007115842506919989
2026-01-29 00:00:00,-0.003848992210957025
2026-01-30 00:00:00,0.0021708960563449065
2026-02-02 00:00:00,-0.008351789849427305
2026-02-03 00:00:00,0.009622666239722744
2026-02-04 00:00:00,0.0017052997259945357
2026-02-05 00:00:00,-0.0023516964861770573
2026-02-06 00:00:00,0.0005649014077464543
2026-02-09 00:00:00,0.008591875352052192
2026-02-10 00:00:00,0.0019153033609375925
2026-02-11 00:00:00,-0.004112114654857724
2026-02-12 00:00:00,-0.0011352960284569669
2026-02-13 00:00:00,-0.0012248254952567095
2026-02-24 00:00:00,0.006652987340505456
2026-02-25 00:00:00,0.0026465065525806963
2026-02-26 00:00:00,0.0019154848627687127
2026-02-27 00:00:00,0.0007537588635162518
2026-03-02 00:00:00,-0.01309792870601234
2026-03-03 00:00:00,-0.015120147867652034
2026-03-04 00:00:00,-0.00020685348803750614
2026-03-05 00:00:00,0.007821705779826882
2026-03-06 00:00:00,0.008162309348168861
2026-03-09 00:00:00,-0.00032891971626491934
2026-03-10 00:00:00,0.0114641711351251
2026-03-11 00:00:00,-0.002773945719747095
2026-03-12 00:00:00,-0.004870646019420111
2026-03-13 00:00:00,-0.0033403765785200434
2026-03-16 00:00:00,0.0005498582766265692
2026-03-17 00:00:00,-0.010317476315361729
2026-03-18 00:00:00,0.007072978631185833
2026-03-19 00:00:00,-0.009735903085274833
2026-03-20 00:00:00,-0.014732272518836353
2026-03-23 00:00:00,-0.02687496299705705
2026-03-24 00:00:00,0.019916639637172384
2026-03-25 00:00:00,0.010497043837226716
2026-03-26 00:00:00,-0.006275600679664928
2026-03-27 00:00:00,0.005211301944241686
2026-03-30 00:00:00,0.0006061485689972113
2026-03-31 00:00:00,-0.0058542719381322605
2026-04-01 00:00:00,0.005837437603568363
2026-04-02 00:00:00,-0.008208706542063404
2026-04-03 00:00:00,-0.011783981574337021
2026-04-07 00:00:00,0.008444862392603003
2026-04-08 00:00:00,0.020115275505526053
2026-04-09 00:00:00,-0.0058049467468809235
2026-04-10 00:00:00,0.004119578509998778
2026-04-13 00:00:00,0.001671934984086798
2026-04-14 00:00:00,0.008027509356468565
2026-04-15 00:00:00,-0.0043622165455233786
2026-04-16 00:00:00,0.0077967997318602045
2026-04-17 00:00:00,0.0005694174559216503
2026-04-20 00:00:00,0.0036091805397766574
2026-04-21 00:00:00,0.0007682905938330986
2026-04-22 00:00:00,-5.208934918110586e-05
2026-04-23 00:00:00,-0.005789833513885068
2026-04-24 00:00:00,6.26103986929305e-05
2026-04-27 00:00:00,0.00695996788922959
2026-04-28 00:00:00,-0.002986677791137038
2026-04-29 00:00:00,0.00632102657994249
2026-04-30 00:00:00,0.00388504973934789
2026-05-06 00:00:00,0.00458816098108894
2026-05-07 00:00:00,0.0049357580983420135
2026-05-08 00:00:00,0.00490757643083084
2026-05-11 00:00:00,0.003971603060904716
2026-05-12 00:00:00,-0.0035724165342658765
2026-05-13 00:00:00,0.004479172015944943
2026-05-14 00:00:00,-0.0029307854557784063
2026-05-15 00:00:00,-0.002604509397565402
2026-05-18 00:00:00,0.00028924680912578715
2026-05-19 00:00:00,0.004246135374107007
2026-05-20 00:00:00,-0.0020922530359294145
2026-05-21 00:00:00,-0.012503412864003582
2026-05-22 00:00:00,0.012231290738633271
2026-05-25 00:00:00,-0.000562263839859134
2026-05-26 00:00:00,-0.008466124907059003
2026-05-27 00:00:00,-0.0061285860948364634
2026-05-28 00:00:00,0.004225398547343051
2026-05-29 00:00:00,-0.010360866068899854
2026-06-01 00:00:00,0.004700642824439605
2026-06-02 00:00:00,-0.0030340991142538964
2026-06-03 00:00:00,-0.0011992151006434693
2026-06-04 00:00:00,-0.0034189064030383243
2026-06-05 00:00:00,0.005194462004260103
2026-06-08 00:00:00,-0.008693258126494796
2026-06-09 00:00:00,0.005149170815709647
2026-06-10 00:00:00,-0.006549152928514879
2026-06-11 00:00:00,-0.004387992936830676
2026-06-12 00:00:00,0.002732299312226294
2026-06-15 00:00:00,0.006669742451960392
2026-06-16 00:00:00,0.002457573889309117
2026-06-17 00:00:00,-0.0043316091758435205
2026-06-18 00:00:00,-0.001372166261655594
2026-06-22 00:00:00,-4.313280031176259e-05
2026-06-23 00:00:00,0.004552038934392932
2026-06-24 00:00:00,-0.006247629835966051
2026-06-25 00:00:00,-0.005547460577258967
2026-06-26 00:00:00,-0.008824515469852856
2026-06-29 00:00:00,-0.00042385184397064624
2026-06-30 00:00:00,0.005911814643353885
2026-07-01 00:00:00,0.004590367648476201
2026-07-02 00:00:00,-0.0008563420532184951
2026-07-03 00:00:00,0.0044259578934993105
2026-07-06 00:00:00,-0.0029582866117128237
2026-07-07 00:00:00,-0.007394569491915415
2026-07-08 00:00:00,-0.003648525621662846
2026-07-09 00:00:00,0.0020015174046834616
2026-07-10 00:00:00,0.003834447787470996
2026-07-13 00:00:00,-0.01073777381184271
2026-07-14 00:00:00,0.00678522425317607
2026-07-15 00:00:00,0.0012865703583571086
2026-07-16 00:00:00,-0.0013457464839893296
2026-07-17 00:00:00,-0.014093609179204769
2026-07-20 00:00:00,-0.007096486839098137
2026-07-21 00:00:00,0.000490125940076469
2026-07-22 00:00:00,-0.0022800052091365153
2026-07-23 00:00:00,0.005003540218078362
2026-07-24 00:00:00,-0.00460742577303952
2026-07-27 00:00:00,0.007557002885786979
2026-07-28 00:00:00,8.592915770333498e-05
2026-07-29 00:00:00,0.004068655001673305
2026-07-30 00:00:00,-0.0028687495432073717
2026-07-31 00:00:00,0.006783446484126321
2026-08-03 00:00:00,0.004257498189440101
2026-08-04 00:00:00,0.004337922396444149
2026-08-05 00:00:00,0.0029850111491425135
2026-08-06 00:00:00,0.0028661409070855903
2026-08-07 00:00:00,0.0013875579123949766
2026-08-10 00:00:00,0.004868673499426768
2026-08-11 00:00:00,-0.001282262358363484
2026-08-12 00:00:00,0.00379595045860337
2026-08-13 00:00:00,-0.003016897319057188
2026-08-14 00:00:00,0.0018423525025759169
2026-08-17 00:00:00,0.004365314406068688
2026-08-18 00:00:00,-0.002156418138875793
2026-08-19 00:00:00,-0.009627007154534906
2026-08-20 00:00:00,0.006564718936864944
2026-08-21 00:00:00,-0.0002504021108641341
2026-08-24 00:00:00,-0.003578334598977051
2026-08-25 00:00:00,0.005130951859938726
2026-08-26 00:00:00,-0.0009183958038779805
2026-08-27 00:00:00,0.001818799084648104
2026-08-28 00:00:00,0.0016963069058324454
2026-08-31 00:00:00,0.004341281171674538
2026-09-01 00:00:00,0.002857492654384508
2026-09-02 00:00:00,-0.0015489197314141334
2026-09-03 00:00:00,-0.002593504162860083
2026-09-04 00:00:00,-0.001823650240889485
2026-09-07 00:00:00,0.002338671319073171
2026-09-08 00:00:00,0.002355811451547396
2026-09-09 00:00:00,-0.0003448007126463093
2026-09-10 00:00:00,-0.0029445529763435507
2026-09-11 00:00:00,-0.005558731196080524
2026-09-14 00:00:00,0.0039137638403805575
2026-09-15 00:00:00,-0.004088393609395613
2026-09-16 00:00:00,0.007864289572964145
2026-09-17 00:00:00,0.003957878261540815
2026-09-18 00:00:00,0.00285991832404342
